0.000530039 0.000339418 0.000213751 3.82631e-05 -1
0.000917792 0.000250869 3.96162e-05 3.9655e-05 -1
-0.000830622 0.00086988 0.000107523 3.87204e-05 -1
0.000267084 0.000787274 0.000198842 3.74876e-05 -1
-0.000449086 0.000469864 9.69128e-05 3.76719e-05 -1
-0.000212117 0.000246851 0.000185964 3.73821e-05 -1
-0.00042241 0.000154884 0.000511371 3.76288e-05 -1
0.00118197 0.000741676 3.88147e-05 3.88769e-05 -1
-0.000196571 0.000304328 0.000522457 3.86763e-05 -1
-0.00077705 -0.000213988 0.000296312 3.69935e-05 -1
-0.00141536 -0.000746082 3.54251e-05 3.54672e-05 -1
0.00132239 0.000106157 3.61295e-05 3.61883e-05 -1
0.000109613 -0.000997864 0.000134801 3.79152e-05 -1
-0.00129963 0.00096781 3.54256e-05 3.54696e-05 -1
3.29573e-05 0.000174774 0.000472918 3.52518e-05 -1
-9.41421e-05 -0.000277126 0.000363967 3.76978e-05 -1
0.000819982 0.000868363 0.000228198 3.84951e-05 -1
-0.000114009 -0.00110956 0.000139847 3.67364e-05 -1
-0.000413644 -0.000787796 0.000342376 3.68684e-05 -1
-0.00121281 -0.000566613 0.000139418 3.86463e-05 -1
7.03221e-05 -0.000308523 0.000519623 3.87481e-05 -1
0.000186062 0.000979893 0.000114237 3.7085e-05 -1
0.000573032 0.000243133 0.000400678 3.80327e-05 -1
0.000300749 0.0010616 0.000196707 3.92834e-05 -1
0.00160033 3.1287e-05 3.64071e-05 3.64407e-05 -1
0.00031237 -0.000818562 9.09719e-05 3.6833e-05 -1
-0.000147768 0.000493859 0.000132158 3.86887e-05 -1
-0.000655273 0.000261213 9.54913e-05 3.73618e-05 -1
-0.000296749 -7.21176e-05 0.000216169 3.78072e-05 -1
0.00074568 -0.000304612 0.000352676 3.70745e-05 -1
-0.0010628 0.000654407 0.000124162 3.85027e-05 -1
7.85391e-05 0.000593617 0.000353546 3.59821e-05 -1
-0.00121394 -0.000915525 3.81566e-05 3.82087e-05 -1
-0.00156392 -0.000334396 6.07154e-05 3.7436e-05 -1
-0.000217012 -0.000614352 0.000228671 3.86343e-05 -1
2.08597e-05 -0.000610952 3.91833e-05 3.92866e-05 -1
0.000448823 0.000353573 0.000360599 3.7071e-05 -1
0.000211477 0.00024942 0.000505149 3.59241e-05 -1
-0.00113341 0.0011077 3.88886e-05 3.8937e-05 -1
-0.000395358 0.000418831 8.68911e-05 3.69525e-05 -1
-0.000671462 -0.000361202 0.000110561 3.65015e-05 -1
-0.000944181 -5.03592e-05 0.000122634 3.61006e-05 -1
-0.000411363 -0.00119605 0.000192746 3.99756e-05 -1
-0.000471237 0.000780346 9.11302e-05 3.60766e-05 -1
0.0012927 0.000856692 3.5975e-05 3.60164e-05 -1
0.000911975 0.000591718 0.000198292 3.70546e-05 -1
-0.000623687 0.00135552 9.09272e-05 3.85443e-05 -1
0.00082268 0.000790121 0.000236534 3.9956e-05 -1
-8.2891e-05 0.000398858 3.75714e-05 3.76765e-05 -1
-0.00109806 -3.34502e-05 3.8464e-05 3.85366e-05 -1
-1.64734e-06 0.000894722 0.000269968 3.72448e-05 -1
0.000235956 -0.000596408 9.83337e-05 3.90142e-05 -1
0.0003073 0.000605511 0.000274056 3.66797e-05 -1
0.000641249 0.000696015 3.58759e-05 3.60209e-05 -1
-0.00127155 9.05471e-05 0.000129023 3.79972e-05 -1
-0.00058614 4.27415e-06 0.000459641 3.65875e-05 -1
0.00136764 -0.000455227 3.6831e-05 3.68789e-05 -1
-0.00057475 1.49332e-05 0.000160926 3.92962e-05 -1
0.000533999 -0.00162809 6.36789e-05 3.72273e-05 -1
0.00062586 -1.22141e-05 0.000392436 3.9543e-05 -1
-0.00022303 -0.000864763 3.5827e-05 3.6004e-05 -1
0.000327669 -0.000709539 0.000248692 3.71689e-05 -1
0.00107206 0.000436325 0.000123584 3.76402e-05 -1
-0.00112438 0.000208703 3.62871e-05 3.63767e-05 -1
-0.000873836 -0.000790813 0.000213425 3.71777e-05 -1
0.000402039 -0.00139563 3.8599e-05 3.86568e-05 -1
-0.000808132 -0.00116596 3.76763e-05 3.77061e-05 -1
-0.000998065 0.00115151 3.81916e-05 3.82229e-05 -1
0.000229934 2.27394e-05 0.000143926 3.60614e-05 -1
0.000911803 0.000300631 0.00010081 3.94686e-05 -1
-8.5141e-05 -7.56841e-05 0.000186189 3.72819e-05 -1
0.00087817 0.000467424 9.97286e-05 3.67085e-05 -1
-0.000135 0.000626837 0.000430388 3.64865e-05 -1
0.000807299 0.000231977 0.000177827 3.7364e-05 -1
0.000163308 0.000577895 3.61057e-05 3.62734e-05 -1
-0.000306242 0.000197705 0.000286976 3.6884e-05 -1
-0.000205688 6.2367e-05 0.000332379 3.64548e-05 -1
0.00046004 -0.000607964 0.000377677 3.51859e-05 -1
0.000639051 -0.00122464 9.34728e-05 3.55605e-05 -1
0.000219313 -0.000721203 0.000151293 3.64476e-05 -1
0.000417207 -0.000332027 9.20949e-05 3.80933e-05 -1
-0.000625302 -0.00169642 3.50748e-05 3.51105e-05 -1
0.000978439 -0.00146651 3.71163e-05 3.71456e-05 -1
0.00147533 -8.73524e-05 3.98223e-05 3.98758e-05 -1
0.000279447 4.90141e-05 0.000334929 3.94547e-05 -1
-0.00125277 9.39894e-05 0.000214664 3.97751e-05 -1
0.00068063 0.000896515 0.000208924 3.65856e-05 -1
-0.000742639 -7.74686e-05 0.000291832 3.86597e-05 -1
0.000346669 0.000599668 0.000336768 3.76544e-05 -1
-0.000307352 -0.00145229 7.5885e-05 3.95349e-05 -1
-0.000357762 -0.000170939 0.000202306 3.73971e-05 -1
-0.00108354 -0.00069834 9.57312e-05 3.51868e-05 -1
-0.000922538 0.00115545 3.73502e-05 3.74069e-05 -1
0.000791519 -0.000547172 3.80979e-05 3.81349e-05 -1
-0.000218296 0.00047638 0.000161736 3.98052e-05 -1
6.32554e-06 -0.00027657 0.000606137 3.75916e-05 -1
0.000349474 3.7847e-05 0.000363963 3.72075e-05 -1
0.00121598 -0.00108622 3.98799e-05 3.99134e-05 -1
0.000314626 -0.00172787 3.67392e-05 3.67735e-05 -1
-0.000451488 0.000881069 3.73636e-05 3.74835e-05 -1
-0.000727332 0.000924708 0.000157408 3.58302e-05 -1
-0.000236443 0.000380267 0.00024639 3.55352e-05 -1
-0.000709205 0.000137655 3.89579e-05 3.90626e-05 -1
0.000499224 0.00081675 0.000112112 3.90512e-05 -1
0.000542756 0.000331896 0.000418651 3.62967e-05 -1
-0.000926138 -5.91865e-05 0.000304928 3.89319e-05 -1
-0.000554651 0.000161772 0.000239841 3.65627e-05 -1
-0.000958369 0.000632284 0.000107135 3.74843e-05 -1
0.000169168 -0.000653519 0.000218878 3.85611e-05 -1
0.000423731 1.26148e-05 0.00016744 3.8352e-05 -1
-9.74563e-05 0.000263835 0.000469731 3.73066e-05 -1
-0.000782296 0.000327566 9.6866e-05 3.69005e-05 -1
0.00133419 -0.000575077 8.04616e-05 3.59703e-05 -1
0.000930368 -0.00110205 9.8722e-05 3.76462e-05 -1
-0.000396942 -0.000610203 0.000382486 3.92941e-05 -1
-0.000571198 0.00115226 0.00010404 3.8472e-05 -1
0.000457703 -0.000180876 0.000132057 3.7807e-05 -1
-0.000754182 -0.000998144 0.000171134 3.67424e-05 -1
-0.00062934 0.000358485 0.000208969 3.60338e-05 -1
-0.000489052 -0.00036715 0.000307374 3.95511e-05 -1
0.000563084 0.000486905 9.59231e-05 3.77558e-05 -1
-0.000437443 -0.000587282 0.000154079 3.58062e-05 -1
0.000333664 -9.1161e-05 3.68542e-05 3.69524e-05 -1
-0.000850641 -0.000145251 0.000175818 3.77827e-05 -1
-0.000103982 0.00110413 0.000178494 3.54478e-05 -1
0.0014857 0.000449093 3.73054e-05 3.7346e-05 -1
-0.000863511 0.00127642 7.55366e-05 3.68248e-05 -1
3.66884e-05 0.000332617 0.00017591 3.79976e-05 -1
-0.0010137 0.000231379 9.73493e-05 3.7296e-05 -1
0.000294243 0.000676098 0.000232049 3.59082e-05 -1
0.00057728 -0.00114255 3.7307e-05 3.73506e-05 -1
-4.43347e-05 0.000423099 0.000404262 3.55591e-05 -1
-0.000675955 0.000441932 0.000101728 3.88666e-05 -1
3.89045e-05 0.000870027 0.000175241 3.70384e-05 -1
-0.000832913 0.000978071 0.000154877 3.89393e-05 -1
0.000286674 -0.000284964 0.000506796 3.67761e-05 -1
0.000407202 0.000428109 0.000137702 3.9328e-05 -1
0.000291337 -0.000150241 3.56575e-05 3.57723e-05 -1
0.000975502 6.86258e-05 0.000294865 3.81701e-05 -1
-0.000125893 0.000579397 0.000169364 3.75297e-05 -1
0.000427078 -0.000851384 3.81719e-05 3.83075e-05 -1
0.000321187 -0.000763291 0.000367882 3.58428e-05 -1
-0.000435932 -0.00139971 3.90242e-05 3.90779e-05 -1
0.000261611 0.000364395 3.82753e-05 3.83524e-05 -1
0.000279472 -0.000654635 0.000268148 3.84618e-05 -1
-0.00033616 -0.00053678 3.69307e-05 3.69807e-05 -1
0.00158552 0.000162775 6.37113e-05 3.73048e-05 -1
0.000207939 -0.000524891 0.000481467 3.5018e-05 -1
0.00016292 -0.000454588 3.65661e-05 3.6725e-05 -1
0.000670688 0.000401906 0.000331253 3.75464e-05 -1
0.00059207 -0.000254339 0.000231279 3.51574e-05 -1
-0.00026478 -5.41502e-05 0.000492516 3.58539e-05 -1
-0.00104798 -0.000834718 4.65325e-05 3.80504e-05 -1
-6.12982e-05 0.000254435 0.00040215 3.99946e-05 -1
-0.00170077 0.000220018 3.84719e-05 3.85011e-05 -1
-0.000692984 -0.00167099 3.65876e-05 3.66241e-05 -1
-0.000762738 -0.000653093 0.000283518 3.51996e-05 -1
0.000884991 -0.000792775 0.000209793 3.55694e-05 -1
0.000510275 -0.000551556 3.84969e-05 3.86754e-05 -1
-0.00126828 0.000671796 0.000139237 3.71028e-05 -1
0.000489798 -0.000518696 0.000164491 3.74645e-05 -1
0.000489218 1.17922e-05 0.000418548 3.68987e-05 -1
0.000421826 0.000548061 3.80886e-05 3.81642e-05 -1
0.000893256 6.74057e-05 3.5854e-05 3.59007e-05 -1
0.00131061 -0.000266602 8.99629e-05 3.54767e-05 -1
0.00018157 -0.000242899 0.000101841 3.87196e-05 -1
0.00121723 8.07817e-05 0.000152285 3.54356e-05 -1
-0.000599321 -0.000868133 0.000254803 3.61345e-05 -1
-0.000700882 -0.000425459 9.26653e-05 3.64153e-05 -1
-0.000504841 0.00112066 0.000123932 3.76868e-05 -1
3.86616e-05 3.88685e-05 0.00060303 3.89683e-05 -1
0.000667091 0.000289662 0.000203592 3.75435e-05 -1
0.00148347 0.000365752 3.76723e-05 3.77122e-05 -1
0.000834486 -0.00118033 3.99423e-05 3.99955e-05 -1
-6.29785e-05 0.000750819 0.000117948 3.73633e-05 -1
-3.96969e-05 0.000488568 0.000373585 3.69167e-05 -1
-0.000945386 0.000411981 3.65283e-05 3.66808e-05 -1
0.00131691 -5.15052e-05 3.81994e-05 3.82537e-05 -1
0.000402525 -0.000460691 0.000442623 3.8331e-05 -1
0.00141833 0.00084827 3.76299e-05 3.76656e-05 -1
-0.00160442 -9.85967e-05 3.7169e-05 3.72276e-05 -1
-0.00117706 -0.00130481 3.93646e-05 3.93984e-05 -1
-9.88077e-05 0.000392494 0.000593101 3.68128e-05 -1
0.00014461 0.00111542 8.22236e-05 3.66934e-05 -1
0.00110094 0.000655509 0.000168604 3.62594e-05 -1
0.000254633 -0.000210211 0.000107189 3.6825e-05 -1
0.00109808 6.33842e-05 9.6456e-05 3.67932e-05 -1
-0.00022666 0.00080813 0.000163299 3.53777e-05 -1
-0.000315316 -0.0016332 9.67836e-05 3.85154e-05 -1
-0.000291708 0.000819116 0.000277038 3.81348e-05 -1
-0.000110643 0.00027052 0.000606592 3.85569e-05 -1
-0.00087103 0.000487772 0.000141056 3.99563e-05 -1
-0.000519958 5.29283e-05 3.62136e-05 3.62831e-05 -1
0.000416519 -0.000114412 0.000469387 3.82206e-05 -1
-0.000589206 0.000275537 6.95424e-05 3.50825e-05 -1
0.000576842 -0.000588648 3.70062e-05 3.70731e-05 -1
-0.00125712 -0.000158706 0.000111713 3.66833e-05 -1
0.000272245 0.000420236 0.000150081 3.87383e-05 -1
-0.000916072 -0.000301315 0.00025683 3.53592e-05 -1
-0.000208159 -0.000152208 0.000120526 3.90591e-05 -1
0.00056239 0.000301504 0.000355078 3.68528e-05 -1
7.0013e-05 -0.000497341 3.78057e-05 3.79894e-05 -1
-7.74275e-05 0.000595547 0.000393284 3.75672e-05 -1
0.000584075 0.000921362 0.000109592 3.74556e-05 -1
-0.000587336 -0.000370535 0.000208288 3.79967e-05 -1
-0.000469266 -0.00116305 3.86994e-05 3.87702e-05 -1
0.00036187 -0.00153008 3.78762e-05 3.79236e-05 -1
-0.000102994 0.000348396 0.000426078 3.90518e-05 -1
0.000326293 -0.00141583 3.81802e-05 3.82264e-05 -1
0.000294224 0.000176423 0.000607131 3.54471e-05 -1
-0.000960791 -0.000456392 3.62005e-05 3.62827e-05 -1
0.000749792 -0.00126488 3.74436e-05 3.75108e-05 -1
3.13846e-05 0.000508252 3.58968e-05 3.60128e-05 -1
0.000107922 -0.000414457 0.000452975 3.64901e-05 -1
3.53623e-05 0.000850842 3.59001e-05 3.60409e-05 -1
0.000312162 0.000588046 0.000402764 3.77855e-05 -1
0.000868104 -1.38298e-05 0.000170786 3.54535e-05 -1
-0.000147011 0.00063707 0.000285387 3.63017e-05 -1
0.000525888 0.0010462 0.000102244 3.52135e-05 -1
-0.000645496 0.000757011 0.000144523 3.65287e-05 -1
-0.00116774 0.000778141 9.75404e-05 3.76332e-05 -1
0.000720776 0.000817119 0.000118267 3.73982e-05 -1
0.000869084 0.000602033 3.79517e-05 3.7982e-05 -1
0.000287302 0.00026061 0.000598199 3.97451e-05 -1
0.000363951 0.00032012 0.000370779 3.76314e-05 -1
0.00102988 -0.000170979 0.000210928 3.93341e-05 -1
0.000532623 -0.000409967 3.709e-05 3.71992e-05 -1
-0.00139952 -0.000702688 9.41052e-05 3.92343e-05 -1
0.00136694 -5.49907e-05 9.90563e-05 3.76138e-05 -1
0.00118183 -0.00115436 3.63561e-05 3.6389e-05 -1
0.00019046 -0.000648911 0.000361457 3.7833e-05 -1
-0.00104467 -0.000665652 0.000152794 3.87977e-05 -1
-0.000147046 0.000553483 0.000417279 3.9024e-05 -1
-0.000445752 -0.000552162 8.71605e-05 3.87889e-05 -1
0.000585429 -0.000514836 3.72153e-05 3.72424e-05 -1
-0.000979785 0.000260674 3.74777e-05 3.75465e-05 -1
0.000228422 -0.0011075 0.000179874 3.6738e-05 -1
0.00101213 -0.000326354 0.000175346 3.78392e-05 -1
0.000356534 0.000523643 0.000219169 3.66605e-05 -1
-0.000219827 0.00066761 0.0001193 3.67916e-05 -1
0.000959502 -3.71882e-05 0.000220587 3.66036e-05 -1
-0.000129177 -0.00127127 3.6141e-05 3.6216e-05 -1
0.00104835 0.000347893 9.7797e-05 3.59015e-05 -1
0.000434835 -0.000421298 0.000349446 3.69824e-05 -1
-0.000829624 -8.71325e-06 0.000153251 3.82187e-05 -1
-0.000574286 -5.30566e-05 3.8672e-05 3.87785e-05 -1
1.43992e-05 0.000694824 0.00023044 3.8034e-05 -1
0.00130089 -0.000879987 3.6469e-05 3.64991e-05 -1
-6.26356e-05 -0.000278195 0.000284859 3.69656e-05 -1
-0.000125937 0.000642216 0.000357268 3.88198e-05 -1
-0.000707511 -0.000779765 0.000282241 3.70535e-05 -1
-0.000140844 0.00049033 0.000211661 3.89037e-05 -1
0.000805128 -0.000581993 0.000317498 3.59806e-05 -1
-0.00106533 -0.000510065 0.000142968 3.82458e-05 -1
-0.000716834 0.00029993 7.76533e-05 3.64961e-05 -1
-0.000866205 -0.00036248 3.74799e-05 3.7549e-05 -1
-0.00169006 0.000134069 3.78922e-05 3.7936e-05 -1
-0.000400382 0.000840547 0.000171972 3.50803e-05 -1
-0.000945206 -0.000173256 0.000329027 3.78737e-05 -1
-0.000454974 -0.000367899 0.000377177 3.81984e-05 -1
-0.00154151 0.000792624 7.48982e-05 3.70369e-05 -1
0.0014646 0.000786187 3.92323e-05 3.92667e-05 -1
-0.000642391 0.00155473 3.92689e-05 3.9311e-05 -1
0.000251347 0.000433006 7.65113e-05 3.89077e-05 -1
-0.000361895 0.00153687 3.75543e-05 3.75873e-05 -1
-0.000488577 -0.000223008 0.000430142 3.80917e-05 -1
-0.000385401 0.000710702 0.00023198 3.61431e-05 -1
0.0016484 -0.000122419 3.56963e-05 3.57292e-05 -1
0.00043167 -0.000818652 0.000165025 3.99315e-05 -1
0.000102939 0.000201729 0.000275303 3.84331e-05 -1
-7.76888e-05 0.00150201 9.93511e-05 3.95886e-05 -1
0.000266825 -0.00114783 0.00022883 3.74138e-05 -1
0.000644544 -0.000329532 0.000349909 3.74963e-05 -1
-0.000153283 -0.000157451 0.00050619 3.73514e-05 -1
0.00164359 -0.000209382 3.97861e-05 3.98283e-05 -1
-1.78916e-05 -0.00100738 0.000217719 3.83514e-05 -1
-0.000210336 0.000402696 0.000364954 3.61501e-05 -1
0.000427882 0.00060713 8.88588e-05 3.73145e-05 -1
0.000797478 -0.000920482 9.7328e-05 3.9495e-05 -1
-0.000523011 0.000170667 0.000358255 3.86331e-05 -1
5.52391e-05 0.000717452 3.57821e-05 3.58342e-05 -1
0.000227326 0.000347108 0.000253401 3.86274e-05 -1
-9.93321e-05 0.000645927 3.81017e-05 3.82038e-05 -1
0.000505115 0.000133296 0.000171316 3.70664e-05 -1
0.000499513 0.000422892 0.000225061 3.58416e-05 -1
-0.000161888 0.000123166 0.000304332 3.52458e-05 -1
0.000205576 0.000724274 3.96027e-05 3.97124e-05 -1
0.000116285 -2.25563e-05 0.000438071 3.8999e-05 -1
0.000759817 -4.53705e-05 6.14632e-05 3.71966e-05 -1
0.00055554 -0.000277994 0.000172371 3.78488e-05 -1
-0.000906137 0.000410054 0.000100228 3.83219e-05 -1
0.000678286 0.000501243 0.000155565 3.84631e-05 -1
-8.57303e-05 -0.000564979 0.000334059 3.70914e-05 -1
-0.000929727 0.000441853 0.000166235 3.87247e-05 -1
-0.000137206 -0.001074 0.000272115 3.94567e-05 -1
-8.21399e-05 -0.000415339 0.000516474 3.73129e-05 -1
-3.73324e-05 -0.00061245 0.000287363 3.60696e-05 -1
0.000360629 0.000864066 0.000196953 3.78128e-05 -1
-0.000686935 0.000301834 0.00023232 3.82115e-05 -1
9.41982e-05 -0.00157155 3.71602e-05 3.72008e-05 -1
-0.00137694 9.42789e-05 0.000153018 3.83057e-05 -1
-0.00119776 0.00112936 8.14468e-05 3.70552e-05 -1
-0.00131701 -0.000909948 4.89414e-05 3.62195e-05 -1
-0.000583164 0.00145257 3.95681e-05 3.96175e-05 -1
0.000524973 -0.000215816 0.000129644 3.7731e-05 -1
0.00103877 0.00135769 3.65314e-05 3.65647e-05 -1
-0.000373431 -0.000570763 0.000189024 3.79198e-05 -1
-0.00140349 0.000141224 0.000100386 3.71124e-05 -1
2.08408e-05 0.000108096 0.000564206 3.95295e-05 -1
-0.00042207 -0.000644335 0.000108577 3.88633e-05 -1
-0.000859417 0.000528083 0.000206764 3.80339e-05 -1
-0.00105101 0.000226875 0.0001611 3.67754e-05 -1
0.000641793 -0.00087895 0.000114884 3.61598e-05 -1
0.000726051 -0.000694753 0.000262853 3.77759e-05 -1
-0.001174 0.000621761 9.55736e-05 3.65366e-05 -1
0.000219743 -0.000582767 0.000382829 3.71363e-05 -1
0.000157791 -0.000333124 7.71378e-05 3.70505e-05 -1
0.000827166 -0.00162772 3.54727e-05 3.5508e-05 -1
0.000557036 -0.000903769 0.00013885 3.78385e-05 -1
-0.000244421 0.000379382 7.71869e-05 3.66222e-05 -1
0.000201713 0.0013429 0.000131344 3.64029e-05 -1
-0.000411103 -0.000257316 3.67404e-05 3.67773e-05 -1
-0.000871581 0.000513479 3.77303e-05 3.78199e-05 -1
0.000826639 0.00135053 3.53268e-05 3.53579e-05 -1
-0.00130935 -0.000465942 9.72553e-05 3.51889e-05 -1
-0.00120543 -0.000856559 8.1136e-05 3.52877e-05 -1
0.000651237 0.000155291 0.000242142 3.62819e-05 -1
-0.00139375 0.00065926 0.000145519 3.74612e-05 -1
0.000179206 0.000539975 0.000147026 3.59218e-05 -1
5.02264e-06 -0.00102685 3.7894e-05 3.805e-05 -1
-0.000959899 0.000201664 0.000279429 3.78113e-05 -1
-0.000993395 -0.000821048 0.000177618 3.90366e-05 -1
0.000190008 0.000550268 0.000219305 3.79273e-05 -1
0.000486953 -0.000437326 0.00010667 3.95442e-05 -1
-0.000714888 -0.000675177 0.000335067 3.85523e-05 -1
0.00030031 -0.000118223 0.000447546 3.70107e-05 -1
-0.00141849 -6.76944e-05 0.000143356 3.61957e-05 -1
-0.0014871 0.000922844 3.82207e-05 3.82603e-05 -1
-0.000123147 -0.000227309 3.47933e-05 3.50702e-05 -1
0.000279951 -0.000615309 3.80013e-05 3.81291e-05 -1
-0.000171669 0.00121628 9.6919e-05 3.77258e-05 -1
0.000106906 -0.000767927 9.89482e-05 3.82107e-05 -1
-9.14665e-05 0.000440996 0.000327005 3.79496e-05 -1
0.000267059 0.000134228 3.75992e-05 3.77936e-05 -1
-0.000546914 0.000875845 3.82628e-05 3.83215e-05 -1
-0.000314884 0.0014873 0.00010284 3.72607e-05 -1
0.000812702 0.000859901 3.66202e-05 3.67173e-05 -1
-0.00043027 -0.000633552 0.000212417 3.90312e-05 -1
0.000558626 0.00069215 3.72152e-05 3.73379e-05 -1
-0.000161328 0.00101396 0.000118376 3.70897e-05 -1
0.00011352 -0.000201576 8.93161e-05 3.86097e-05 -1
0.000105316 -0.000632916 0.000437936 3.80965e-05 -1
-0.00123108 0.000296108 9.68346e-05 3.60503e-05 -1
7.89103e-05 0.00038206 6.59568e-05 3.78358e-05 -1
-0.000253555 -4.02664e-06 9.68781e-05 3.79458e-05 -1
-0.00032625 0.000384374 0.000103756 3.81477e-05 -1
-6.09587e-05 0.000173859 0.000271908 3.8378e-05 -1
0.000241083 0.00067705 0.000383616 3.70161e-05 -1
-0.000194052 0.00137588 3.87832e-05 3.88042e-05 -1
0.00066142 0.00036441 0.000204306 3.71689e-05 -1
-0.00122804 -0.000549413 3.73294e-05 3.74282e-05 -1
-0.000448129 0.000501883 0.000182662 3.79655e-05 -1
-2.7694e-05 -0.000638015 0.000354635 3.6594e-05 -1
-0.000607915 -0.000400661 0.000396599 3.78054e-05 -1
-0.00109572 0.000797923 0.00016315 3.87511e-05 -1
0.000329134 -0.000531831 3.97709e-05 3.99345e-05 -1
-0.000518632 0.00159018 3.96953e-05 3.97403e-05 -1
5.69526e-05 -0.0003975 3.74497e-05 3.74962e-05 -1
0.000298654 -0.000897681 0.00027072 3.86098e-05 -1
0.000144793 -0.000225893 0.000586537 3.84787e-05 -1
0.000321228 0.00047513 0.00048556 3.66619e-05 -1
-0.0011193 -0.000191929 9.92146e-05 3.86466e-05 -1
0.00085522 0.000133143 0.000232337 3.72008e-05 -1
0.000643497 0.000776705 0.000206675 3.76048e-05 -1
0.000554447 0.000416731 0.000402165 3.52354e-05 -1
0.000296835 -0.000583576 0.000369893 3.60267e-05 -1
0.00121408 0.000158559 3.87094e-05 3.87682e-05 -1
-0.000825547 0.000376214 0.000224311 3.73063e-05 -1
2.17958e-06 -0.00182299 9.36291e-05 3.5114e-05 -1
-0.00054187 0.000229006 3.82153e-05 3.83596e-05 -1
-0.000182866 -0.00113098 3.64208e-05 3.6511e-05 -1
0.000628322 0.000208437 0.000197349 3.69795e-05 -1
-0.000384025 0.00132324 3.60858e-05 3.61764e-05 -1
-0.000528139 0.000640136 0.000299619 3.57284e-05 -1
-5.87837e-05 2.94313e-05 0.000421574 3.92143e-05 -1
-0.000378535 0.000860062 3.82872e-05 3.84746e-05 -1
0.000502783 -0.000460325 0.000340646 3.79353e-05 -1
-0.000519397 0.00051033 0.000230779 3.74433e-05 -1
0.000308774 0.000210215 0.000545909 3.60113e-05 -1
9.69287e-05 -0.000332506 3.6192e-05 3.63559e-05 -1
0.0013293 0.000479334 0.000161665 3.76468e-05 -1
0.000995414 -0.00100622 3.66673e-05 3.66943e-05 -1
-0.000812873 0.00065291 0.000181145 3.66925e-05 -1
-9.30571e-05 -0.000836743 0.000209474 3.69015e-05 -1
-0.00116112 -8.266e-05 9.50195e-05 3.56566e-05 -1
-0.000397911 0.00166058 3.75034e-05 3.75433e-05 -1
-0.000326015 -0.000404975 0.000438452 3.90443e-05 -1
0.00087745 0.00140539 6.64502e-05 3.74446e-05 -1
-0.00133224 -0.00056702 3.97577e-05 3.98392e-05 -1
0.000392593 -0.000759151 0.000351308 3.76045e-05 -1
0.00107147 -0.00111576 7.68564e-05 3.96284e-05 -1
0.000171746 -0.000108703 0.00066054 3.73548e-05 -1
0.000626432 9.98318e-05 6.62824e-05 3.51897e-05 -1
-0.000237807 0.00105369 0.000161177 3.69886e-05 -1
0.000525539 0.00036761 0.000354803 3.88928e-05 -1
0.00013382 -0.00162214 9.42974e-05 3.67584e-05 -1
0.00140399 1.19747e-05 9.99635e-05 3.89552e-05 -1
0.000260917 -0.00102435 0.000219288 3.70451e-05 -1
0.000181795 0.00106695 3.54737e-05 3.55062e-05 -1
0.00133229 -0.000139488 3.61738e-05 3.62221e-05 -1
-0.00016104 -0.000457877 0.000312529 3.62463e-05 -1
0.00079159 -0.00132542 3.6051e-05 3.6096e-05 -1
0.00127721 0.000449136 0.000114957 3.85655e-05 -1
-8.52675e-05 9.04269e-05 0.000373531 3.92127e-05 -1
0.000125747 0.000820187 0.000253841 3.52517e-05 -1
0.000557857 0.000677178 0.000239761 3.85999e-05 -1
0.000546049 0.00151341 3.70644e-05 3.7094e-05 -1
0.00124594 0.0006236 3.73771e-05 3.74149e-05 -1
-0.000110771 -0.000244685 0.000104926 3.83703e-05 -1
-0.00079247 0.000496825 3.93084e-05 3.94464e-05 -1
0.00127014 0.00102132 3.84685e-05 3.85074e-05 -1
-0.000300051 -0.00110345 0.000155912 3.57556e-05 -1
-0.000599176 0.00017638 0.000432617 3.72568e-05 -1
-0.000541975 -4.53682e-05 0.000346721 3.7897e-05 -1
0.000572883 -0.000454141 0.000103152 3.64915e-05 -1
-0.000468143 0.000594763 3.78931e-05 3.79935e-05 -1
0.00114617 0.000697022 8.5652e-05 3.51192e-05 -1
0.000694054 -0.000288893 0.000151485 3.54861e-05 -1
-0.000522404 -0.000370493 7.62208e-05 3.85733e-05 -1
-4.74983e-05 0.000107827 0.000203845 3.77736e-05 -1
0.000343099 0.000411171 0.000175773 3.71826e-05 -1
0.00132023 0.000311984 9.69726e-05 3.6665e-05 -1
8.68817e-05 -0.000196196 0.000204509 3.52588e-05 -1
-0.000947263 0.000742752 3.75213e-05 3.75948e-05 -1
-0.000311753 0.000459923 0.000426868 3.86425e-05 -1
-0.00016649 -0.000672411 0.000305954 3.75617e-05 -1
-8.06759e-06 0.000997835 3.74492e-05 3.75682e-05 -1
-0.00152381 0.000159035 3.96968e-05 3.97449e-05 -1
0.000831694 -0.000850705 0.00010296 3.84495e-05 -1
2.38818e-05 -0.00131138 3.6783e-05 3.68728e-05 -1
0.00117229 0.000834619 3.91559e-05 3.9205e-05 -1
-0.000533761 -0.000955998 0.000210593 3.95787e-05 -1
-0.00100944 -0.000542898 9.39548e-05 3.61634e-05 -1
0.000119425 0.000467634 0.000586807 3.82011e-05 -1
-0.00129675 -0.000147668 0.000172795 3.69949e-05 -1
-0.000270675 0.00126981 3.54573e-05 3.55181e-05 -1
-0.000715757 -0.000911546 0.000158216 3.68726e-05 -1
0.000172516 0.00110759 0.000235802 3.82759e-05 -1
-0.000520161 0.00029744 7.0183e-05 3.7395e-05 -1
0.00148107 1.01231e-05 0.000105692 3.73093e-05 -1
0.000208615 0.000513666 0.000441936 3.77903e-05 -1
0.00093322 -0.000167806 0.000284848 3.79363e-05 -1
0.000252022 0.000557998 0.000158239 3.54171e-05 -1
-0.000320581 -0.00158548 3.7638e-05 3.76772e-05 -1
0.000367357 -0.000304649 0.000458945 3.57756e-05 -1
-0.000415361 0.000281403 0.000481291 3.83771e-05 -1
-0.0016057 0.000705746 6.3844e-05 3.52996e-05 -1
-0.000873672 -0.0011519 9.99957e-05 3.67159e-05 -1
-0.000190094 0.000806076 0.000287698 3.63454e-05 -1
0.000611869 0.000124363 0.000335193 3.84211e-05 -1
-0.000309594 7.68594e-05 0.000257754 3.8119e-05 -1
-0.000641047 -9.67683e-05 3.78027e-05 3.78455e-05 -1
0.000224333 -1.88322e-05 0.000600316 3.75422e-05 -1
0.000280575 6.00016e-05 3.69202e-05 3.69946e-05 -1
0.000890326 -0.000593372 9.42056e-05 3.72586e-05 -1
0.000713626 1.96438e-05 0.000311236 3.79901e-05 -1
-0.000373731 0.000261891 0.000162978 3.8336e-05 -1
-0.000426969 8.68519e-05 0.00022587 3.50022e-05 -1
0.000168307 -1.31919e-05 0.000167438 3.90925e-05 -1
0.000200926 -0.000567535 0.000206503 3.72056e-05 -1
0.000627267 0.000254077 0.000256122 3.74759e-05 -1
3.54541e-05 -0.00104537 0.000175947 3.93826e-05 -1
7.44419e-05 -0.000256094 0.000576393 3.86933e-05 -1
-0.000991329 -0.000216994 0.000107861 3.89284e-05 -1
-0.000389881 -0.000500154 7.49317e-05 3.84485e-05 -1
-0.000455179 8.67493e-05 0.000446799 3.64765e-05 -1
0.00018075 -0.00117525 0.000121956 3.58568e-05 -1
-0.000252619 0.000151313 0.00022625 3.89405e-05 -1
0.000788484 0.00118297 9.39503e-05 3.6895e-05 -1
-0.000793189 -0.000291997 0.00028266 3.53396e-05 -1
-0.000221125 -0.00128651 0.000160979 3.66279e-05 -1
-0.000212589 0.000537605 3.74317e-05 3.75323e-05 -1
0.000342812 -0.000276292 0.000183126 3.73363e-05 -1
0.00090887 -0.000929771 3.53353e-05 3.54137e-05 -1
0.000255761 -0.000103558 0.000506057 3.80151e-05 -1
0.000324088 0.000622849 0.000105656 3.98916e-05 -1
6.91286e-05 0.000537856 0.000307569 3.6908e-05 -1
-0.000626112 -0.00109384 9.88425e-05 3.60466e-05 -1
-3.67941e-05 0.000126333 0.000326045 3.76436e-05 -1
-0.000602548 -0.00128258 0.000155538 3.65315e-05 -1
0.000123355 0.00116849 3.6565e-05 3.66199e-05 -1
-0.00105715 0.000591037 3.5686e-05 3.5758e-05 -1
0.000689961 -0.00127747 9.36498e-05 3.78468e-05 -1
-0.000284015 -0.00117487 9.68994e-05 3.86946e-05 -1
0.000444935 -0.000204151 3.88338e-05 3.89957e-05 -1
0.000678915 -0.000239199 0.000203636 3.8175e-05 -1
0.000176944 -0.00113383 6.15881e-05 3.74174e-05 -1
-0.00168024 -0.000526013 3.73402e-05 3.73704e-05 -1
-0.000101844 0.000324067 0.000274605 3.5933e-05 -1
-0.000973376 0.000138117 0.000243886 3.62811e-05 -1
0.00124963 0.000220989 8.25017e-05 3.76052e-05 -1
0.00049542 6.48333e-05 6.94444e-05 3.64005e-05 -1
-3.82499e-05 0.000629508 8.01356e-05 3.78033e-05 -1
0.00129791 -0.000219121 3.68619e-05 3.69056e-05 -1
-0.000526851 0.000830622 0.000194848 3.69816e-05 -1
-0.000433383 0.00063029 0.000179566 3.88943e-05 -1
-0.00054905 -0.000270572 0.000411964 3.75047e-05 -1
-0.00018349 -0.000755618 0.000149366 3.78992e-05 -1
-0.000881733 -0.000709812 3.86046e-05 3.8713e-05 -1
0.000385204 0.000706206 0.000239196 3.63654e-05 -1
0.000440319 0.000438763 0.000262901 3.62829e-05 -1
0.00019722 -0.000112279 0.000208164 3.51738e-05 -1
-5.721e-05 -0.00166077 3.77809e-05 3.78367e-05 -1
0.000598925 0.000491671 0.000346207 3.55822e-05 -1
-0.000293003 0.000752976 8.0059e-05 3.91222e-05 -1
-0.000510522 0.000247467 0.000455985 3.78403e-05 -1
0.000302854 0.000182148 0.000350754 3.5189e-05 -1
0.000797094 0.000346607 8.89911e-05 3.71713e-05 -1
0.00033237 0.000290355 0.000185203 3.84118e-05 -1
-0.0006508 -0.000668976 0.000165304 3.89337e-05 -1
0.00078944 0.00016965 0.000360015 3.64683e-05 -1
-0.000482625 -9.28551e-05 3.5415e-05 3.55001e-05 -1
0.000954501 -0.000834115 0.000217901 3.70256e-05 -1
8.35036e-05 0.00165413 3.69416e-05 3.69792e-05 -1
-4.66744e-05 0.00146062 3.69477e-05 3.69799e-05 -1
0.000270245 0.000124577 0.000469404 3.74786e-05 -1
0.00017257 4.29617e-05 0.000100205 3.61805e-05 -1
0.00026914 -0.000706384 3.87264e-05 3.88677e-05 -1
-0.000706513 -0.000738892 0.000167446 3.75998e-05 -1
-0.000792504 0.00046243 0.000125516 3.68005e-05 -1
4.94336e-06 0.00130987 9.12999e-05 3.89022e-05 -1
0.00106377 0.00030527 0.000205645 3.83565e-05 -1
-0.000466914 0.00152247 3.56493e-05 3.56844e-05 -1
-0.000265044 -0.000183207 0.000305324 3.65655e-05 -1
-0.00032377 0.000257311 0.000357486 3.6223e-05 -1
0.00120565 0.00015891 0.000208458 3.55956e-05 -1
-0.00021284 0.000984169 0.000169826 3.73832e-05 -1
-0.000617584 0.000833278 3.87304e-05 3.87742e-05 -1
-0.000738766 -0.000738655 3.6949e-05 3.69806e-05 -1
-0.00145832 -8.43481e-05 3.59241e-05 3.5952e-05 -1
-0.00142152 6.38338e-05 9.87078e-05 3.82927e-05 -1
0.000899451 0.00133994 3.74269e-05 3.74728e-05 -1
0.000557486 -0.000550538 9.56194e-05 3.5518e-05 -1
-0.00113544 -0.000432777 3.55468e-05 3.55979e-05 -1
-0.000177326 -0.000731962 3.6731e-05 3.68332e-05 -1
0.000750509 0.000594814 0.000243187 3.5869e-05 -1
0.000532956 -0.000589032 0.000153636 3.68735e-05 -1
-0.00029346 -0.000280136 0.000135799 3.63698e-05 -1
0.00155143 0.000777875 3.76539e-05 3.76839e-05 -1
-0.000340334 -0.000704893 0.000271838 3.92981e-05 -1
0.000651478 -0.00144029 8.1014e-05 3.84573e-05 -1
2.91482e-05 -0.000230969 0.000522178 3.63252e-05 -1
0.000605465 -0.000131468 6.99718e-05 3.77446e-05 -1
0.0002352 0.00112603 9.78271e-05 3.68449e-05 -1
-8.40614e-05 0.000282703 0.00011099 3.71252e-05 -1
-0.000194564 -0.000205188 0.000319047 3.85903e-05 -1
0.00131018 0.000766388 3.90992e-05 3.91577e-05 -1
0.000390792 0.00017623 0.000214556 3.95892e-05 -1
-0.000896396 -0.000606803 0.000151312 3.721e-05 -1
2.60745e-05 0.00160317 3.98542e-05 3.98918e-05 -1
0.000715652 0.00157002 3.80907e-05 3.81319e-05 -1
0.00070642 7.40407e-05 3.74629e-05 3.76546e-05 -1
-1.4094e-05 -0.00117798 3.53605e-05 3.54192e-05 -1
0.000931783 -0.000359329 6.60359e-05 3.77318e-05 -1
8.25548e-05 0.00129162 8.21035e-05 3.59421e-05 -1
0.00115447 0.000402015 3.57811e-05 3.58253e-05 -1
0.000254238 0.000941988 3.55993e-05 3.56683e-05 -1
0.000419384 0.000703958 0.000307914 3.51372e-05 -1
0.000777496 -0.000726839 3.63223e-05 3.63535e-05 -1
0.000318092 0.000923852 0.000245609 3.84452e-05 -1
0.000430472 3.02234e-05 0.000246721 3.64988e-05 -1
3.77786e-05 0.00084842 0.00037981 3.97212e-05 -1
-0.000487948 0.00021685 0.000308327 3.79469e-05 -1
-0.000604232 -4.09235e-05 0.000121086 3.54014e-05 -1
0.00113355 -0.000173399 0.000154346 3.73816e-05 -1
-0.000537834 0.000337304 0.000287129 3.58737e-05 -1
3.48268e-05 0.000994664 0.000145508 3.81737e-05 -1
-0.00079615 4.14626e-05 0.00021019 3.78088e-05 -1
0.000660533 0.000243346 3.74252e-05 3.75683e-05 -1
9.4463e-05 6.22045e-06 0.00015247 3.79946e-05 -1
0.00131131 0.00094962 3.9109e-05 3.91525e-05 -1
-0.00094799 0.000293735 9.38474e-05 3.51706e-05 -1
0.00053094 0.00076888 0.000281498 3.69955e-05 -1
0.00126691 -0.000107514 3.64922e-05 3.65697e-05 -1
-0.000274507 0.000656922 6.66421e-05 3.99328e-05 -1
-0.000318488 -0.00029441 0.000407361 3.71084e-05 -1
-0.000689136 0.0012514 0.000110426 3.99618e-05 -1
-0.00094309 -0.00064602 0.000247518 3.96991e-05 -1
0.000155653 -0.00100739 0.000209527 3.72799e-05 -1
-0.000542642 0.000574939 0.000332375 3.86076e-05 -1
-0.000990456 -0.00050815 0.00015742 3.80862e-05 -1
0.000980107 6.45398e-05 8.84282e-05 3.67001e-05 -1
-0.00095252 0.000820092 0.000162783 3.54937e-05 -1
-0.000485465 0.000534872 0.00036408 3.81147e-05 -1
8.41021e-05 -0.00118005 0.000161964 3.58424e-05 -1
-0.00120799 0.000203897 0.000227622 3.94317e-05 -1
-0.000369718 0.0011111 0.000229899 3.90677e-05 -1
-0.000439061 0.000306046 0.000161363 3.89836e-05 -1
-0.000499492 -0.000599231 0.000222389 3.67895e-05 -1
0.000485495 0.000384584 0.000416994 3.70353e-05 -1
0.000351599 -0.00103822 0.000139995 3.93651e-05 -1
0.0010814 0.000800974 0.000165969 3.78144e-05 -1
0.000835108 -0.000660831 0.000275311 3.80036e-05 -1
0.000227771 0.000694306 0.000206315 3.76827e-05 -1
0.000472876 0.00041589 3.73831e-05 3.74416e-05 -1
0.00122569 -5.60011e-05 6.91221e-05 3.71048e-05 -1
0.000232058 0.00103746 0.000250562 3.90328e-05 -1
-0.00136539 0.000302797 0.000112544 3.80626e-05 -1
0.000351213 -0.000774187 0.000170319 3.74275e-05 -1
0.000893934 -2.46955e-05 3.70748e-05 3.72845e-05 -1
0.000407112 0.000715094 3.89809e-05 3.90342e-05 -1
-0.000168769 0.00101237 0.000231769 3.61578e-05 -1
-0.000722379 -0.000528933 0.000213342 3.72557e-05 -1
-0.000358178 -0.000952693 0.00010254 3.84445e-05 -1
0.000731535 0.00134301 0.000106728 3.74604e-05 -1
-0.000841684 -0.000599299 9.93678e-05 3.86398e-05 -1
-0.00108065 0.00105083 0.000111653 3.65448e-05 -1
-0.0011444 -0.000596081 0.000171724 3.69796e-05 -1
-8.05357e-05 0.000551182 0.00045181 3.59679e-05 -1
0.000919996 -0.000292221 9.89659e-05 3.79646e-05 -1
-0.00165591 -0.000675599 7.11837e-05 3.62699e-05 -1
0.000117125 -0.00148813 9.23864e-05 3.59791e-05 -1
0.000401043 -0.000215915 0.000529871 3.87628e-05 -1
-0.000872169 4.39622e-05 0.000205107 3.84705e-05 -1
-0.000636587 0.00100635 8.84332e-05 3.83505e-05 -1
0.000318146 -0.000905628 0.000199297 3.58838e-05 -1
-0.000696328 -0.000316319 3.55833e-05 3.56738e-05 -1
0.00123174 0.00037791 0.000163083 3.68893e-05 -1
-0.000749635 -3.848e-05 9.63227e-05 3.81099e-05 -1
-0.000459631 0.000608156 0.000287828 3.74197e-05 -1
-3.14441e-05 -0.00153195 9.1378e-05 3.98042e-05 -1
-0.00103433 0.000859088 3.51775e-05 3.52447e-05 -1
-0.00126494 0.000740777 9.52966e-05 3.72339e-05 -1
-0.000672891 -0.00124373 3.54624e-05 3.55376e-05 -1
-0.000839054 0.000719667 0.000105395 3.60826e-05 -1
-0.00108096 0.001275 3.90842e-05 3.91296e-05 -1
-0.000101886 0.000581444 0.00028737 3.53853e-05 -1
-0.000481402 0.000896276 0.000164853 3.72858e-05 -1
0.000492635 -0.000236908 0.000408101 3.66778e-05 -1
-0.000191822 -0.000687511 0.000235294 3.90496e-05 -1
0.00128499 -0.000607955 3.72562e-05 3.73328e-05 -1
-0.0010627 0.00135004 3.80957e-05 3.81302e-05 -1
-0.000152761 -0.000200934 0.000445845 3.71033e-05 -1
-0.000636599 -0.000456449 0.000150867 3.69072e-05 -1
0.00015392 0.000920063 0.00014739 3.85784e-05 -1
0.000341833 0.000692278 7.39607e-05 3.85412e-05 -1
0.0015241 -0.000404558 3.8174e-05 3.82088e-05 -1
-0.000360492 0.000724779 9.73077e-05 3.60457e-05 -1
-0.000436911 0.000862747 0.000289352 3.7097e-05 -1
0.000394013 0.000325931 0.000218127 3.64132e-05 -1
-0.000157526 -0.00123025 0.000233101 3.66128e-05 -1
-0.000754839 0.000400788 0.000103242 3.88998e-05 -1
0.000329205 0.000555632 0.000159137 3.67305e-05 -1
0.000591227 -0.000970274 0.000137079 3.68467e-05 -1
-0.000311109 0.00141703 8.53048e-05 3.52682e-05 -1
-0.000303738 0.000691256 0.000129235 3.72581e-05 -1
-0.001278 -0.000553226 9.18936e-05 3.6679e-05 -1
0.000194905 0.000483137 0.000507481 3.58333e-05 -1
0.0012852 -0.000163228 8.96259e-05 3.88958e-05 -1
0.000192715 0.000167029 3.7576e-05 3.76678e-05 -1
-0.000517994 -0.000926569 6.52314e-05 3.61064e-05 -1
-0.000587099 -0.000903288 3.96321e-05 3.96728e-05 -1
-4.27847e-05 0.00032002 0.000316488 3.62568e-05 -1
0.00075802 0.000319318 0.000337563 3.84615e-05 -1
-0.000205325 0.000638953 3.72727e-05 3.74084e-05 -1
-0.00106477 0.000145111 0.000239356 3.99472e-05 -1
0.00161052 -0.000158186 8.56144e-05 3.64413e-05 -1
0.000538483 -0.000867572 3.74169e-05 3.74876e-05 -1
4.86454e-05 0.000584388 0.000519692 3.66088e-05 -1
1.49242e-05 0.00119364 0.000162677 3.74233e-05 -1
0.000986363 -0.000645028 0.00019063 3.84004e-05 -1
-0.000109448 -8.16259e-05 0.000613384 3.83734e-05 -1
0.000213917 -0.000220053 0.000556042 3.69977e-05 -1
0.000590234 -0.00100479 3.87929e-05 3.886e-05 -1
0.000685454 0.000685841 9.38637e-05 3.76714e-05 -1
-0.000237272 -0.00045324 0.000212465 3.71483e-05 -1
-0.000153568 -0.000591696 0.000365518 3.84687e-05 -1
-0.00134339 -0.000273208 0.000128859 3.90071e-05 -1
0.000746456 0.000884466 0.00010905 3.53164e-05 -1
-0.000236939 0.000178762 0.000145076 3.77857e-05 -1
0.000737345 -0.000343463 3.85768e-05 3.86981e-05 -1
0.000193534 0.000917721 7.13589e-05 3.88697e-05 -1
0.000686574 -0.000285946 0.000394415 3.76846e-05 -1
0.000226453 0.000784591 0.000359838 3.8078e-05 -1
-5.70039e-05 0.001218 0.000164498 3.85827e-05 -1
0.000382597 -0.00088292 0.000171508 3.79417e-05 -1
0.00061543 0.00109138 9.64373e-05 3.76746e-05 -1
-0.000253809 -0.000111793 0.000317729 3.68289e-05 -1
-6.81916e-06 -0.000325899 0.000548482 3.94266e-05 -1
-0.000308664 -0.000828888 0.000316349 3.64146e-05 -1
-4.18423e-05 0.00114517 0.000188916 3.97694e-05 -1
0.000363359 -3.33124e-05 0.000176955 3.81331e-05 -1
9.46565e-05 0.000694857 0.000259592 3.81157e-05 -1
0.00141789 0.000383403 7.22117e-05 3.85105e-05 -1
6.87029e-05 -0.000231408 0.000140792 3.59535e-05 -1
-0.0001594 -0.000443487 0.000384592 3.72955e-05 -1
0.000295743 -0.000473804 0.000157018 3.5348e-05 -1
0.00125574 0.000580526 0.000102162 3.763e-05 -1
-0.00016754 0.000857165 0.000337079 3.82242e-05 -1
-0.000621354 -0.000497607 9.33113e-05 3.56054e-05 -1
-0.000324835 -3.99378e-05 0.000665131 3.79925e-05 -1
-0.000800777 -0.000973427 0.000116161 3.92502e-05 -1
0.000332002 -7.40564e-05 0.000228963 3.50323e-05 -1
-0.000323717 0.000317099 3.63125e-05 3.64666e-05 -1
-0.000568485 0.00152955 3.87413e-05 3.8779e-05 -1
-0.00175723 0.000168849 3.76841e-05 3.77311e-05 -1
0.000773178 -0.000479388 9.76023e-05 3.54759e-05 -1
0.00098666 -0.000436784 0.000163221 3.8041e-05 -1
0.000719775 -0.000529779 0.000207003 3.85832e-05 -1
-0.00155501 -0.00073766 3.5384e-05 3.54288e-05 -1
0.000403408 -0.000677405 0.000209935 3.67174e-05 -1
-0.00144459 -0.000180323 0.00014444 3.60827e-05 -1
0.000854856 0.000169759 0.000168648 3.62786e-05 -1
-0.000174792 0.000750397 0.000232982 3.87438e-05 -1
0.000362887 -0.000514712 0.000270616 3.61308e-05 -1
0.000306764 -0.000544431 0.000303835 3.55431e-05 -1
-0.000498394 0.000575575 0.00019413 3.84394e-05 -1
-0.000289385 0.000453265 0.000259379 3.60154e-05 -1
-6.04718e-05 0.000385238 0.00028352 3.847e-05 -1
0.000958889 0.000277276 0.000271482 3.84318e-05 -1
0.000759365 2.32864e-05 3.50375e-05 3.50659e-05 -1
0.000714781 -0.000586903 3.77213e-05 3.77674e-05 -1
0.000429874 -0.000618329 7.93172e-05 3.79047e-05 -1
-0.000612101 0.000867237 0.000201612 3.6579e-05 -1
-4.11644e-05 -0.00180176 3.82866e-05 3.83333e-05 -1
-0.00145917 -0.000860473 3.69716e-05 3.69973e-05 -1
-0.000838477 2.89082e-05 0.000272653 3.85556e-05 -1
-0.000845539 -0.000432395 0.000153813 3.6231e-05 -1
-1.05644e-05 0.00048779 0.000189705 3.7447e-05 -1
-0.00121749 -2.18621e-05 0.000191173 3.60567e-05 -1
-0.000897846 -0.000550909 9.3216e-05 3.57923e-05 -1
0.000246346 -0.00152302 8.96077e-05 3.82115e-05 -1
-1.26287e-05 -0.00110537 3.72303e-05 3.72725e-05 -1
-0.000171893 7.5533e-05 0.000574991 3.70254e-05 -1
0.000951072 0.000340164 0.000231418 3.65535e-05 -1
-0.000857366 -0.000236724 9.43063e-05 3.84729e-05 -1
-0.000808341 -0.000483562 3.65213e-05 3.66586e-05 -1
-0.000752004 0.000681605 8.39385e-05 3.58716e-05 -1
0.000177381 -0.000495539 9.45109e-05 3.57371e-05 -1
-0.00112359 0.00054683 3.90866e-05 3.91239e-05 -1
0.000429427 -0.000782078 0.000290664 3.65095e-05 -1
-0.000199198 -0.000342277 0.000309573 3.89185e-05 -1
0.000369888 -0.00108247 3.54787e-05 3.55482e-05 -1
0.000754294 0.00055758 0.000138257 3.86414e-05 -1
-7.21084e-05 -0.000733351 0.000103052 3.62286e-05 -1
0.000599871 0.00117062 0.000102393 3.79301e-05 -1
-0.00131432 -0.000392245 0.00010226 3.88817e-05 -1
0.000775526 0.00103193 9.50749e-05 3.74441e-05 -1
-0.000271653 0.00143476 0.000150626 3.80794e-05 -1
-0.00116808 0.0001301 0.000170632 3.69603e-05 -1
0.00103566 0.000236307 3.68834e-05 3.70018e-05 -1
0.000745831 0.000621526 0.000176357 3.62992e-05 -1
-0.0005847 0.00108062 0.000120529 3.50767e-05 -1
0.00039456 0.000788351 3.53102e-05 3.54335e-05 -1
9.18557e-05 -0.000465571 0.000329701 3.65622e-05 -1
-0.000149838 0.000390904 0.000321637 3.91941e-05 -1
3.44831e-05 0.000979269 0.000283064 3.79479e-05 -1
-0.00017891 -0.000272559 3.60005e-05 3.6126e-05 -1
0.000524714 -0.00169486 3.57288e-05 3.57613e-05 -1
-0.000215514 0.00109991 0.000213075 3.60413e-05 -1
-0.00124469 -2.42163e-06 3.75481e-05 3.76361e-05 -1
0.000749366 -0.000943988 0.000153718 3.83043e-05 -1
-1.57941e-05 -3.21469e-06 0.000475842 3.73838e-05 -1
0.000732845 7.38654e-05 0.000258981 3.97868e-05 -1
0.000219315 -0.00132956 3.69579e-05 3.70091e-05 -1
0.000208806 0.00071795 0.000325287 3.90426e-05 -1
-0.000286579 0.000998305 0.000173362 3.78346e-05 -1
-0.000241949 -0.000299984 0.000451767 3.72111e-05 -1
-0.000335823 0.000868323 0.000181278 3.58352e-05 -1
-0.000480832 0.00127067 8.83457e-05 3.55574e-05 -1
-0.00160897 0.000480443 3.8158e-05 3.81919e-05 -1
0.00102842 -0.000103504 0.000272471 3.84906e-05 -1
-0.000556778 -6.77512e-05 0.00025543 3.86485e-05 -1
-0.00146682 0.000342022 3.86615e-05 3.87414e-05 -1
0.000291836 -0.000583964 0.000244955 3.69509e-05 -1
-0.000729748 0.000476207 0.00015884 3.56308e-05 -1
-5.31655e-05 -0.00061842 0.000213674 3.95981e-05 -1
-0.000785068 -0.000739413 0.000195826 3.70749e-05 -1
0.000608957 0.000427402 0.000294766 3.68781e-05 -1
0.000793761 9.84514e-05 0.000382448 3.71863e-05 -1
-0.00113754 -0.000530156 0.000139256 3.68375e-05 -1
0.000152815 0.000134359 0.000557422 3.76514e-05 -1
-0.000359348 -0.000636142 0.000152596 3.82855e-05 -1
0.000201744 0.000430717 0.000430916 3.99494e-05 -1
0.000549356 0.000252532 3.88028e-05 3.89878e-05 -1
0.0009551 0.000537766 3.72421e-05 3.73043e-05 -1
0.00111988 0.000335445 3.72611e-05 3.73951e-05 -1
0.000697049 0.000677326 0.000168347 3.82828e-05 -1
-0.000710682 -0.000451828 0.000165397 3.87913e-05 -1
-0.00181256 -0.00012365 3.74858e-05 3.75323e-05 -1
-0.000625274 -0.000640694 0.00028566 3.67814e-05 -1
0.000639046 2.50907e-05 0.000325575 3.82115e-05 -1
0.00116544 0.000590799 3.85924e-05 3.86731e-05 -1
-0.000496862 0.000530181 9.22941e-05 3.95087e-05 -1
0.000142775 0.000757277 0.000379335 3.75204e-05 -1
-0.0004749 -0.00162204 3.9366e-05 3.94071e-05 -1
0.00044892 -3.61451e-05 0.000226954 3.52011e-05 -1
0.000733218 -0.000460387 0.000236704 3.81156e-05 -1
-0.000987456 -0.00118352 3.89464e-05 3.89904e-05 -1
-0.000820988 -0.000702265 8.23744e-05 3.664e-05 -1
-0.000869686 -0.000544995 0.000213858 3.62462e-05 -1
0.000425352 0.000650222 0.000192674 3.89074e-05 -1
0.000249928 0.000313201 0.000554027 3.84669e-05 -1
-0.000803782 -0.000801869 9.4985e-05 3.87502e-05 -1
3.24282e-05 0.00126717 3.59413e-05 3.60461e-05 -1
-8.01747e-05 0.000478716 0.000433599 3.61845e-05 -1
-0.000254027 -0.00128801 3.78385e-05 3.78898e-05 -1
0.000348916 -0.000475142 0.000208124 3.84736e-05 -1
-0.000155234 0.00083798 0.000195113 3.99386e-05 -1
-0.000330354 0.000610875 0.000379844 3.56797e-05 -1
-0.0003434 -0.000790359 0.000371236 3.91379e-05 -1
-0.000408997 -0.000908296 0.000141338 3.88719e-05 -1
-0.000350304 -0.000154134 0.000380904 3.99046e-05 -1
-0.00140438 0.000936945 6.63106e-05 3.7349e-05 -1
9.7414e-05 -0.000604349 0.000109749 3.77863e-05 -1
-0.000245392 -0.000822737 0.000351827 3.64047e-05 -1
-0.000662901 0.000496878 0.000236901 3.79694e-05 -1
-9.92745e-05 -0.00183919 7.2338e-05 3.87433e-05 -1
-0.000868918 -1.30199e-05 0.000330021 3.8775e-05 -1
0.000811717 -0.00041498 7.73095e-05 3.58692e-05 -1
-4.13818e-06 -0.000905061 0.000101195 3.69193e-05 -1
6.58434e-05 0.000277012 0.00037558 3.88758e-05 -1
-0.00134875 0.000892305 3.89946e-05 3.90512e-05 -1
-0.00119018 -0.000513922 9.03598e-05 3.68626e-05 -1
-0.000457728 0.000218147 0.000498435 3.59952e-05 -1
-0.00019504 0.000885415 0.000148689 3.75037e-05 -1
0.000227372 -0.000670854 9.70135e-05 3.59507e-05 -1
0.000408567 0.000352789 0.000296792 3.84112e-05 -1
0.000427173 -0.00054022 3.68543e-05 3.68893e-05 -1
-0.000228927 -0.00075292 0.000212133 3.96814e-05 -1
-0.000422144 0.000872443 0.000108073 3.96489e-05 -1
0.00073327 -0.000266407 0.000258201 3.70383e-05 -1
-0.000316599 -0.000298335 0.000262053 3.67621e-05 -1
0.00108518 0.000753729 9.89918e-05 3.93591e-05 -1
0.000425674 -0.000493012 9.31055e-05 3.65806e-05 -1
0.000733272 0.000269258 0.000283969 3.89629e-05 -1
-0.000292403 0.00116451 9.72969e-05 3.89306e-05 -1
0.000591096 0.000838487 3.7057e-05 3.71226e-05 -1
-0.00149841 5.0701e-05 0.00010041 3.97623e-05 -1
0.00101001 0.000318967 0.000153768 3.76089e-05 -1
-0.000143481 -0.0008302 0.000151598 3.99327e-05 -1
-0.000480864 -0.000460907 0.000165542 3.84058e-05 -1
0.000397156 0.000956513 3.64137e-05 3.64422e-05 -1
0.000439776 0.000166759 0.00015495 3.81739e-05 -1
-0.000667696 -6.00016e-05 9.58285e-05 3.55655e-05 -1
-0.000691057 -0.000316368 0.000203089 3.65647e-05 -1
-0.000965308 0.000295242 0.000173417 3.68953e-05 -1
0.00103751 0.000820007 0.000106621 3.84464e-05 -1
8.09373e-06 -0.000811286 0.000261046 3.74542e-05 -1
-0.0003948 0.000329733 0.000536435 3.78011e-05 -1
-0.00134724 -0.000202233 0.000168406 3.74983e-05 -1
0.000628748 -0.000296548 0.00018419 3.80122e-05 -1
-0.000986456 -0.00018655 0.000256431 3.71588e-05 -1
-0.00102775 0.00122073 3.69079e-05 3.69408e-05 -1
-0.000145231 2.13518e-05 0.000343905 3.76123e-05 -1
0.000699754 0.000356755 9.53401e-05 3.92664e-05 -1
-0.000428001 -0.000670285 0.000346276 3.74562e-05 -1
-0.000683296 -0.000596973 3.85302e-05 3.85696e-05 -1
0.000451768 -0.000710325 0.000267292 3.60771e-05 -1
0.000682585 0.000147821 0.000328869 3.64253e-05 -1
-0.000625036 -0.000529549 0.000166029 3.82915e-05 -1
-0.00100797 0.00104617 0.000112858 3.63058e-05 -1
-0.000374893 -0.0003852 7.01222e-05 3.73553e-05 -1
0.000143505 -0.000935182 0.000215701 3.6259e-05 -1
-0.000232222 -0.000649303 3.81427e-05 3.83111e-05 -1
-0.000723099 -0.00040059 0.000428968 3.79871e-05 -1
0.000258434 0.000628449 0.000438628 3.84403e-05 -1
-0.00124241 0.000507988 3.72906e-05 3.73326e-05 -1
0.000490904 0.000181561 0.000466721 3.65324e-05 -1
0.000173909 0.000977126 0.000247514 3.91864e-05 -1
0.000662012 0.00107305 3.87141e-05 3.87495e-05 -1
0.00085948 -0.000619161 0.000215094 3.92048e-05 -1
-0.00104004 -0.00111172 3.63758e-05 3.64327e-05 -1
-0.000204106 1.46054e-05 0.000395313 3.97206e-05 -1
6.00242e-06 -0.000749562 0.000298964 3.50635e-05 -1
0.000867456 -0.000458153 8.58709e-05 3.51641e-05 -1
-8.10196e-05 0.00097567 3.85911e-05 3.87383e-05 -1
0.000640635 -0.000239954 0.000135763 3.74881e-05 -1
-0.00134006 0.00025323 0.000168993 3.99007e-05 -1
5.01947e-05 0.00133895 3.70177e-05 3.70566e-05 -1
0.000781127 -0.000351852 0.000101338 3.83487e-05 -1
5.08025e-05 -0.000254051 0.000383222 3.99355e-05 -1
0.00111717 0.000378191 0.000100883 3.93857e-05 -1
-0.0014696 0.000694787 3.65701e-05 3.66175e-05 -1
0.000714195 2.45711e-05 0.000385379 3.63494e-05 -1
-0.000293391 2.12463e-05 0.00047405 3.51894e-05 -1
-0.000752914 0.000627158 0.000132357 3.70408e-05 -1
-0.000837472 -0.00023931 0.000264572 3.58553e-05 -1
-2.6056e-05 0.000558648 9.50941e-05 3.57165e-05 -1
-0.000284528 0.000402065 0.000378925 3.89235e-05 -1
0.00112543 0.000612106 0.000102032 3.9316e-05 -1
-0.000793606 0.000411594 3.78536e-05 3.79761e-05 -1
0.00074422 -0.000114314 3.74375e-05 3.74677e-05 -1
0.000398013 -0.00026822 0.000131702 3.82008e-05 -1
-0.000564874 0.000667393 0.000238657 3.54479e-05 -1
0.000585393 -0.000445122 0.00035386 3.63547e-05 -1
7.15105e-05 0.000173588 0.000411913 3.69811e-05 -1
-0.00106643 0.000498566 0.000165593 3.75858e-05 -1
0.0002789 0.000299357 0.0004038 3.91221e-05 -1
0.00106929 3.30034e-05 0.000203918 3.74506e-05 -1
-0.000296273 0.00112522 0.0002225 3.57641e-05 -1
-0.00120829 0.000457156 9.32887e-05 3.66896e-05 -1
0.000372744 -3.34814e-05 0.000478586 3.6354e-05 -1
0.000983573 0.000777554 7.8608e-05 3.57264e-05 -1
0.00069533 -0.00107475 0.000199319 3.8128e-05 -1
0.000247074 0.000614166 0.00011149 3.79028e-05 -1
-0.000678848 -0.00065077 0.000234531 3.79803e-05 -1
0.000481659 -0.000822099 0.000105625 3.78172e-05 -1
-2.46179e-06 -0.000296655 3.63644e-05 3.64911e-05 -1
-0.000618451 6.68648e-05 0.000396548 3.60989e-05 -1
-6.35828e-05 0.000735463 3.99633e-05 3.99961e-05 -1
-0.00109046 -0.00022232 0.000261723 3.88604e-05 -1
-8.92927e-05 0.00105249 0.000272501 3.80501e-05 -1
0.000726958 -2.1377e-05 0.000183734 3.61088e-05 -1
0.000344477 2.45663e-05 5.15082e-05 3.75728e-05 -1
-0.00053942 0.000387528 9.87124e-05 3.67387e-05 -1
0.000103778 0.000200559 0.000576731 3.87118e-05 -1
0.00115654 -0.000776278 5.56383e-05 3.77803e-05 -1
-0.00093549 0.00130393 3.68738e-05 3.68975e-05 -1
2.82063e-05 0.000378474 0.000274097 3.80818e-05 -1
0.000162408 0.000377053 0.000339807 3.54709e-05 -1
-0.000365752 0.000991481 0.000160966 3.98381e-05 -1
0.000660478 0.00135868 0.000113 3.55921e-05 -1
-0.000727317 0.000686389 0.000267036 3.96996e-05 -1
-0.000148968 0.000930015 0.000318306 3.92868e-05 -1
-0.00068921 0.000809696 0.000167742 3.57169e-05 -1
0.000839586 0.000562454 0.000164791 3.73444e-05 -1
-0.00038888 2.12357e-05 0.000113918 3.55958e-05 -1
0.000133452 0.000558373 0.000280949 3.56819e-05 -1
-0.00090862 -0.00018526 0.00024814 3.83052e-05 -1
0.000917091 0.00099611 0.000129984 3.54675e-05 -1
-0.000972656 -0.000173739 3.6309e-05 3.63944e-05 -1
0.000715093 0.0003318 0.000244296 3.73297e-05 -1
0.00123623 -0.000574356 8.33357e-05 3.7772e-05 -1
0.000781982 0.000530836 0.000206103 3.93963e-05 -1
-0.0010557 0.000513472 3.62003e-05 3.6256e-05 -1
0.000178701 -0.000573588 0.000323246 3.58344e-05 -1
0.00106143 -0.000153187 0.000141978 3.85668e-05 -1
-0.000665398 0.000701395 0.000192151 3.88297e-05 -1
-6.64148e-06 -0.000671411 0.00041498 3.55446e-05 -1
-0.000930936 -0.000313121 0.000184881 3.90766e-05 -1
-0.00081732 0.00110888 0.0001032 3.97498e-05 -1
-0.000653584 0.000305158 3.63348e-05 3.63711e-05 -1
-0.000306456 -0.000756367 0.000223993 3.87613e-05 -1
-0.0013379 -0.000795688 8.95096e-05 3.66309e-05 -1
0.00107942 -0.000593899 3.77726e-05 3.78628e-05 -1
-0.000169467 0.00055666 9.53122e-05 3.71581e-05 -1
0.000291007 -0.000622843 0.000143473 3.70062e-05 -1
0.000533656 0.000757485 7.39237e-05 3.88361e-05 -1
0.00115268 0.000809906 0.000141451 3.81119e-05 -1
-0.000335683 -0.000702063 0.000180104 3.69897e-05 -1
0.000160963 -8.322e-05 0.000411336 3.6456e-05 -1
-0.000815816 -0.000152044 0.000307281 3.69092e-05 -1
-0.000433333 0.00134559 9.75999e-05 3.81121e-05 -1
-0.000340968 0.00161008 3.85476e-05 3.85888e-05 -1
4.96144e-05 -0.000937301 0.000276746 3.60701e-05 -1
9.09292e-05 0.00113135 0.000128213 3.58122e-05 -1
-0.000591048 0.000306589 0.000132489 3.52154e-05 -1
0.000477283 0.000435572 0.000108302 3.61048e-05 -1
0.000172752 -0.00136319 8.50201e-05 3.79015e-05 -1
0.00133834 -0.000132267 0.000136035 3.81647e-05 -1
-0.000274223 7.57015e-05 0.000348618 3.5299e-05 -1
-0.000120043 0.000910689 5.67577e-05 3.93078e-05 -1
-0.000455313 -0.00123849 3.78962e-05 3.79631e-05 -1
0.000341957 -0.00117838 7.44277e-05 3.66226e-05 -1
-0.000433144 -0.000109849 0.000205303 3.95614e-05 -1
9.9493e-05 -6.73821e-05 0.000607764 3.7494e-05 -1
-0.000530913 -0.00050211 0.000201072 3.56244e-05 -1
0.000564746 0.000228189 0.000108827 3.69257e-05 -1
0.00102429 -0.00075715 3.87538e-05 3.87965e-05 -1
-0.000227887 -0.00173546 3.77491e-05 3.77792e-05 -1
0.000904356 -8.47148e-05 0.000225168 3.63657e-05 -1
0.000182329 -0.000261548 0.000388687 3.61142e-05 -1
0.000950225 2.28051e-05 3.63702e-05 3.64563e-05 -1
0.000222613 0.000359117 0.000175381 3.7879e-05 -1
0.0005634 0.000946257 3.96129e-05 3.97408e-05 -1
0.00041239 -0.00118598 0.000111172 3.90246e-05 -1
0.000560099 -9.6475e-06 0.000435335 3.90599e-05 -1
0.000243842 0.000496251 0.000118956 3.77708e-05 -1
0.000874753 0.000321726 0.000258075 3.85624e-05 -1
-0.00123712 0.000150266 0.0001004 3.6656e-05 -1
-0.000527764 0.0010468 0.000148466 3.55226e-05 -1
-0.000176859 0.000397249 3.52401e-05 3.52795e-05 -1
0.000118045 -0.000529565 0.00035562 3.72784e-05 -1
-0.000626753 -0.000193853 0.000230748 3.87944e-05 -1
-0.000280849 -0.00103548 0.000177926 3.82557e-05 -1
-0.00106635 0.000447199 8.96124e-05 3.69122e-05 -1
0.000669927 -0.00157858 3.57706e-05 3.58127e-05 -1
-0.000527797 -0.000139089 0.000104345 3.53505e-05 -1
0.00116955 9.15945e-05 9.69371e-05 3.84357e-05 -1
-0.000346808 -0.000645781 0.000336007 3.73028e-05 -1
-0.00057661 -0.00111688 0.000147925 3.73394e-05 -1
0.000802448 0.0012777 3.85319e-05 3.85825e-05 -1
7.18061e-06 0.000788827 0.00012903 3.55076e-05 -1
0.000435719 -0.000763216 9.81247e-05 3.64687e-05 -1
-0.000592496 0.000383309 0.000269084 3.7849e-05 -1
0.000138389 0.00136935 9.22224e-05 3.75991e-05 -1
-0.000590261 8.87662e-05 0.000461354 3.79287e-05 -1
0.000203063 -0.000200241 0.000460339 3.72388e-05 -1
0.00116865 0.00121497 3.51699e-05 3.52002e-05 -1
0.000537978 0.000808904 0.000185161 3.88659e-05 -1
6.95902e-05 -0.00146905 3.5391e-05 3.54314e-05 -1
0.000628382 0.00078605 9.38055e-05 3.65467e-05 -1
-3.58476e-05 -0.00013861 0.000335583 3.68027e-05 -1
0.00151876 -0.000195268 9.51545e-05 3.79634e-05 -1
-7.43441e-05 6.94476e-05 0.00014795 3.52203e-05 -1
-0.00107847 -8.60057e-05 0.00022553 3.82485e-05 -1
-2.16399e-05 0.00135375 3.63013e-05 3.634e-05 -1
-0.00111084 -0.000872504 3.60166e-05 3.60954e-05 -1
-0.000972298 -0.000827366 3.58138e-05 3.58576e-05 -1
0.000901132 0.000935304 9.26275e-05 3.76886e-05 -1
0.00157995 -0.000238665 6.72335e-05 3.54305e-05 -1
-0.00033397 -0.000454304 3.95212e-05 3.96471e-05 -1
-8.25574e-05 -0.000120845 0.000125179 3.87309e-05 -1
-0.000730868 0.00114554 0.000158819 3.95114e-05 -1
-0.00121825 -0.000216681 0.000135665 3.71294e-05 -1
0.000841799 0.000617 0.000213874 3.60912e-05 -1
-0.00020768 -0.000932596 5.88435e-05 3.71135e-05 -1
0.000284173 -0.000284858 6.08424e-05 3.90875e-05 -1
-0.000666677 -0.00070698 0.000284788 3.80442e-05 -1
-0.000873114 -0.000198447 0.000313252 3.70531e-05 -1
-2.20319e-05 7.65001e-05 0.000270588 3.84568e-05 -1
-0.000128559 -0.000941884 3.70865e-05 3.71638e-05 -1
-0.000366022 1.36333e-05 0.000455372 3.79364e-05 -1
-0.000430334 0.000675253 0.000276845 3.66264e-05 -1
0.000666505 -0.000820735 0.000152018 3.72462e-05 -1
3.79404e-05 -0.000130597 0.000638239 3.70917e-05 -1
0.000134293 -0.00136047 0.000152771 3.66732e-05 -1
0.000289499 0.000653052 0.000330147 3.90452e-05 -1
0.00040112 -0.00038569 0.000431059 3.75882e-05 -1
0.000285684 0.000688997 0.000155467 3.96565e-05 -1
-0.000483701 -0.000171019 0.000375862 3.69075e-05 -1
0.00013823 1.09263e-05 0.000692479 3.9409e-05 -1
0.000625977 -1.72714e-05 9.19859e-05 3.54417e-05 -1
8.13357e-06 0.000250418 3.78181e-05 3.80091e-05 -1
-0.000556971 0.000414198 0.000326676 3.65751e-05 -1
-0.00100741 0.00129097 3.6172e-05 3.6204e-05 -1
-0.000254435 -0.00116161 0.000165476 3.7178e-05 -1
0.00101591 0.00080397 0.000201443 3.6732e-05 -1
0.000269073 0.00057914 0.000339579 3.82384e-05 -1
-0.000890886 0.0012138 0.000109182 3.62944e-05 -1
0.00147701 -0.000369578 8.65036e-05 3.78117e-05 -1
0.000892859 -0.00159904 3.61484e-05 3.61815e-05 -1
-0.00092239 0.00107722 3.62183e-05 3.62838e-05 -1
0.000293334 0.000799318 0.000327635 3.76143e-05 -1
-0.000498305 0.000700618 0.000276609 3.556e-05 -1
-0.000445712 -0.000730221 3.48719e-05 3.50009e-05 -1
-0.00101008 0.000451102 3.88632e-05 3.90023e-05 -1
-0.00153527 -0.000239822 0.00010214 3.91257e-05 -1
-0.000667224 -0.000247977 0.000198792 3.60368e-05 -1
-0.000124719 0.00049204 0.00037431 3.92333e-05 -1
0.00109925 -0.000727574 3.91722e-05 3.92272e-05 -1
0.000852561 0.000208343 0.000233283 3.80821e-05 -1
-4.72324e-05 -0.000473781 9.04433e-05 3.57201e-05 -1
0.00132493 -0.00103449 3.78704e-05 3.79101e-05 -1
0.000642834 0.000465759 0.000214628 3.91022e-05 -1
-0.000542259 -0.000639634 0.000176654 3.77916e-05 -1
-0.000304013 3.22321e-05 0.000398895 3.75489e-05 -1
5.83317e-05 -0.000952978 0.000101591 3.78671e-05 -1
-0.000586266 -0.000237873 0.000183041 3.71905e-05 -1
0.000157447 0.000487753 0.000241443 3.60267e-05 -1
0.000523572 0.00133762 9.95475e-05 3.96707e-05 -1
-0.00134768 -0.000285924 3.70917e-05 3.7132e-05 -1
0.00029615 -0.00120886 0.000195145 3.82002e-05 -1
0.000685505 -0.00122657 3.73403e-05 3.73881e-05 -1
-0.000969497 6.9237e-06 0.000244415 3.79267e-05 -1
0.000155329 0.000338641 0.000238067 3.55322e-05 -1
-9.27605e-05 -0.000412436 0.000368242 3.80583e-05 -1
-0.000322738 -0.000628733 7.65588e-05 3.89113e-05 -1
0.000903402 -0.000233954 0.000298478 3.59251e-05 -1
0.000268304 0.000146842 0.000143182 3.84369e-05 -1
0.000353543 0.000765233 9.05003e-05 3.72113e-05 -1
-0.00109138 0.000951959 3.81067e-05 3.81673e-05 -1
6.4623e-05 -0.000684846 0.000398316 3.89068e-05 -1
-0.00127304 -5.39254e-05 0.000158273 3.6053e-05 -1
-0.000683119 -0.00101264 0.000151194 3.78465e-05 -1
5.01768e-05 -0.000363427 0.000580394 3.59217e-05 -1
1.25778e-05 -0.000261689 0.0002797 3.92521e-05 -1
-0.00144563 0.00073087 9.51531e-05 3.62654e-05 -1
-0.000296514 2.64462e-05 0.000547181 3.82306e-05 -1
0.000685026 0.000195862 9.05833e-05 3.78249e-05 -1
0.000196512 -0.000383412 0.000565559 3.62949e-05 -1
-0.000869941 0.00105029 0.000117155 3.82596e-05 -1
0.000901401 -0.00122055 3.64506e-05 3.64986e-05 -1
-0.00059759 0.000289699 0.000205271 3.98521e-05 -1
-0.000162934 -0.00120613 3.70745e-05 3.71573e-05 -1
-0.00147305 -0.00042199 3.59771e-05 3.60261e-05 -1
0.000763593 -0.000500556 0.000312842 3.65903e-05 -1
0.000140552 0.000486472 0.000458572 3.73893e-05 -1
0.00102425 -0.000487579 0.000202961 3.66283e-05 -1
-0.000229194 0.000890955 5.11256e-05 3.88305e-05 -1
0.00147117 0.000523636 3.86053e-05 3.86304e-05 -1
-0.00115132 -0.0002448 0.000140386 3.56407e-05 -1
-0.000224594 0.00025139 3.65763e-05 3.67252e-05 -1
0.000340581 -0.000623318 9.0995e-05 3.52632e-05 -1
-0.00036979 -0.000570931 9.74521e-05 3.85188e-05 -1
2.5765e-06 0.000253096 0.000327736 3.76257e-05 -1
-0.000416793 -0.00129253 0.000152925 3.76196e-05 -1
-0.00102698 0.000669803 3.85959e-05 3.86404e-05 -1
-0.000509953 -0.000151868 0.000447276 3.81683e-05 -1
-0.000357309 0.000262265 0.000526023 3.57111e-05 -1
0.000806913 0.000987447 0.000181579 3.7987e-05 -1
0.00104866 -6.99648e-05 0.000208133 3.68692e-05 -1
-0.00032877 -0.00102742 0.000239136 3.99115e-05 -1
0.000481876 -0.000326081 0.000127297 3.58576e-05 -1
-2.37369e-05 -0.00161966 9.31708e-05 3.88652e-05 -1
0.000650891 -0.00130213 0.000156104 3.98639e-05 -1
0.000727174 -0.000358691 0.000154353 3.76609e-05 -1
-0.00027521 -0.000336846 0.000308468 3.61593e-05 -1
9.3142e-05 0.00120806 0.000101559 3.82736e-05 -1
0.00123233 0.000411607 3.63518e-05 3.64234e-05 -1
-0.000423474 -0.000125258 0.000375611 3.87582e-05 -1
0.000679446 -0.000451679 3.61542e-05 3.62029e-05 -1
-0.000886787 -9.2961e-05 0.000136162 3.6688e-05 -1
1.0685e-05 -0.00186178 3.53734e-05 3.54061e-05 -1
-0.000590934 0.000331135 0.000386525 3.56906e-05 -1
0.00109135 -0.000128474 0.000205194 3.56496e-05 -1
-0.000681787 0.000840102 0.000248275 3.9234e-05 -1
-0.00124894 -0.000183924 3.9893e-05 3.99637e-05 -1
-0.00146167 -0.000227602 9.10059e-05 3.63314e-05 -1
0.000498978 0.000661195 0.000198252 3.52251e-05 -1
-0.00026871 -0.00081722 0.000199107 3.71001e-05 -1
-0.000771103 0.000181574 0.000296967 3.91916e-05 -1
0.000278735 5.61417e-05 0.000186192 3.66484e-05 -1
4.05069e-07 -0.000335757 0.000203164 3.72757e-05 -1
-0.000211811 0.000428476 0.000295729 3.77668e-05 -1
0.000285869 -0.000158594 0.000218891 3.53503e-05 -1
0.000583104 -0.000204947 0.00028154 3.59106e-05 -1
0.000818997 0.000400238 0.000248727 3.84744e-05 -1
-0.000950011 0.000367418 0.000208583 3.95144e-05 -1
0.000268527 0.00138395 3.75322e-05 3.75974e-05 -1
-0.000234422 0.000120354 0.000393532 3.95567e-05 -1
0.000989135 4.21467e-05 0.000220868 3.75888e-05 -1
-0.000898104 -0.000365768 0.000288425 3.84036e-05 -1
0.000767611 0.000694082 0.000146435 3.74919e-05 -1
0.000905239 -0.000641765 3.8223e-05 3.83109e-05 -1
-0.000217754 -1.64846e-05 0.000543118 3.73002e-05 -1
0.000378807 -0.000368502 3.77629e-05 3.78774e-05 -1
0.000250154 0.0004517 0.000243193 3.93125e-05 -1
-0.000535224 0.000114498 0.000307071 3.83766e-05 -1
0.000235447 0.000194952 9.55285e-05 3.69086e-05 -1
-0.000488384 0.000466081 0.000304455 3.80135e-05 -1
0.00108941 0.000235853 0.000212319 3.51672e-05 -1
-0.00113988 0.000167859 0.000230577 3.76354e-05 -1
-0.000204615 0.000137077 0.000547864 3.7783e-05 -1
4.54778e-05 0.000313867 0.000437434 3.60093e-05 -1
0.000759726 -0.00062976 0.000286103 3.70328e-05 -1
-0.000324456 -0.00105902 3.61174e-05 3.61455e-05 -1
0.000756141 -0.000315185 0.000207532 3.69837e-05 -1
-7.06686e-05 -0.000968363 0.000303082 3.712e-05 -1
-5.16889e-06 -0.000950005 3.94613e-05 3.95522e-05 -1
0.000361436 0.000730955 0.000154699 3.60387e-05 -1
0.000876082 -0.000231996 0.000116372 3.86285e-05 -1
-0.000195404 -9.39058e-05 0.000220839 3.71968e-05 -1
-0.000288306 -0.000364026 0.000240875 3.79116e-05 -1
0.000389801 0.000291536 9.83412e-05 3.85167e-05 -1
0.000199389 -0.00124126 9.54486e-05 3.76982e-05 -1
-0.000592825 0.000512666 0.000215621 3.69412e-05 -1
0.000927888 -0.000828592 9.86861e-05 3.51667e-05 -1
0.000819949 -0.000127965 0.00031995 3.83958e-05 -1
-0.000394258 -0.00119079 3.9362e-05 3.94683e-05 -1
0.000158453 0.000445443 0.000367362 3.83921e-05 -1
0.000754367 0.00135811 3.7223e-05 3.72636e-05 -1
-0.000386563 0.00073523 0.000332998 3.81603e-05 -1
-0.00119921 0.0011863 3.58761e-05 3.59145e-05 -1
-0.000303923 -3.82622e-05 0.000430069 3.96019e-05 -1
0.000445487 -0.00035298 0.000379576 3.78885e-05 -1
-6.29268e-05 0.000863544 3.51654e-05 3.52549e-05 -1
0.000578928 -0.000103842 0.000294056 3.67978e-05 -1
0.000698237 -0.000629941 9.541e-05 3.59422e-05 -1
0.000110051 0.000518789 0.00051916 3.65295e-05 -1
-0.000999403 -0.000285282 0.000260409 3.57288e-05 -1
0.000711763 0.000616491 0.000311523 3.76859e-05 -1
0.000292974 -0.000258078 0.000286434 3.74365e-05 -1
0.000999721 -0.000220154 3.93598e-05 3.93959e-05 -1
-5.73851e-05 -6.18784e-05 7.33385e-05 3.71451e-05 -1
-0.000188699 0.000410053 0.00043795 3.66779e-05 -1
0.000476912 0.000581416 0.000194414 3.66368e-05 -1
0.000370001 -0.00100753 3.94519e-05 3.95279e-05 -1
-0.000980475 0.000867426 0.000111352 3.981e-05 -1
-0.000105359 -0.00154717 7.96255e-05 3.62241e-05 -1
-0.00107534 0.00116082 3.95971e-05 3.9648e-05 -1
-0.00108976 -0.000939685 9.49225e-05 3.73579e-05 -1
-0.000585128 0.000266991 0.000426683 3.94672e-05 -1
0.000923865 -0.000418888 0.00011441 3.92817e-05 -1
-0.000679983 0.000643353 0.000309232 3.69686e-05 -1
-0.000411425 -5.65504e-05 0.000338471 3.63163e-05 -1
-0.00121618 -0.00027559 0.000185154 3.9676e-05 -1
0.0011841 -0.00101825 5.94728e-05 3.7684e-05 -1
0.000789768 0.000546158 0.000280658 3.70694e-05 -1
0.000178109 -8.7519e-05 3.73182e-05 3.7466e-05 -1
-0.00167361 -0.000426108 3.75169e-05 3.75599e-05 -1
-0.00107782 0.00103462 3.84479e-05 3.85119e-05 -1
-0.000328312 -0.000320762 8.54025e-05 3.72182e-05 -1
-0.00111365 -0.000797013 3.80884e-05 3.8151e-05 -1
-0.000326081 0.00070266 3.5632e-05 3.57372e-05 -1
0.000301882 -8.90335e-06 0.000211264 3.64682e-05 -1
-0.000744156 0.000236439 0.000112101 3.76065e-05 -1
0.000926186 0.000672478 0.000102882 3.95662e-05 -1
0.000363733 -0.000675532 0.000145806 3.87333e-05 -1
0.000341598 -3.60784e-05 0.000366585 3.72277e-05 -1
0.000549073 0.000562457 0.00019448 3.80034e-05 -1
-0.00118245 -5.26877e-05 0.000247459 3.7081e-05 -1
-0.000134628 -2.00852e-05 0.000281498 3.81152e-05 -1
0.000527002 0.000687536 0.000105585 3.82498e-05 -1
0.00131218 -0.000317343 3.71598e-05 3.72243e-05 -1
-0.00107877 -0.00134942 3.88863e-05 3.89206e-05 -1
0.00114161 5.38406e-05 3.72755e-05 3.7382e-05 -1
-0.000738445 0.000276563 0.000174293 3.67091e-05 -1
-0.000226716 -0.000128186 0.00062012 3.95494e-05 -1
0.000544931 -0.000670697 0.00018861 3.75522e-05 -1
-0.000794344 -0.0014117 7.55994e-05 3.68536e-05 -1
-0.00158436 -4.34478e-05 0.000141143 3.88343e-05 -1
-0.000325031 0.000323337 0.000148489 3.75898e-05 -1
-0.000227848 -0.00108873 0.00016311 3.83211e-05 -1
-0.000728667 0.000196914 0.000183939 3.74657e-05 -1
9.35434e-05 -0.000744845 0.000365669 3.5319e-05 -1
-0.00116894 -0.000171272 3.59477e-05 3.60586e-05 -1
0.00048314 0.000272927 7.24307e-05 3.80453e-05 -1
0.00065681 -0.000132913 0.00033787 3.89668e-05 -1
0.000579129 -0.000846936 9.59564e-05 3.67445e-05 -1
-0.000309931 0.00081234 3.64569e-05 3.64954e-05 -1
-0.000886411 0.000550274 0.000100315 3.63087e-05 -1
0.00046459 0.000539902 0.000366883 3.95593e-05 -1
-0.000410332 0.000634372 0.000107718 3.66743e-05 -1
0.000389194 -0.00029292 0.000255602 3.67447e-05 -1
0.000887516 -0.000418874 0.000276585 3.98674e-05 -1
-0.00134537 5.21608e-05 9.56171e-05 3.88371e-05 -1
-0.000309146 -0.000599212 0.000472467 3.97238e-05 -1
0.000466212 -0.000189685 0.000351466 3.9119e-05 -1
0.000564781 0.00018003 0.000167161 3.89002e-05 -1
0.000487877 0.000447517 0.000377782 3.71593e-05 -1
0.00070608 -0.00132655 3.80481e-05 3.8107e-05 -1
6.58023e-05 -0.000189661 0.000607387 3.51613e-05 -1
-0.000329423 2.2145e-05 0.000159227 3.76725e-05 -1
-0.00097888 -0.000913861 8.07399e-05 3.84731e-05 -1
0.000329869 3.66067e-06 0.000295873 3.75803e-05 -1
-0.00102618 -0.000459596 0.000101335 3.80442e-05 -1
-0.000366008 0.00117626 0.00011155 3.69868e-05 -1
0.000883587 3.25679e-05 0.000116382 3.73612e-05 -1
-0.000297773 -0.00051785 0.000309016 3.64819e-05 -1
0.000328285 0.000262312 3.72798e-05 3.73214e-05 -1
2.42124e-05 -0.000130423 0.000408767 3.62656e-05 -1
0.000961015 0.000872056 9.67132e-05 3.70718e-05 -1
0.000562557 -9.5535e-05 0.000366742 3.82567e-05 -1
0.000875033 -0.000840339 3.92651e-05 3.93257e-05 -1
0.000403181 0.000824204 0.00010099 3.86513e-05 -1
0.00015522 -0.00177815 3.71222e-05 3.71599e-05 -1
-0.000253762 0.000561506 0.000159078 3.65806e-05 -1
-0.0002328 0.000176593 0.000490169 3.76283e-05 -1
-0.0001439 -0.000869329 3.53901e-05 3.54377e-05 -1
0.000143119 5.91793e-05 0.000177728 3.83095e-05 -1
0.000178908 0.000387336 0.000495225 3.63482e-05 -1
-0.000805348 0.000253417 0.000209366 3.55102e-05 -1
-0.00100881 -0.000244785 3.8123e-05 3.82338e-05 -1
0.000407824 0.000898717 8.44077e-05 3.73658e-05 -1
-0.00118326 0.000665299 3.69875e-05 3.70797e-05 -1
0.00133026 -0.000390357 3.79775e-05 3.80322e-05 -1
-0.000125487 0.000848436 0.000103604 3.89047e-05 -1
0.000733494 0.00117604 0.000145734 3.89707e-05 -1
0.00126221 0.0013618 3.83272e-05 3.8358e-05 -1
0.00097376 0.00103089 0.000101161 3.7021e-05 -1
-0.000293905 -0.00069176 0.000368823 3.76785e-05 -1
-0.00138123 -0.000820214 3.62464e-05 3.63163e-05 -1
-0.000543631 -0.00118643 3.91351e-05 3.91942e-05 -1
0.000343364 0.000389468 0.000350065 3.76962e-05 -1
0.000587266 -0.000288526 0.000376211 3.77607e-05 -1
0.000612243 2.90638e-05 0.000154168 3.50898e-05 -1
-0.000108618 -0.0014792 0.00010536 3.65693e-05 -1
-0.000473295 0.000392883 0.00031905 3.8187e-05 -1
-0.00020158 -0.000380549 0.000161599 3.7861e-05 -1
-0.000453766 -9.93115e-06 9.37904e-05 3.91701e-05 -1
-0.000526582 7.31115e-05 0.000123682 3.84412e-05 -1
-0.000800555 0.00134046 9.96008e-05 3.58653e-05 -1
0.00151017 -1.49387e-05 3.934e-05 3.93816e-05 -1
-0.00105052 0.000901814 9.12341e-05 3.71137e-05 -1
-0.000353086 -0.000696136 0.000109765 3.57634e-05 -1
-0.000521754 0.000288867 0.000208405 3.60896e-05 -1
0.00073631 -0.000496971 3.65014e-05 3.65242e-05 -1
-0.000966471 0.000885724 3.75173e-05 3.75791e-05 -1
0.000753831 -0.00117773 0.000156416 3.7747e-05 -1
-0.0010879 0.000715029 0.000161685 3.71112e-05 -1
0.00041136 -0.000141919 0.000538402 3.62823e-05 -1
0.000264448 0.000518848 0.000393531 3.63212e-05 -1
-0.000991539 -0.000400709 7.15723e-05 3.65451e-05 -1
0.000552126 0.000896542 0.000232687 3.80623e-05 -1
0.000153125 -0.000335229 0.00041564 3.554e-05 -1
-0.000266762 0.00130154 0.000102822 3.90832e-05 -1
0.00117248 0.00145396 3.57316e-05 3.57593e-05 -1
0.000118938 -5.31128e-05 0.000212762 3.90187e-05 -1
0.00109199 0.000177663 0.000166917 3.87053e-05 -1
-0.000583415 0.000782666 0.000169085 3.50118e-05 -1
-0.000470792 -0.00049831 3.80883e-05 3.81927e-05 -1
0.000751628 -1.95732e-05 0.000259898 3.70266e-05 -1
0.000621041 0.000533506 8.62783e-05 3.71393e-05 -1
0.000314281 0.000402688 0.000485046 3.61318e-05 -1
0.0010764 0.000675324 9.99207e-05 3.93438e-05 -1
0.000775163 -0.000275066 3.76421e-05 3.77633e-05 -1
-0.000291899 0.000188767 0.000541244 3.74504e-05 -1
-0.000792614 0.00104186 0.000130444 3.6738e-05 -1
-0.000305516 -9.4413e-05 6.51128e-05 3.60764e-05 -1
0.000689632 1.40688e-05 0.000236657 3.72585e-05 -1
0.000349821 0.000897781 3.72316e-05 3.72611e-05 -1
0.00144259 -5.46891e-05 0.000102615 3.81369e-05 -1
0.000126032 0.000614322 0.000410195 3.68605e-05 -1
-0.000750829 0.000882511 4.76479e-05 3.65053e-05 -1
0.00112545 -0.000971577 9.40756e-05 3.97573e-05 -1
0.000539883 -0.0015583 9.53411e-05 3.68524e-05 -1
-0.000250711 -0.000419149 0.000279333 3.91894e-05 -1
-0.00103069 -0.000649214 3.53723e-05 3.54181e-05 -1
0.000175783 -0.000255067 0.000650339 3.82587e-05 -1
0.00153875 -0.000559068 7.5523e-05 3.6922e-05 -1
-0.00114023 -0.00123739 3.74192e-05 3.74579e-05 -1
0.000974593 0.000207196 6.63294e-05 3.68187e-05 -1
0.000840957 -0.000647453 9.97599e-05 3.62292e-05 -1
-0.00113274 0.000281855 3.71626e-05 3.72169e-05 -1
-0.000677383 -0.00147739 7.87528e-05 3.80958e-05 -1
-0.000891528 0.00100002 3.86425e-05 3.87107e-05 -1
-0.000366147 -7.85876e-05 0.00039252 3.71197e-05 -1
0.00102374 0.000755945 0.00014526 3.76214e-05 -1
-0.000472301 -0.00067156 0.000269362 3.87978e-05 -1
-0.000674555 0.000496398 0.000309657 3.54526e-05 -1
-3.01228e-05 0.000790053 0.000365829 3.98917e-05 -1
-0.000459117 -0.000377267 0.000114906 3.59835e-05 -1
0.00100359 -0.000933612 0.000166061 3.82213e-05 -1
-0.00078756 0.000123134 0.000344215 3.77686e-05 -1
0.000862013 0.000284806 0.000191588 3.85783e-05 -1
0.00123645 -0.000237579 8.96586e-05 3.69372e-05 -1
0.000677979 0.00135559 3.91676e-05 3.92029e-05 -1
0.000517047 -0.00111544 0.000188172 3.85595e-05 -1
0.000181148 0.000309662 0.000297576 3.55163e-05 -1
0.000730802 0.000126575 0.00015592 3.85484e-05 -1
0.000755888 0.000653071 8.42517e-05 3.79755e-05 -1
-0.00015107 -0.000664103 3.58339e-05 3.59764e-05 -1
-0.00121211 -0.000106585 3.94866e-05 3.95188e-05 -1
0.000651161 0.000152411 0.000395243 3.71799e-05 -1
0.000307421 -0.000351109 3.55325e-05 3.56354e-05 -1
0.000320843 -6.97019e-05 0.000512918 3.56911e-05 -1
4.8415e-05 -0.00102876 0.000100943 3.86035e-05 -1
-0.000543346 0.000816219 0.000103328 3.91204e-05 -1
-0.000150265 -0.000110851 8.78371e-05 3.93612e-05 -1
-0.000765908 0.000413678 0.000179874 3.96266e-05 -1
0.000198974 -0.000134899 0.000371663 3.9019e-05 -1
0.000369692 -0.000641799 0.000268764 3.72965e-05 -1
-0.00127045 0.00120903 3.89051e-05 3.89398e-05 -1
-0.00087128 8.15267e-05 7.67342e-05 3.80829e-05 -1
-0.000691724 -0.00114195 0.000110293 3.78235e-05 -1
-0.000749045 -0.00136112 3.98458e-05 3.9896e-05 -1
-0.000334311 -0.00139233 3.68612e-05 3.69225e-05 -1
-0.000171207 3.99412e-05 0.000674838 3.763e-05 -1
-0.00168191 0.00028117 7.91257e-05 3.73447e-05 -1
0.00111196 0.00135951 3.66289e-05 3.66579e-05 -1
0.000395419 9.14719e-05 0.000231654 3.56928e-05 -1
-0.00112485 -0.000127634 0.000136428 3.5479e-05 -1
-0.00136369 -0.000651143 0.000145951 3.76534e-05 -1
-0.00122243 -0.000447777 0.000194473 3.69046e-05 -1
-0.000728564 0.000718288 0.000157923 3.50467e-05 -1
-0.00101896 -0.000146941 0.000101628 3.66822e-05 -1
-1.11032e-05 -0.000421918 0.000412198 3.71973e-05 -1
-0.000124383 -0.000258684 0.000227586 3.92847e-05 -1
0.000572773 -0.000505903 0.000314106 3.73816e-05 -1
0.000219847 0.000752296 0.000151655 3.79029e-05 -1
-0.0003104 0.000128613 0.000311603 3.65909e-05 -1
0.000717405 0.000329669 0.00016495 3.75424e-05 -1
1.75106e-06 0.000729642 8.54126e-05 3.82207e-05 -1
0.000614187 5.84804e-05 0.00041582 3.58611e-05 -1
-0.000562508 0.00130577 3.5407e-05 3.54459e-05 -1
0.00010093 -0.000378699 9.62127e-05 3.82977e-05 -1
0.000138512 0.000884066 3.50486e-05 3.51557e-05 -1
7.16289e-05 4.11207e-05 0.000367095 3.88493e-05 -1
-0.000576725 0.00137628 3.63651e-05 3.64021e-05 -1
-0.000289823 0.00035239 0.000206831 3.65881e-05 -1
7.45038e-05 0.00146613 3.74004e-05 3.74519e-05 -1
0.000807956 0.000360118 0.00018411 3.75027e-05 -1
4.05966e-05 -0.000528238 0.000442442 3.76997e-05 -1
-0.00120983 -0.000460021 3.96462e-05 3.97293e-05 -1
0.000120774 -0.00013066 0.000367984 3.94216e-05 -1
-0.000557374 -0.000304555 8.39941e-05 3.64367e-05 -1
-0.000676523 0.000881083 3.70728e-05 3.71757e-05 -1
-0.000718256 0.000425741 3.87439e-05 3.87464e-05 -1
4.0005e-05 0.000213698 9.80492e-05 3.95493e-05 -1
-0.000487879 0.000216245 0.000232397 3.8072e-05 -1
0.000726727 0.000698961 3.52046e-05 3.5295e-05 -1
0.000437574 -0.00111733 8.77404e-05 3.77881e-05 -1
-0.000360894 -0.00141514 0.00011406 3.60077e-05 -1
0.000627682 -0.000157807 0.000148085 3.57759e-05 -1
-0.000799127 -0.000916121 3.6853e-05 3.69316e-05 -1
-0.000592113 -0.00116841 9.54666e-05 3.72089e-05 -1
-0.000578302 0.000880629 0.000265938 3.73418e-05 -1
0.000152602 3.0994e-06 3.58016e-05 3.60006e-05 -1
-0.00056614 0.000415176 3.64382e-05 3.658e-05 -1
0.000375257 -0.000887654 0.000267875 3.87146e-05 -1
-9.41485e-05 0.000807065 0.000158292 3.66109e-05 -1
0.000891226 -0.000639181 0.000150619 3.54629e-05 -1
0.000296279 -0.000825228 0.000163547 3.79217e-05 -1
0.000359807 0.00101376 0.000205106 3.72033e-05 -1
-0.000617585 0.00105465 0.000182764 3.99875e-05 -1
-0.0007711 -0.000208796 0.000389611 3.97228e-05 -1
-0.000933785 6.79941e-05 3.71437e-05 3.7215e-05 -1
0.000594463 -0.00145519 3.57972e-05 3.58555e-05 -1
0.000329214 0.000365726 0.000421477 3.89339e-05 -1
-8.50339e-05 -8.54065e-05 0.000319292 3.74714e-05 -1
-0.00107075 0.000534794 0.000102676 3.52034e-05 -1
-0.00105335 -0.000117767 3.98196e-05 3.99144e-05 -1
0.000923756 -0.00131247 9.51346e-05 3.77975e-05 -1
-0.001056 0.000248011 3.76835e-05 3.77881e-05 -1
-7.89025e-05 0.00129165 0.000154329 3.89767e-05 -1
-0.00146638 -3.69877e-05 9.50987e-05 3.84449e-05 -1
0.000495985 0.000182907 0.000225377 3.69495e-05 -1
0.00144792 -0.000417305 3.69e-05 3.69408e-05 -1
0.000524971 -0.000702751 0.000254705 3.86046e-05 -1
0.00130701 -0.000658106 9.08499e-05 3.88237e-05 -1
0.000713249 0.000832529 0.000191086 3.74618e-05 -1
-0.000607622 -0.00112659 3.66236e-05 3.66794e-05 -1
9.48785e-05 -8.44475e-05 3.62947e-05 3.65833e-05 -1
-7.25286e-05 -3.89263e-05 0.000247386 3.52592e-05 -1
0.000526715 -9.06386e-05 0.000186748 3.94353e-05 -1
-0.000861814 -8.30644e-05 0.000272173 3.71358e-05 -1
0.000498971 0.000902626 3.80831e-05 3.81843e-05 -1
-2.28416e-05 -0.00133072 0.000159227 3.6107e-05 -1
-0.000492183 -0.000299413 3.93912e-05 3.9438e-05 -1
-0.000149427 0.00143511 3.53922e-05 3.54758e-05 -1
0.000332635 0.000583134 3.78368e-05 3.80304e-05 -1
0.000579498 0.00144546 3.86199e-05 3.86673e-05 -1
-0.000921115 -0.000199704 8.0751e-05 3.65214e-05 -1
-0.000306131 0.000182774 0.000118594 3.64277e-05 -1
0.000525028 -0.00102368 0.000237652 3.72727e-05 -1
-0.00112007 0.00098784 0.000103316 3.82409e-05 -1
3.40099e-05 -0.00017933 8.86324e-05 3.61261e-05 -1
0.000909793 -0.000978628 0.000151369 3.93879e-05 -1
-0.00106523 -0.000297487 3.87902e-05 3.89205e-05 -1
-0.000654591 -0.00102001 8.15081e-05 3.78403e-05 -1
-7.60207e-05 -0.000200972 0.00034971 3.87319e-05 -1
0.000303509 0.000108462 0.000640555 3.65631e-05 -1
-0.000148552 -3.59368e-05 0.000203423 3.9381e-05 -1
0.00114799 0.000125925 3.49965e-05 3.5045e-05 -1
0.000604179 -0.000830541 0.000297224 3.80156e-05 -1
-0.000711598 -7.02096e-05 0.000154969 3.88001e-05 -1
0.000625713 -0.00152087 5.2261e-05 3.87421e-05 -1
-0.000576875 -0.00104134 0.000114619 3.76531e-05 -1
0.000803301 -0.00128765 9.80429e-05 3.74614e-05 -1
-0.00110434 -0.000619801 3.96158e-05 3.96933e-05 -1
0.000195968 -0.000273838 0.000170974 3.85191e-05 -1
-0.000336622 -0.00010934 0.00016116 3.9739e-05 -1
0.000723854 0.00074943 8.77718e-05 3.69641e-05 -1
-0.00110428 -0.000630634 0.000117399 3.88969e-05 -1
-0.00046245 0.000449421 0.000234687 3.73475e-05 -1
-8.81353e-05 -0.00135867 0.000142719 3.68264e-05 -1
0.000770834 -0.00141552 3.88118e-05 3.88611e-05 -1
-0.000357558 0.000526171 0.000190313 3.83811e-05 -1
-0.000951989 0.000328652 0.000275841 3.81741e-05 -1
0.000213232 -0.000606659 0.000268476 3.69039e-05 -1
0.000187534 0.000222068 0.000285312 3.65396e-05 -1
0.000559191 0.000494345 0.000224857 3.72837e-05 -1
0.000211017 0.000626175 0.000339518 3.65119e-05 -1
-0.000244374 0.000340903 0.000341633 3.79044e-05 -1
-0.00127298 -0.000836041 0.000101013 3.80892e-05 -1
0.000479143 0.00169831 3.68794e-05 3.6916e-05 -1
-0.000136198 0.000253679 0.000534406 3.88314e-05 -1
0.00125657 -0.000125286 0.000148322 3.66577e-05 -1
-0.000948597 -0.000930174 0.000147768 3.62116e-05 -1
0.000270419 -0.000843437 3.63595e-05 3.64679e-05 -1
-0.000545954 -0.00103323 0.000205343 3.62967e-05 -1
3.84695e-05 -0.000339305 7.71968e-05 3.53885e-05 -1
-0.00141745 -0.000284306 0.000110311 3.81605e-05 -1
-0.000267014 -0.000753339 0.000145095 3.74879e-05 -1
-0.000342979 0.000872065 0.000106484 3.94399e-05 -1
-0.00145257 0.000217533 8.14094e-05 3.99273e-05 -1
0.000205312 0.00092141 0.000204246 3.80645e-05 -1
0.000497277 -0.00107126 9.3986e-05 3.77216e-05 -1
1.03587e-06 0.00146827 9.44534e-05 3.72269e-05 -1
-6.28484e-05 0.000671826 0.000275474 3.69598e-05 -1
0.00148349 -0.000735133 3.79483e-05 3.79786e-05 -1
-0.000208927 8.84472e-06 0.000284858 3.52458e-05 -1
-0.000793426 -0.000518519 0.000319522 3.69168e-05 -1
-0.00119242 0.000333885 0.000149001 3.91163e-05 -1
0.000548508 -0.000949713 7.66504e-05 3.9994e-05 -1
4.07611e-05 0.00103434 8.13128e-05 3.75614e-05 -1
0.000156839 -0.00034316 0.000194734 3.54764e-05 -1
-0.000112223 7.4546e-06 0.000705112 3.62225e-05 -1
-0.000401372 8.65156e-05 8.55616e-05 3.66867e-05 -1
5.61873e-05 -0.000108792 9.37494e-05 3.68757e-05 -1
-0.000258171 0.000963514 3.77317e-05 3.77653e-05 -1
4.96244e-05 0.000548219 9.64497e-05 3.72897e-05 -1
0.000195521 -0.000205438 0.000343925 3.6885e-05 -1
0.000763023 -0.000331817 0.000284938 3.70635e-05 -1
0.00011059 0.000425161 0.000126163 3.66283e-05 -1
-0.000956521 0.000561222 8.99726e-05 3.50928e-05 -1
-0.00131447 0.000133789 0.000171602 3.6352e-05 -1
0.000483005 0.00010035 0.000510189 3.52886e-05 -1
0.000828418 0.000390603 3.74624e-05 3.76385e-05 -1
-0.000955278 0.000965023 5.73847e-05 3.6432e-05 -1
9.83716e-05 -0.000525769 0.000103421 3.90089e-05 -1
0.000269498 0.00152528 3.91564e-05 3.91932e-05 -1
0.000634948 -2.49521e-05 0.000198979 3.87089e-05 -1
0.000920035 0.000891491 3.61831e-05 3.6202e-05 -1
-0.000816888 -0.000222778 0.000155765 3.65531e-05 -1
0.00118661 -0.000518995 8.36931e-05 3.6625e-05 -1
0.000230259 -0.000167818 0.000170611 3.89589e-05 -1
0.000518893 0.000310255 0.000144198 3.80216e-05 -1
-0.000401999 -0.000148322 0.00014575 3.79559e-05 -1
0.000334076 -0.000416506 0.000255119 3.81886e-05 -1
-0.00013423 0.00141199 0.000104806 3.93103e-05 -1
0.00121842 0.000452386 0.000161725 3.66514e-05 -1
2.08162e-05 -0.00123913 5.60124e-05 3.80054e-05 -1
-0.000697961 0.000606838 8.47696e-05 3.84846e-05 -1
0.000685202 -0.000133004 0.000110963 3.71385e-05 -1
0.00150038 0.000292891 3.70586e-05 3.70972e-05 -1
-0.000404358 0.0011238 3.77192e-05 3.7829e-05 -1
0.000207224 -0.000366262 3.55073e-05 3.5664e-05 -1
0.000464766 8.51736e-05 0.000213672 3.62339e-05 -1
0.000824483 -0.000476328 0.000279544 3.69282e-05 -1
0.00011645 0.000232347 0.000410235 3.70752e-05 -1
-0.000200778 0.000320459 9.36484e-05 3.86327e-05 -1
0.00098366 -0.000129617 3.49668e-05 3.503e-05 -1
-0.00138137 0.000603788 9.8837e-05 3.60801e-05 -1
-0.000253024 0.00114232 0.00016559 3.77543e-05 -1
-0.000544411 -0.000210796 0.000475859 3.5117e-05 -1
-0.00169987 -9.84821e-05 8.17016e-05 3.594e-05 -1
0.000151976 0.000377521 8.61502e-05 3.82054e-05 -1
0.000111859 -0.00184021 3.85316e-05 3.85657e-05 -1
0.000892223 0.000106024 9.94483e-05 3.85377e-05 -1
-0.000241123 0.000720078 3.62301e-05 3.62561e-05 -1
0.000459052 -0.00107993 0.000224186 3.84155e-05 -1
0.000558454 0.00140776 0.000102842 3.87572e-05 -1
0.000835773 -0.000296406 9.7807e-05 3.96607e-05 -1
-0.000166089 5.24911e-05 0.000450315 3.72067e-05 -1
0.000494445 -0.0008684 0.000163967 3.77943e-05 -1
-0.00108633 9.65829e-05 0.000103777 3.82274e-05 -1
0.000357273 0.000175351 0.000507426 3.50744e-05 -1
-0.0010046 -0.000340135 3.52212e-05 3.53493e-05 -1
0.000827979 -0.000719679 9.26904e-05 3.53211e-05 -1
-0.00150579 -0.000682033 3.89194e-05 3.89718e-05 -1
0.000198487 0.000860555 0.000160848 3.70197e-05 -1
0.000324111 0.00053261 0.000355798 3.56656e-05 -1
0.000151371 0.00049638 0.000313076 3.6469e-05 -1
9.62926e-06 -0.00080868 0.000180915 3.96846e-05 -1
-5.05348e-05 0.000737363 0.000243911 3.6863e-05 -1
0.000567694 -0.000553496 0.000206931 3.604e-05 -1
0.000800367 -2.25899e-05 0.0002012 3.94055e-05 -1
-0.00060343 -0.00127741 3.77523e-05 3.78025e-05 -1
-0.00103488 -0.00032208 0.00014402 3.66435e-05 -1
-0.000436308 0.000714645 9.21986e-05 3.83749e-05 -1
-0.000430976 0.00159201 3.85689e-05 3.86012e-05 -1
0.000438363 -0.000905258 0.000215962 3.68405e-05 -1
-0.0002481 -0.00010536 0.000168645 3.79536e-05 -1
7.58123e-06 0.000297451 9.83496e-05 3.87529e-05 -1
-0.00143937 -0.000362773 0.000101409 3.96514e-05 -1
0.000509487 0.000137672 3.50486e-05 3.50758e-05 -1
-0.000729067 0.000728701 3.54421e-05 3.55639e-05 -1
0.000502701 0.00110773 0.000161773 3.8233e-05 -1
0.000210052 -0.00172698 3.76877e-05 3.77207e-05 -1
0.000120618 0.00114179 0.000193255 3.6157e-05 -1
0.000800486 0.000258136 0.000319909 3.80848e-05 -1
0.000465213 -0.000251617 9.73735e-05 3.91456e-05 -1
0.000711414 -0.00073216 9.62687e-05 3.75452e-05 -1
0.000613562 -0.000520993 0.000255724 3.54333e-05 -1
-0.000184415 -0.000391061 0.000496368 3.78768e-05 -1
0.00104937 -0.000160967 3.77741e-05 3.78834e-05 -1
0.000125445 -0.000257235 0.000194495 3.77079e-05 -1
-0.000637547 0.000654185 0.000247261 3.89458e-05 -1
-0.00137335 0.0007428 0.000109927 3.84806e-05 -1
-0.00112829 -0.000392083 9.32928e-05 3.5446e-05 -1
0.000187397 -0.000102209 0.000585843 3.63464e-05 -1
0.000637721 -0.000645428 0.000299349 3.74109e-05 -1
0.000725979 0.000147941 0.000231005 3.97655e-05 -1
0.000684878 1.43259e-06 3.64096e-05 3.64676e-05 -1
0.000948872 -0.000867011 3.89116e-05 3.89611e-05 -1
-0.000992284 -0.00103286 0.00010273 3.5393e-05 -1
-7.05098e-05 -0.00020791 0.000245152 3.67258e-05 -1
0.000344293 0.000266525 0.000415586 3.50265e-05 -1
0.000146188 -0.000787488 0.00016303 3.64373e-05 -1
0.000114604 0.000173403 6.76271e-05 3.99101e-05 -1
0.00108899 0.000556029 3.95741e-05 3.96371e-05 -1
-0.000836658 0.000439369 0.000188573 3.61657e-05 -1
0.000298147 0.000325155 0.000333613 3.81502e-05 -1
0.000330758 -0.00039463 9.0242e-05 3.79708e-05 -1
-0.0017992 -0.000516353 3.65805e-05 3.66092e-05 -1
-0.000755905 0.00154009 3.75674e-05 3.76025e-05 -1
-0.000368644 0.000231833 0.000302286 3.58876e-05 -1
0.000306302 -0.000714461 0.000177381 3.75153e-05 -1
0.000126446 -0.000307831 0.000250651 3.73306e-05 -1
0.000646231 -0.000547069 0.000324496 3.63864e-05 -1
0.000536796 -0.0012754 3.95686e-05 3.96536e-05 -1
0.000813329 0.00058356 9.82746e-05 3.72712e-05 -1
0.00159097 0.000234907 3.90873e-05 3.91281e-05 -1
0.000755001 0.000231824 0.000371404 3.55313e-05 -1
-0.00181452 0.000128596 6.8176e-05 3.86537e-05 -1
8.64455e-05 -0.000702624 0.000304147 3.62015e-05 -1
-0.00146121 0.000576473 9.58684e-05 3.77385e-05 -1
-0.000166109 0.000938695 0.000108385 3.53636e-05 -1
0.00109896 0.00071524 3.58443e-05 3.59189e-05 -1
-0.000718398 0.00149383 8.15596e-05 3.64576e-05 -1
7.67153e-06 0.000357705 0.000573982 3.68844e-05 -1
-0.000648103 -0.000634024 9.65552e-05 3.82954e-05 -1
3.73898e-05 0.00065463 0.000370873 3.59657e-05 -1
-0.000191815 0.000433783 0.000222836 3.80553e-05 -1
-0.000279134 0.00074392 0.000270668 3.8402e-05 -1
0.00109122 -0.000746746 0.000114012 3.84793e-05 -1
0.000112487 -0.00048139 0.00042813 3.50967e-05 -1
-0.000629102 0.000169769 0.000287038 3.58502e-05 -1
-0.00159366 -0.000192005 0.000109798 3.67439e-05 -1
-0.000832027 -0.000390378 9.64416e-05 3.62189e-05 -1
0.000531194 0.000108108 0.000237091 3.78689e-05 -1
-0.000100497 0.000302791 0.000357397 3.65772e-05 -1
0.000873824 -0.000512137 3.75069e-05 3.76305e-05 -1
9.22213e-05 -0.000172244 0.000674345 3.89266e-05 -1
-0.00152137 0.000643693 3.61016e-05 3.61339e-05 -1
0.000994755 0.00101079 3.49954e-05 3.50222e-05 -1
0.000232063 0.000409895 0.000305582 3.80462e-05 -1
0.000517713 0.00119639 9.66569e-05 3.64753e-05 -1
0.000147393 0.000543119 0.000411303 3.67656e-05 -1
0.000565378 -2.51699e-05 0.000167157 3.78366e-05 -1
5.59356e-05 -2.67513e-05 0.000392504 3.53707e-05 -1
-0.000310493 -0.000172151 3.82612e-05 3.83652e-05 -1
0.000384572 -0.00160435 3.97364e-05 3.97857e-05 -1
-0.000241658 -0.000136466 3.91302e-05 3.92225e-05 -1
0.000965863 -0.000128524 0.000228661 3.80179e-05 -1
-0.00124146 -0.00043804 0.000108299 3.90624e-05 -1
0.000503805 -0.000178715 0.000189845 3.62134e-05 -1
-0.000372384 0.000974097 0.000282603 3.54346e-05 -1
-0.000723814 -0.000537931 0.000291681 3.80297e-05 -1
0.000963579 0.000831632 3.59455e-05 3.60051e-05 -1
0.000426236 0.000593806 0.000331306 3.55865e-05 -1
3.77735e-05 -0.000299288 0.000147392 3.88738e-05 -1
-0.00093607 0.000351066 0.000135491 3.67154e-05 -1
-0.000556832 0.00126551 9.68522e-05 3.73051e-05 -1
-0.000139073 7.92918e-05 0.00018367 3.9402e-05 -1
0.000406397 0.00037305 8.34826e-05 3.80276e-05 -1
0.000557904 -0.00122184 0.000101206 3.70735e-05 -1
-0.000231474 -0.000526788 0.000224855 3.77247e-05 -1
-0.00010741 -0.000453329 0.000261399 3.72554e-05 -1
0.000586393 0.000280143 0.000156665 3.69489e-05 -1
-0.000162098 -0.000828884 0.000362236 3.53048e-05 -1
-0.000497676 -0.00134805 0.000106196 3.76027e-05 -1
-0.000457795 0.00131317 3.58126e-05 3.58538e-05 -1
-0.000387786 9.78845e-05 0.000476046 3.78646e-05 -1
0.000632977 0.000288581 0.000399367 3.65566e-05 -1
-0.000384214 -0.000392946 0.000389598 3.79387e-05 -1
0.000528067 0.000978418 0.00023459 3.91414e-05 -1
-0.000268161 -0.000526765 8.66485e-05 3.60936e-05 -1
-0.000300585 -0.000265276 3.96675e-05 3.98727e-05 -1
-0.000431089 0.000366938 0.000375609 3.70788e-05 -1
-0.000386598 0.00104945 3.59283e-05 3.59562e-05 -1
-0.000988055 -0.00125788 3.54149e-05 3.5467e-05 -1
0.00011137 0.00121559 0.000181567 3.91599e-05 -1
0.000188942 -0.000838321 3.91132e-05 3.9207e-05 -1
0.000938224 0.000364649 0.000142995 3.79663e-05 -1
0.000136717 6.56221e-05 0.00051328 3.80742e-05 -1
-0.000398655 -0.000948475 0.000209531 3.546e-05 -1
0.00101673 0.000617027 0.000102076 3.71926e-05 -1
-6.32667e-05 -0.000370294 0.000175193 3.95549e-05 -1
-0.000187051 0.000541584 0.000183346 3.57016e-05 -1
0.000397045 0.000222577 0.000465248 3.97252e-05 -1
0.000388258 -8.24038e-05 8.66939e-05 3.75076e-05 -1
-0.000394594 0.00106208 0.000153798 3.67938e-05 -1
0.00026755 -0.00075887 0.000106485 3.94404e-05 -1
-0.000565196 0.000102838 0.000194049 3.88496e-05 -1
0.00060358 0.000365388 0.000344371 3.99265e-05 -1
0.000586228 -0.000163263 0.000343323 3.7228e-05 -1
0.000865169 0.000673623 0.000177507 3.51594e-05 -1
0.000331106 -0.00101383 0.000232525 3.51761e-05 -1
0.000770201 -0.00113523 9.4097e-05 3.94695e-05 -1
8.61818e-05 4.86998e-05 0.000459221 3.78403e-05 -1
-0.000603739 -0.000662292 3.93696e-05 3.95559e-05 -1
-9.74613e-05 0.00122668 0.000101458 3.68667e-05 -1
0.000234219 -0.000775406 3.82365e-05 3.83373e-05 -1
0.00030158 0.00113033 0.000164063 3.55174e-05 -1
-7.61669e-05 6.42425e-06 3.57369e-05 3.57911e-05 -1
-0.000583219 -0.000352956 3.62481e-05 3.638e-05 -1
0.00112278 -0.000582469 0.000181581 3.97767e-05 -1
0.000199498 0.000141503 0.000495861 3.99779e-05 -1
-8.51466e-05 -1.39546e-05 0.000634733 3.66632e-05 -1
0.00026107 -8.75103e-05 0.000386132 3.99618e-05 -1
0.000336684 9.34894e-05 0.000486787 3.54105e-05 -1
-0.00119631 -0.000156976 0.000178187 3.75894e-05 -1
-0.000246034 0.000807943 0.000338442 3.92321e-05 -1
0.00060598 -0.000442517 3.7726e-05 3.78673e-05 -1
-0.00031759 -0.00041673 0.00019185 3.5791e-05 -1
0.000998334 0.000701097 9.95922e-05 3.81711e-05 -1
0.000729139 -0.000975182 8.81021e-05 3.71508e-05 -1
-0.000198346 0.00068359 0.000260558 3.73267e-05 -1
0.000203315 0.0013463 3.53505e-05 3.53835e-05 -1
0.000343965 4.2034e-05 0.000438782 3.53573e-05 -1
-0.000129401 -0.000990004 0.00017349 3.65785e-05 -1
-0.0010807 0.000795493 3.60641e-05 3.61161e-05 -1
0.0010352 0.000685753 0.000161198 3.52703e-05 -1
-1.20917e-05 -0.000329359 0.00030431 3.69143e-05 -1
-0.000938202 -0.000978683 9.4536e-05 3.6599e-05 -1
-8.42476e-05 -0.000488489 0.000325971 3.98679e-05 -1
0.00115198 5.09562e-05 0.000195791 3.63774e-05 -1
-0.00095458 -0.000238187 0.00029628 3.54676e-05 -1
0.000731093 -0.00015273 0.000326616 3.56595e-05 -1
0.000755719 0.00111551 0.000102575 3.86498e-05 -1
-0.000185891 -0.0010646 0.00010539 3.70231e-05 -1
3.53228e-05 -0.000674969 0.000261518 3.59029e-05 -1
0.000203241 -3.29079e-06 0.000303812 3.94141e-05 -1
-0.000847146 -0.00107689 9.79382e-05 3.86552e-05 -1
-0.000834348 0.000259739 7.40727e-05 3.7208e-05 -1
-0.000465534 0.000924248 0.000319904 3.73156e-05 -1
0.000109951 -0.000558032 0.000454275 3.87209e-05 -1
-0.000483661 -0.00043643 0.000413909 3.83054e-05 -1
0.000601393 0.000510632 0.000163005 3.94157e-05 -1
0.000397579 0.00118476 3.56201e-05 3.56554e-05 -1
-0.000769241 -0.000419255 0.000125954 3.90225e-05 -1
0.000507581 0.000475525 0.000273712 3.63253e-05 -1
-0.000479746 0.000484236 0.000420232 3.77266e-05 -1
-0.00146173 0.000467396 6.17191e-05 3.54039e-05 -1
-0.000862523 -0.000485406 0.000102837 3.9314e-05 -1
-0.000615417 -0.0015415 3.83031e-05 3.8339e-05 -1
1.52911e-05 0.000657032 3.65e-05 3.66552e-05 -1
0.000289993 0.000552506 9.42847e-05 3.91906e-05 -1
0.000680446 0.000416066 0.000152432 3.85231e-05 -1
0.000537153 -0.00141209 3.57221e-05 3.57782e-05 -1
-0.00169333 -0.000231755 3.90378e-05 3.90737e-05 -1
0.000177615 -0.00109406 0.000126122 3.84681e-05 -1
-0.000588119 -0.000516049 0.000337673 3.71274e-05 -1
-0.00016254 0.000337704 0.00037394 3.65149e-05 -1
0.000368855 6.93113e-05 0.000297546 3.88593e-05 -1
-0.000165399 0.000847841 3.79252e-05 3.81049e-05 -1
0.00126361 -0.000273363 0.000145976 3.51176e-05 -1
-0.000601767 -0.000767804 0.000259971 3.68221e-05 -1
-0.000608567 -0.000948161 0.000235755 3.9749e-05 -1
0.000454136 2.00642e-05 0.000532498 3.78954e-05 -1
0.00060791 -0.000781776 0.000180216 3.86458e-05 -1
-0.00130968 -1.52899e-05 0.000210654 3.86809e-05 -1
-0.000129375 -0.000854478 0.000271063 3.67913e-05 -1
-0.000576022 3.78455e-05 0.000235102 3.84495e-05 -1
-0.000191995 0.00127152 0.000139823 3.51502e-05 -1
-0.00046128 8.61189e-05 0.000309735 3.84922e-05 -1
0.000727922 -0.000610271 0.000220809 3.81923e-05 -1
0.000757847 -0.000846868 0.000103649 3.55173e-05 -1
0.00082633 7.12975e-05 8.27559e-05 3.58857e-05 -1
0.00115123 -0.000350877 0.000145291 3.6426e-05 -1
0.000834788 0.000168886 9.77772e-05 3.73415e-05 -1
-0.00128652 0.000498438 0.000147095 3.85713e-05 -1
-0.000964816 -0.000380983 0.000184447 3.68048e-05 -1
-0.000872717 -0.000666463 0.000274762 3.84828e-05 -1
-0.000131252 -0.00037526 0.000138006 3.65697e-05 -1
0.000583888 -0.000278595 0.000300502 3.87023e-05 -1
-0.000563181 0.00100718 0.000100467 3.61004e-05 -1
-0.00149942 -0.000166668 9.98259e-05 3.59342e-05 -1
-3.19616e-05 -0.000268995 0.000216908 3.8203e-05 -1
-0.000946161 -5.71577e-05 0.000206257 3.76161e-05 -1
0.000311278 7.39292e-05 0.000249191 3.64936e-05 -1
-0.00042605 -0.00121253 0.00010358 3.5454e-05 -1
0.000411895 0.000486065 8.87725e-05 3.67025e-05 -1
-1.46001e-05 6.39693e-06 0.000648016 3.79846e-05 -1
-0.000792728 0.000821698 3.79286e-05 3.79901e-05 -1
-1.51288e-05 -0.000447989 0.000165031 3.5699e-05 -1
-0.000888207 0.000369846 0.0002874 3.71244e-05 -1
0.000629409 0.000390716 0.000100228 3.87992e-05 -1
0.000548947 -0.000227138 0.000363718 3.57258e-05 -1
0.000452947 -0.000392066 0.000223044 3.57132e-05 -1
-0.00050611 -0.00112985 0.000129548 3.67052e-05 -1
-0.00087901 -0.000469676 0.000210906 3.97487e-05 -1
8.44517e-05 -0.000623417 0.000246074 3.69831e-05 -1
-0.000345093 6.54401e-05 0.000594443 3.99215e-05 -1
-0.000329567 8.40773e-05 0.00011836 3.53058e-05 -1
0.000867677 0.00152465 3.70663e-05 3.71012e-05 -1
-0.00172737 0.000561244 3.71822e-05 3.72173e-05 -1
-0.000662567 -0.000485079 0.000213724 3.69657e-05 -1
-0.000460716 0.000668654 3.62666e-05 3.63271e-05 -1
-0.00055609 -0.000153136 3.80625e-05 3.81929e-05 -1
0.000814035 0.00114556 0.000153585 3.80235e-05 -1
0.00125122 -3.18003e-05 0.00013553 3.81039e-05 -1
-0.000137197 0.000160684 0.000668316 3.61663e-05 -1
0.000617258 0.000340098 3.92854e-05 3.94283e-05 -1
-0.000617736 0.000830877 0.000128342 3.68718e-05 -1
-0.000436786 0.000477047 0.000358674 3.77062e-05 -1
0.000589514 -0.000327236 0.000130647 3.51473e-05 -1
-0.000884528 -0.000124993 0.000332437 3.97485e-05 -1
0.00044246 6.62298e-05 0.000310305 3.60085e-05 -1
-0.000110236 0.000208069 0.000106084 3.59414e-05 -1
-0.000229198 0.000351536 0.000415242 3.80459e-05 -1
0.000929962 -0.000567311 3.70303e-05 3.71088e-05 -1
-3.95414e-05 0.000183297 0.000199283 3.79868e-05 -1
-0.00133078 0.000552284 0.0001154 3.8027e-05 -1
-0.000564476 -0.000977826 3.81776e-05 3.82709e-05 -1
0.000856336 4.91141e-05 0.000345206 3.87725e-05 -1
0.000257874 0.0016002 3.57857e-05 3.58038e-05 -1
-0.00130432 0.000708476 3.88094e-05 3.88523e-05 -1
-0.00149351 -0.000274174 3.98242e-05 3.9868e-05 -1
0.000490004 0.000154238 0.000343077 3.67617e-05 -1
0.000189163 -0.000884548 0.000182741 3.94871e-05 -1
-0.000622977 -0.000299795 0.000427001 3.83854e-05 -1
0.000833573 -0.000775437 3.76096e-05 3.77256e-05 -1
-4.99296e-06 0.000788811 3.79644e-05 3.80741e-05 -1
-5.94557e-05 0.000473251 3.94583e-05 3.95098e-05 -1
-3.71397e-05 -0.00121319 9.36652e-05 3.57849e-05 -1
0.000630132 -0.000161 0.000404269 3.79628e-05 -1
-0.000655168 0.000255559 0.000397783 3.71823e-05 -1
-0.000614262 7.55124e-05 0.000136173 3.71945e-05 -1
0.000716266 -0.000118665 0.000387787 3.59557e-05 -1
0.00104685 7.59462e-05 0.000261385 3.77395e-05 -1
-0.000944698 -0.000356175 0.00010333 3.55228e-05 -1
-0.000652843 -2.14765e-05 3.65894e-05 3.669e-05 -1
-0.000223467 -0.000204102 0.000469902 3.7678e-05 -1
0.000489863 -0.00150158 8.62753e-05 3.53362e-05 -1
-0.000887253 0.000948904 0.0002015 3.83851e-05 -1
-0.000592238 -0.00057702 0.000297595 3.60008e-05 -1
-0.00123352 -0.000681253 9.13189e-05 3.53605e-05 -1
0.000471469 -0.000495988 0.000283102 3.66912e-05 -1
-0.000570926 0.000978967 0.000280997 3.57783e-05 -1
-0.000659396 -0.00121079 0.000100746 3.88732e-05 -1
-0.000758219 0.000400347 0.000257922 3.63463e-05 -1
8.08905e-05 0.00025593 0.000624174 3.77339e-05 -1
-0.000344907 -0.000225874 0.000412432 3.6473e-05 -1
0.000537481 -5.92614e-05 9.39778e-05 3.75633e-05 -1
0.000169537 -0.00127534 3.65705e-05 3.66105e-05 -1
-0.000484178 -0.000423192 3.72636e-05 3.73539e-05 -1
3.26955e-05 0.00116263 9.70443e-05 3.73434e-05 -1
0.00126541 0.000768972 0.000100237 3.67041e-05 -1
-0.000727934 0.000448561 0.000302511 3.59941e-05 -1
0.000710484 0.00126631 3.55801e-05 3.56504e-05 -1
0.000234846 -0.00105552 9.34785e-05 3.66667e-05 -1
-0.0013783 0.000568125 3.61191e-05 3.61702e-05 -1
0.000251805 0.000367299 0.000431752 3.92025e-05 -1
-0.00030441 4.86268e-05 0.000658792 3.80683e-05 -1
-0.000463905 -0.000246945 8.6524e-05 3.65484e-05 -1
0.000508498 -0.000718398 6.2481e-05 3.79244e-05 -1
0.000691667 0.000423465 0.000259966 3.98781e-05 -1
-0.00112181 -0.000347666 3.67301e-05 3.67874e-05 -1
-0.00104265 0.00110688 8.30594e-05 3.69844e-05 -1
-0.00063986 0.000263365 0.000286511 3.74683e-05 -1
-0.000645847 -3.91027e-05 0.000382716 3.83017e-05 -1
-5.2364e-05 0.000642436 0.000341804 3.6388e-05 -1
-0.000318915 -0.000914638 0.000152931 3.59699e-05 -1
-0.000795846 -0.00058949 0.000296623 3.77167e-05 -1
0.000162174 -0.000354608 0.000297857 3.80289e-05 -1
-0.000371062 -0.000375352 0.000217978 3.6723e-05 -1
-0.0014548 -0.000172236 3.93643e-05 3.94528e-05 -1
-3.95076e-05 0.000104375 0.000435387 3.87972e-05 -1
0.000519828 0.00105538 0.000215204 3.85431e-05 -1
-0.000202667 0.000633706 0.00046033 3.72729e-05 -1
0.00145645 0.000264555 9.04359e-05 3.76397e-05 -1
0.00060656 -0.000159707 0.00047576 3.73527e-05 -1
0.000358421 0.000293401 0.000296704 3.93622e-05 -1
-0.000443665 -0.000404953 0.00020364 3.89397e-05 -1
-0.000334598 0.000205053 0.000192308 3.66702e-05 -1
-0.000987834 -0.00132974 3.63726e-05 3.64113e-05 -1
-0.00125131 0.000629604 3.80302e-05 3.80868e-05 -1
-0.000989968 -0.000187706 0.000180215 3.91943e-05 -1
0.000514687 0.000512114 0.000147487 3.60549e-05 -1
-0.000499127 -2.99287e-05 0.000152477 3.77575e-05 -1
-0.00121733 0.000532437 0.00016222 3.89271e-05 -1
-0.000867381 1.77518e-05 3.70731e-05 3.71985e-05 -1
-0.00105481 0.00086081 0.000152788 3.6996e-05 -1
-0.000230278 5.40952e-05 0.000530517 3.54866e-05 -1
-0.000953967 0.000675016 0.000165985 3.5418e-05 -1
-0.00109607 -0.000145162 0.000268432 3.6932e-05 -1
-0.000566431 0.00111383 3.78967e-05 3.79656e-05 -1
0.000774794 -0.000281986 0.000143226 3.78024e-05 -1
-0.000872988 -0.000626733 3.66365e-05 3.67902e-05 -1
0.000259059 0.00126699 0.000169844 3.81919e-05 -1
-0.00105009 -0.00058585 0.00015423 3.94071e-05 -1
-0.000572881 -0.000593348 3.60202e-05 3.60934e-05 -1
0.000322893 0.000743341 0.000225219 3.75327e-05 -1
-0.000128321 0.00020536 0.000261656 3.63072e-05 -1
-0.000826661 -0.00135579 3.78886e-05 3.79449e-05 -1
0.000500184 0.000131821 0.00041417 3.63827e-05 -1
-0.0016103 0.000221253 9.83581e-05 3.85635e-05 -1
-0.000250517 -0.000722186 3.67613e-05 3.69036e-05 -1
-0.000158386 0.00153119 9.09293e-05 3.77679e-05 -1
0.000964166 -0.000481618 0.000248442 3.89939e-05 -1
0.000613708 -0.00121744 0.000159414 3.54808e-05 -1
0.000392575 -0.000699936 0.000307335 3.61713e-05 -1
-0.00100564 -0.00069438 9.47127e-05 3.68822e-05 -1
-0.00147739 0.000770934 3.93798e-05 3.94281e-05 -1
6.90742e-05 -1.88915e-05 0.000715627 3.75048e-05 -1
0.000156815 0.000673355 0.000188812 3.83247e-05 -1
0.000606395 -0.000615499 0.000199744 3.74259e-05 -1
0.000434102 0.000602027 0.000249519 3.61651e-05 -1
2.89632e-05 0.000184983 0.000570095 3.80497e-05 -1
0.00166022 0.000207189 3.55293e-05 3.55591e-05 -1
0.000572894 0.000830752 0.000107413 3.60175e-05 -1
0.00078369 0.000902415 0.000169666 3.80787e-05 -1
0.000961567 -0.000584968 0.000113622 3.70617e-05 -1
-4.49765e-05 -0.000396929 3.70357e-05 3.71513e-05 -1
-0.00031582 -0.000978857 3.85015e-05 3.85673e-05 -1
-0.000274413 -0.000917855 3.51257e-05 3.52385e-05 -1
0.000232625 -5.50332e-05 0.000451623 3.84987e-05 -1
-0.000763599 -0.000796857 0.000237169 3.69093e-05 -1
-0.000474406 -0.000668143 0.000160095 3.77042e-05 -1
-0.000126249 -0.000240176 0.000304142 3.96755e-05 -1
-0.000552403 0.000281238 0.000344708 3.99929e-05 -1
0.000272929 -2.90011e-05 0.000334804 3.87904e-05 -1
-3.15496e-05 5.11194e-05 7.46855e-05 3.84482e-05 -1
0.000408558 0.00150209 7.78555e-05 3.87576e-05 -1
-0.00102797 -0.000499608 3.73945e-05 3.74594e-05 -1
-0.000499602 -0.000606621 0.000294905 3.61396e-05 -1
-0.000114455 -0.00123392 0.000100032 3.93024e-05 -1
-0.000409714 0.000113485 0.000360273 3.8777e-05 -1
-4.66509e-05 -0.000775021 0.000223191 3.83735e-05 -1
0.000170043 0.0014118 3.81074e-05 3.81446e-05 -1
2.49458e-05 0.000181774 0.000324613 3.73273e-05 -1
0.000134433 0.000510002 3.67312e-05 3.67829e-05 -1
0.000197895 -0.000170765 0.000608185 3.65536e-05 -1
0.000243749 -0.000706118 0.000221644 3.95935e-05 -1
0.000329571 0.000519555 0.000427338 3.70855e-05 -1
0.00121001 0.000595267 0.000159295 3.70463e-05 -1
-0.000448259 2.58613e-05 0.000258393 3.72221e-05 -1
3.41347e-05 -0.000869865 3.95457e-05 3.96689e-05 -1
0.00144366 0.00012748 3.59078e-05 3.59629e-05 -1
-0.000547577 0.000218345 0.000185745 3.78247e-05 -1
-0.000283183 0.000679227 0.000396945 3.70514e-05 -1
-0.000492093 -0.000313677 0.000113147 3.57127e-05 -1
0.00144604 0.000449119 0.000102842 3.9278e-05 -1
-0.000691035 0.000601296 0.000163211 3.68104e-05 -1
0.00126185 0.000226176 0.000157254 3.83452e-05 -1
0.00048076 0.00118777 3.54867e-05 3.55646e-05 -1
0.000972742 -0.000156771 0.000160672 3.58469e-05 -1
0.00063005 -0.00023775 0.000416107 3.97297e-05 -1
-0.00175938 1.26299e-05 3.60586e-05 3.60939e-05 -1
0.000901972 0.00116856 3.55526e-05 3.56067e-05 -1
0.00113353 -0.00109593 3.67511e-05 3.67822e-05 -1
-2.59464e-06 0.0012716 0.000163396 3.78335e-05 -1
0.000529803 -0.00014638 0.000465321 3.87926e-05 -1
-0.00039592 0.00074725 3.72162e-05 3.73104e-05 -1
-0.00030604 0.000887778 3.9036e-05 3.91196e-05 -1
0.00101771 -4.47044e-07 7.87126e-05 3.77595e-05 -1
0.000310031 -4.66698e-05 0.000446591 3.52282e-05 -1
-0.000303115 0.000460431 0.000332024 3.82375e-05 -1
-3.75233e-05 -0.000549592 0.000244464 3.74446e-05 -1
0.000829696 -1.07421e-05 0.000303202 3.90702e-05 -1
0.000361433 0.000599637 0.000220839 3.95493e-05 -1
0.000175292 -0.00046221 0.000459204 3.75984e-05 -1
-0.000869227 -0.000577864 0.000282476 3.79257e-05 -1
-2.17337e-05 0.000858616 0.000331785 3.71557e-05 -1
0.000354316 4.21043e-05 0.000188008 3.866e-05 -1
2.74609e-05 -0.000638534 0.000125275 3.88475e-05 -1
0.000477367 -0.000784604 3.88507e-05 3.89714e-05 -1
2.74071e-05 0.000765865 0.000213698 3.61348e-05 -1
-0.00127394 1.58827e-05 0.000135035 3.69074e-05 -1
-0.00141213 0.000665482 7.30801e-05 3.75568e-05 -1
0.000500053 -0.00156984 3.57306e-05 3.57749e-05 -1
-9.14123e-05 -0.000613479 0.000143945 3.61532e-05 -1
-0.000437375 0.000155729 0.000306562 3.50245e-05 -1
0.000776398 -0.00101123 3.95649e-05 3.96438e-05 -1
-0.000356862 -2.1565e-05 0.000274391 3.98172e-05 -1
-8.34503e-05 9.48615e-05 3.78382e-05 3.79186e-05 -1
0.00026754 -0.000804593 0.000337127 3.85439e-05 -1
-0.000616895 0.00053368 0.000336574 3.74022e-05 -1
-0.000390126 0.000674191 5.0397e-05 3.59295e-05 -1
0.00116021 -0.000231581 9.80938e-05 3.65408e-05 -1
-0.000829467 0.000225099 0.00027136 3.68417e-05 -1
-0.000657638 0.000771587 0.000222223 3.79587e-05 -1
-0.000198053 -0.00164132 3.57432e-05 3.57867e-05 -1
-0.000418979 0.00044146 0.000293722 3.64549e-05 -1
-0.000359954 -4.05768e-05 0.000185139 3.67557e-05 -1
-0.000121331 0.000652362 0.000162127 3.59561e-05 -1
0.00020823 -0.000901615 0.000111471 3.63335e-05 -1
0.000108773 -0.00113131 3.55193e-05 3.56705e-05 -1
0.00111701 -0.000120375 0.000106553 3.51015e-05 -1
-0.000236449 -0.000496741 0.000145288 3.71076e-05 -1
0.000153788 -0.00152457 3.86113e-05 3.86653e-05 -1
-0.00148715 -0.000765113 3.7793e-05 3.7837e-05 -1
0.000792087 0.000969477 3.77486e-05 3.77865e-05 -1
-0.000158213 -0.00058002 0.000152569 3.80878e-05 -1
0.000789828 0.000123835 0.000264001 3.6085e-05 -1
0.00056057 0.000181901 0.000440878 3.6307e-05 -1
-0.000199153 -0.00138087 0.000140238 3.61377e-05 -1
-0.00118537 0.000535491 9.26342e-05 3.77402e-05 -1
0.000324915 0.000450999 0.000235364 3.59395e-05 -1
-0.000195912 -0.000769412 0.000335439 3.81891e-05 -1
-0.000222491 -0.0014735 3.85452e-05 3.86088e-05 -1
-0.001057 -0.000195472 0.000143269 3.77743e-05 -1
-5.35904e-05 -0.000410264 0.000304164 3.71291e-05 -1
0.000458681 -0.000102943 0.000406376 3.84862e-05 -1
0.000145778 -0.00114085 0.000178476 3.77957e-05 -1
-0.000539748 0.00052163 0.000159042 3.81049e-05 -1
-0.00119445 0.000401936 0.000200162 3.59819e-05 -1
-0.000232461 0.000578922 0.000228554 3.82161e-05 -1
-0.00149861 -0.000496286 0.000105184 3.69917e-05 -1
-0.000917548 -0.000749409 0.000167764 3.84047e-05 -1
-0.000697378 0.000245458 3.51546e-05 3.53037e-05 -1
0.000847904 0.000125546 3.77701e-05 3.78826e-05 -1
-0.000765296 -0.000712755 0.000129494 3.71345e-05 -1
-0.00117556 -3.54934e-05 3.89856e-05 3.90525e-05 -1
-0.000746022 -0.000248781 3.73271e-05 3.75047e-05 -1
-6.16176e-05 -0.00124646 3.552e-05 3.56144e-05 -1
-0.00142519 0.000868709 3.89975e-05 3.90476e-05 -1
-0.00117081 -0.00109356 3.78454e-05 3.79005e-05 -1
-0.00131623 -0.000219564 3.62276e-05 3.63279e-05 -1
-8.20621e-05 0.00117474 3.9009e-05 3.90486e-05 -1
-0.00071394 0.00132904 0.000101478 3.88038e-05 -1
-6.56904e-05 0.00134576 9.91815e-05 3.94582e-05 -1
0.00144233 0.000210088 3.86175e-05 3.86607e-05 -1
-0.000870036 0.000378491 0.000160468 3.87753e-05 -1
0.000390668 -0.000782406 3.97226e-05 3.97864e-05 -1
0.00031052 -0.000559801 0.000109309 3.73645e-05 -1
1.31359e-05 -0.00019084 0.000451694 3.87143e-05 -1
-0.000285962 -0.00151751 3.8559e-05 3.86231e-05 -1
0.0012392 -0.000517921 3.50265e-05 3.509e-05 -1
0.00125465 0.000707007 3.75396e-05 3.75934e-05 -1
0.000645095 -0.00036609 0.0004155 3.76207e-05 -1
0.00014438 0.0007394 0.0001524 3.81619e-05 -1
-0.000260125 -4.60084e-05 3.61461e-05 3.63703e-05 -1
-0.00034466 -0.000369022 0.00014155 3.86737e-05 -1
0.000157048 0.000203167 0.000220396 3.73657e-05 -1
0.000675039 0.00113974 0.000106702 3.97064e-05 -1
-0.00102077 0.0003577 0.000233472 3.61369e-05 -1
0.00103819 0.00096014 0.000129622 3.67035e-05 -1
0.00116682 0.00100321 3.97673e-05 3.98154e-05 -1
-0.000910182 -0.000861871 3.51356e-05 3.52361e-05 -1
0.00099287 -0.000307906 9.5669e-05 3.66701e-05 -1
-0.00122314 4.71452e-05 9.00888e-05 3.78106e-05 -1
-0.000831117 0.00018961 0.000344536 3.78277e-05 -1
-0.000728712 0.000953011 3.79873e-05 3.80234e-05 -1
0.000790331 5.36793e-05 0.000304666 3.63793e-05 -1
-4.52387e-05 0.000625652 0.000454815 3.73462e-05 -1
-0.00119329 -0.000383134 3.63564e-05 3.63849e-05 -1
-0.00174328 0.000307153 3.99394e-05 3.99833e-05 -1
0.0007415 0.000762755 0.000167814 3.90404e-05 -1
9.03486e-05 0.000424104 0.000327351 3.80359e-05 -1
0.000562942 0.000217874 0.000235369 3.92516e-05 -1
-0.000467346 0.000825634 0.000147934 3.67165e-05 -1
0.000186828 0.000343675 0.000399007 3.6805e-05 -1
0.000155193 -0.000846958 0.000301205 3.63416e-05 -1
-0.000405298 -0.000400236 0.000314145 3.60816e-05 -1
-4.40218e-05 -0.000852718 0.000133115 3.62733e-05 -1
0.000856977 -0.000293944 0.000312578 3.94798e-05 -1
0.000504767 0.000203997 0.00039708 3.79725e-05 -1
-0.000291964 -4.82052e-05 0.000144719 3.77822e-05 -1
-0.000169807 -0.00129005 0.000104554 3.96713e-05 -1
-0.000357562 0.000378132 0.00039007 3.87429e-05 -1
-0.0011842 -0.000154038 0.00010494 3.675e-05 -1
-0.000364672 0.000444519 0.000477209 3.60214e-05 -1
-0.00126003 0.000425575 0.000147267 3.89903e-05 -1
0.00128708 6.41278e-05 8.3863e-05 3.6588e-05 -1
0.000628134 -0.000721865 0.000297995 3.96734e-05 -1
-0.000326382 -2.01733e-05 0.000347331 3.93248e-05 -1
0.000236075 -0.00029908 0.000561377 3.7612e-05 -1
-0.000478366 -0.000722619 0.000209891 3.57086e-05 -1
0.000115774 -0.000397791 0.000349185 3.79123e-05 -1
-0.000586285 0.000681574 0.000307435 3.6117e-05 -1
-0.000465938 -0.00123701 0.000158248 3.65159e-05 -1
0.000851178 0.00054678 0.000237524 3.79898e-05 -1
0.00105512 -0.000527235 0.000145538 3.97258e-05 -1
-0.000486876 0.00100907 0.000100432 3.7996e-05 -1
-0.000448619 0.000755797 0.000290323 3.99617e-05 -1
9.44774e-06 -0.000202171 0.000233896 3.59312e-05 -1
0.00117302 0.00067153 0.000150668 3.97375e-05 -1
-0.000427856 0.000248077 0.000346734 3.99366e-05 -1
-0.00188154 0.000104049 3.85879e-05 3.86263e-05 -1
-0.000894768 0.000767913 9.32554e-05 3.65364e-05 -1
0.000186651 -0.000366126 0.000135192 3.50284e-05 -1
2.01315e-05 -0.00155914 3.74789e-05 3.75184e-05 -1
0.000196568 0.000135619 0.000239032 3.60652e-05 -1
-0.000636206 0.00114847 3.99495e-05 3.9991e-05 -1
0.000720795 -0.000484882 0.000146711 3.66563e-05 -1
-9.18701e-06 0.000117052 3.94882e-05 3.9676e-05 -1
-0.00121244 -0.000770943 0.000101165 3.83162e-05 -1
0.00055623 0.000411942 0.000108618 3.79035e-05 -1
0.00104576 0.000960252 3.66407e-05 3.66831e-05 -1
-0.000163601 -0.000257569 0.000159965 3.90575e-05 -1
-0.00050567 -0.00137101 3.63533e-05 3.63976e-05 -1
0.000299381 -0.000346134 0.000463652 3.92027e-05 -1
0.00106103 -0.000872478 0.000161626 3.65363e-05 -1
0.000224377 -0.000308736 0.000105766 3.94468e-05 -1
-0.000667336 -0.00108132 3.8264e-05 3.83089e-05 -1
0.000929753 0.000974084 3.63693e-05 3.64335e-05 -1
-0.000641485 0.000381273 0.000401823 3.71564e-05 -1
-0.00140436 -0.000334941 0.000166252 3.84527e-05 -1
-7.82135e-05 -0.000304388 0.000609832 3.91498e-05 -1
-0.000577816 0.000645613 0.000102338 3.72321e-05 -1
0.00106206 -0.000529314 6.98338e-05 3.63958e-05 -1
0.000436772 -0.00170852 3.81428e-05 3.81833e-05 -1
-0.000468062 -0.000537723 0.000197226 3.67777e-05 -1
0.000223538 -0.000833003 0.000285155 3.52622e-05 -1
-0.00100801 0.000495589 0.00010259 3.88236e-05 -1
-8.33265e-05 -0.000512094 0.000140163 3.67631e-05 -1
-0.000443131 -0.000328282 0.0004408 3.7715e-05 -1
0.000537611 -0.000284928 9.7336e-05 3.96878e-05 -1
0.000171141 -0.000526568 0.000416203 3.99508e-05 -1
-0.000398762 -0.000122489 0.00051213 3.80265e-05 -1
0.000326605 -0.00063083 0.000325881 3.51274e-05 -1
-0.000355748 0.000446203 0.000141333 3.58104e-05 -1
-0.000131261 -0.000793539 0.000309419 3.52667e-05 -1
0.00121901 -0.000812796 9.62306e-05 3.98776e-05 -1
2.96423e-05 -0.000745441 0.000229154 3.8811e-05 -1
-9.27533e-05 0.000839256 0.000346438 3.7914e-05 -1
-0.000836607 -0.00087183 0.000213716 3.94281e-05 -1
-0.000734743 0.000487508 8.77688e-05 3.66292e-05 -1
0.000955184 -0.000110404 0.000100254 3.88031e-05 -1
-0.000301657 0.00120563 3.57268e-05 3.58032e-05 -1
-0.000571677 0.000136975 0.000125091 3.84104e-05 -1
0.000463428 0.000466183 0.000173903 3.76419e-05 -1
-0.000354576 0.000177089 0.00034953 3.78079e-05 -1
0.00102723 -0.00116462 3.72547e-05 3.73099e-05 -1
0.000741338 -8.71591e-05 0.00011834 3.57842e-05 -1
-0.00019767 -0.000166264 0.000196627 3.9157e-05 -1
-0.000727906 -0.000951008 3.9134e-05 3.91957e-05 -1
-0.000789418 -0.00133059 9.97124e-05 3.8523e-05 -1
0.000164432 -0.00104692 3.6806e-05 3.69491e-05 -1
0.000228553 -0.00097032 8.24836e-05 3.70079e-05 -1
0.000207206 -0.000856284 0.000350135 3.56892e-05 -1
-0.00150724 0.000516485 9.52508e-05 3.78959e-05 -1
-0.00056041 -0.00042097 3.52925e-05 3.53857e-05 -1
0.00123789 0.000689799 0.000109519 3.8329e-05 -1
0.000598236 0.000753947 3.60476e-05 3.61458e-05 -1
0.00031605 0.000122895 0.000310604 3.76135e-05 -1
0.000217419 0.000195098 0.000175019 3.86083e-05 -1
0.00135155 0.000824348 6.7585e-05 3.7561e-05 -1
0.00010189 -0.00155728 0.000117242 3.90619e-05 -1
-0.00107701 3.33317e-05 0.000221536 3.70018e-05 -1
-0.000980777 -0.000112287 0.000168503 3.76994e-05 -1
-0.000375468 6.99942e-05 0.000409535 3.53542e-05 -1
-0.000577826 -0.000307337 0.000262458 3.71553e-05 -1
-8.48301e-05 0.000547592 0.000223456 3.75524e-05 -1
-0.000863867 0.00021281 0.000123573 3.71499e-05 -1
-0.00073244 -0.000411504 0.0002254 3.67147e-05 -1
0.000476198 -0.00017307 0.000257345 3.70178e-05 -1
-0.000669136 -8.83825e-05 0.000327949 3.90002e-05 -1
-1.28385e-05 0.00105231 0.000148364 3.6747e-05 -1
0.00084824 -0.00137137 3.68321e-05 3.6873e-05 -1
0.000438086 -5.7081e-05 0.000295012 3.69077e-05 -1
0.00116306 0.000202502 0.000169656 3.66675e-05 -1
-0.000603393 -0.000789076 3.98502e-05 3.99791e-05 -1
0.000436385 -0.000719534 3.78622e-05 3.80106e-05 -1
-0.00117778 0.000911046 3.84664e-05 3.85022e-05 -1
-0.000882213 0.000799188 0.000169762 3.62884e-05 -1
-0.00152651 0.000223802 9.52634e-05 3.56089e-05 -1
0.000364902 -0.00114869 0.000160756 3.91245e-05 -1
-0.000790485 0.000185221 0.000224573 3.59459e-05 -1
-0.000529995 0.000636104 3.64229e-05 3.64475e-05 -1
0.000242585 0.000297467 0.000117096 3.87627e-05 -1
-3.84108e-05 -0.000662563 0.000153275 3.67063e-05 -1
0.000652234 -0.000255213 0.000273582 3.84344e-05 -1
-0.000658402 -0.000459957 3.96673e-05 3.97917e-05 -1
-0.000781089 -0.000644489 0.000104883 3.71882e-05 -1
-0.000452138 0.00100753 3.55493e-05 3.56863e-05 -1
0.000710065 -0.000465866 0.000349885 3.7198e-05 -1
0.000361964 -0.00050444 0.000393545 3.8948e-05 -1
-0.00037314 -0.00106022 0.000187602 3.56264e-05 -1
0.000669055 -0.000378246 3.79431e-05 3.8024e-05 -1
0.000347956 8.05157e-05 0.000558007 3.58772e-05 -1
-0.00018135 0.000185015 0.000214642 3.74766e-05 -1
-0.00148603 0.00026028 0.000145558 3.85629e-05 -1
-0.000139054 0.000971823 0.000177511 3.7838e-05 -1
-0.000764606 -0.000582051 0.000181283 3.78338e-05 -1
-7.06441e-05 -0.000173088 0.000495522 3.64521e-05 -1
0.00120154 -0.000155598 0.000189896 3.86969e-05 -1
-0.000223983 -0.000194075 0.000545617 3.87347e-05 -1
-0.000252134 0.000342725 0.000490159 3.6199e-05 -1
0.000616962 -0.000233994 3.79499e-05 3.80045e-05 -1
0.000258139 0.000735653 0.000259239 3.60506e-05 -1
0.00077421 -0.00067389 8.5243e-05 3.5733e-05 -1
6.74165e-05 5.57297e-05 0.000292134 3.77325e-05 -1
0.000724535 -0.000261945 9.12847e-05 3.72432e-05 -1
0.000113283 0.00079919 0.000122056 3.57868e-05 -1
0.000602415 -0.000954475 0.000210895 3.94951e-05 -1
-0.000299228 -0.000450381 0.000495304 3.85192e-05 -1
0.0010806 -0.000676771 0.000142988 3.80172e-05 -1
-0.000412596 -0.00153017 0.000101613 3.78105e-05 -1
-0.000836474 0.00014335 0.000285407 3.74411e-05 -1
-0.000240208 0.00114623 3.55313e-05 3.56065e-05 -1
-5.53603e-05 -0.00105429 0.000265754 3.76341e-05 -1
0.000737029 0.00108497 3.63391e-05 3.64104e-05 -1
0.000832711 0.000122255 0.000323558 3.73551e-05 -1
0.000536353 -0.000334815 3.78766e-05 3.80551e-05 -1
-0.000160425 0.000214018 0.000595067 3.76384e-05 -1
0.000433677 0.000918764 0.000222344 3.7005e-05 -1
0.000580724 0.000370944 0.000168357 3.67399e-05 -1
-7.05764e-05 -5.80915e-05 0.000484436 3.76507e-05 -1
-0.000154747 0.00064066 9.34509e-05 3.83013e-05 -1
-8.13181e-05 -0.000344829 0.000330805 3.88272e-05 -1
-0.000681434 0.000353803 0.000290069 3.97037e-05 -1
0.000137141 -0.000256321 3.92099e-05 3.93184e-05 -1
0.00138418 -2.0733e-05 3.57309e-05 3.57838e-05 -1
0.000228493 0.000171579 0.000640425 3.84138e-05 -1
0.00105044 0.000311056 3.55819e-05 3.56094e-05 -1
-9.27929e-05 0.000294772 3.7642e-05 3.78981e-05 -1
0.000494364 0.000296512 0.00037912 3.54882e-05 -1
0.000834278 -0.000199165 0.000300158 3.69223e-05 -1
-0.00061855 -0.000302636 0.000200432 3.72601e-05 -1
-0.000383779 0.000274022 3.73874e-05 3.74968e-05 -1
-0.000787878 0.000581469 8.20555e-05 3.84004e-05 -1
-0.00048342 0.000647808 0.000231669 3.53888e-05 -1
2.30749e-05 0.00123657 0.000101989 3.74061e-05 -1
0.000357907 0.000951594 9.91216e-05 3.69105e-05 -1
-8.63094e-05 -0.000436899 0.000141685 3.85746e-05 -1
0.0009729 -6.0852e-06 0.000286669 3.70487e-05 -1
-0.000376144 -0.00145356 3.72189e-05 3.72584e-05 -1
0.000126312 -0.000143711 0.000608714 3.99697e-05 -1
-0.000278117 0.000395658 0.000303874 3.6704e-05 -1
0.000512159 0.000957086 0.000108622 3.95745e-05 -1
0.000426305 -5.75924e-05 0.000524572 3.82834e-05 -1
-0.00039761 -0.000648088 0.00028317 3.60703e-05 -1
0.000544356 -0.000105177 3.63952e-05 3.65185e-05 -1
-0.00181339 -0.000180273 8.40878e-05 3.58255e-05 -1
-0.000709645 0.00013996 0.00030467 3.54691e-05 -1
0.000249 9.98124e-05 0.000285528 3.77041e-05 -1
-8.72277e-05 -0.00109944 3.75333e-05 3.76012e-05 -1
0.000442174 0.000520837 0.000222926 3.88165e-05 -1
0.0003873 0.000433136 0.00031104 3.56096e-05 -1
0.00023269 0.000249269 0.000436135 3.63483e-05 -1
-0.000121029 -5.38545e-05 0.000542072 3.90744e-05 -1
0.000123296 0.000220124 0.000153471 3.75068e-05 -1
0.00096597 8.53666e-05 0.000158389 3.66943e-05 -1
-0.00030158 -0.000585275 0.000341529 3.84744e-05 -1
-0.000369324 0.000452021 0.00037854 3.70098e-05 -1
0.00115026 1.07659e-05 9.55901e-05 3.56727e-05 -1
0.000822698 0.000466785 3.80796e-05 3.81522e-05 -1
7.02084e-05 0.00179483 3.95774e-05 3.96144e-05 -1
0.00121617 0.000899445 3.90112e-05 3.90669e-05 -1
8.6159e-06 -0.000137954 0.000278718 3.54551e-05 -1
-0.000965911 -0.00056805 3.56893e-05 3.57169e-05 -1
0.000478653 -0.000655126 3.65933e-05 3.66896e-05 -1
0.000310479 0.0014541 3.52031e-05 3.52337e-05 -1
0.000597462 0.000857783 0.000188054 3.64557e-05 -1
-0.000990721 -0.000751349 0.000142857 3.89209e-05 -1
-0.000798015 -1.56597e-05 3.97624e-05 3.99239e-05 -1
0.000277724 0.000208095 3.66874e-05 3.68595e-05 -1
0.000691193 -0.000414738 0.000191526 3.86669e-05 -1
-0.000532359 -0.000718994 0.000298994 3.63247e-05 -1
-0.00103392 -0.00132005 9.31453e-05 3.73685e-05 -1
5.77171e-05 0.000591533 0.000239942 3.69461e-05 -1
-0.00107369 0.000946571 0.000144725 3.64123e-05 -1
-0.000655971 -0.00053659 0.000320673 3.57745e-05 -1
9.32631e-05 0.000802712 0.00034326 3.8802e-05 -1
8.13649e-05 -0.000548067 0.000233044 3.64392e-05 -1
-0.000669604 -0.000303164 0.000337738 3.80027e-05 -1
-0.000339278 -0.0009837 0.000174222 3.90727e-05 -1
-0.000334409 -0.00128616 0.000196675 3.86207e-05 -1
-6.57482e-05 0.000284384 0.000548082 3.65094e-05 -1
0.000160827 -7.58792e-05 0.000484692 3.73934e-05 -1
-3.01224e-05 0.000841785 0.000161153 3.62655e-05 -1
0.00107604 0.000366973 0.000164194 3.69908e-05 -1
-0.000978765 0.000613803 0.000197273 3.76851e-05 -1
2.00703e-05 -0.00165892 3.86365e-05 3.86731e-05 -1
-0.000670723 -0.000377133 0.000359149 3.9049e-05 -1
-0.00110727 -0.00112414 6.50896e-05 3.77264e-05 -1
-0.000795482 0.000110173 9.58763e-05 3.81758e-05 -1
0.000696959 -0.0014006 3.6517e-05 3.65664e-05 -1
-0.000729362 7.92048e-05 8.26402e-05 3.60714e-05 -1
0.000774386 -6.49599e-05 0.000317025 3.94505e-05 -1
1.57571e-05 -0.000473336 0.000334069 3.69845e-05 -1
0.00110044 0.000860726 0.000124745 3.66939e-05 -1
-0.000734922 0.00046529 0.000231106 3.77108e-05 -1
-0.000262286 -0.000444021 7.16368e-05 3.96686e-05 -1
0.000967378 -0.000750114 9.9068e-05 3.64766e-05 -1
-0.001369 -0.000108985 7.16492e-05 3.78014e-05 -1
0.00116386 -0.000501128 0.00015779 3.75331e-05 -1
5.57996e-05 -1.57661e-05 0.000480997 3.55192e-05 -1
0.000445903 -0.00124518 3.73403e-05 3.74107e-05 -1
-0.000511923 -0.00105869 0.000146113 3.66228e-05 -1
0.000888 0.000251117 0.000286013 3.85392e-05 -1
0.000710291 0.000433869 8.56066e-05 3.68656e-05 -1
0.000348896 -0.000832898 0.00021838 3.8496e-05 -1
-0.000292595 0.000617791 0.000131757 3.7119e-05 -1
-0.000278902 2.13891e-05 0.000300417 3.75487e-05 -1
-0.000193632 -7.59137e-05 3.6426e-05 3.65961e-05 -1
-0.000685729 0.000665606 0.000129132 3.61924e-05 -1
0.000822076 -0.00125554 3.53851e-05 3.54195e-05 -1
0.000897857 0.000799169 3.72706e-05 3.73271e-05 -1
-7.85102e-05 -0.000661927 0.000405438 3.76037e-05 -1
-0.000232383 -0.000569232 0.000162782 3.76136e-05 -1
-0.000232358 -0.000220468 0.000154377 3.79303e-05 -1
0.00015105 0.000583519 0.000347339 3.75015e-05 -1
-0.000383688 0.000197209 3.92352e-05 3.94289e-05 -1
0.000710232 -0.000211363 0.000142361 3.60841e-05 -1
4.86721e-05 -0.00058509 0.000492224 3.82749e-05 -1
-0.00169147 -0.000623999 3.57209e-05 3.5757e-05 -1
0.000543127 0.000439417 0.000327604 3.7668e-05 -1
-5.23514e-05 0.000343587 7.97456e-05 3.83176e-05 -1
0.000253072 -0.000266793 0.000360277 3.88313e-05 -1
-0.000825852 -0.00112267 0.000153262 3.62855e-05 -1
0.000770187 -0.00153707 3.75411e-05 3.75879e-05 -1
-0.000696467 -0.00153482 3.59892e-05 3.60333e-05 -1
-0.00166406 0.000391676 3.57132e-05 3.57614e-05 -1
0.000501926 0.00124533 0.000159672 3.96216e-05 -1
0.000621689 0.00124463 0.00010222 3.92491e-05 -1
-0.00028281 -0.000949165 9.96979e-05 3.70934e-05 -1
-0.000661844 0.000383147 0.000148053 3.73232e-05 -1
0.00129047 0.000459849 3.91343e-05 3.91967e-05 -1
0.000543959 -0.00151079 3.78303e-05 3.78748e-05 -1
-0.000509644 -0.000159788 0.000306519 3.80169e-05 -1
-0.000252334 0.000193181 7.08262e-05 3.63539e-05 -1
0.000472415 -0.00104131 0.000159285 3.83286e-05 -1
0.000602538 -0.000807189 3.75989e-05 3.76738e-05 -1
-0.000118014 -4.65624e-05 0.000113142 3.69744e-05 -1
0.000129748 0.000615113 0.000232241 3.92715e-05 -1
-0.0015145 -0.000906852 3.51984e-05 3.5235e-05 -1
-0.000705398 -0.000807148 0.00019461 3.58943e-05 -1
-0.00175374 9.37447e-05 3.74297e-05 3.74681e-05 -1
-0.00148267 -0.000542437 3.77405e-05 3.77982e-05 -1
-0.00069179 0.000187408 0.000250196 3.90171e-05 -1
0.000884153 0.00124467 3.88275e-05 3.88807e-05 -1
0.000321914 0.000236982 0.000478328 3.78988e-05 -1
-0.000135088 0.00165321 7.82261e-05 3.967e-05 -1
-0.00121295 0.000413392 3.57101e-05 3.5786e-05 -1
-0.000871425 -0.00111407 3.68631e-05 3.69422e-05 -1
-0.000209553 -0.000148398 0.000270304 3.77964e-05 -1
-0.000547923 -0.000662753 0.000250324 3.96925e-05 -1
-5.78964e-05 0.00154461 3.78166e-05 3.78612e-05 -1
0.000139572 0.000387639 0.00043474 3.58452e-05 -1
-0.000833356 -6.89371e-05 8.52168e-05 3.85495e-05 -1
0.000589695 -0.000763391 0.000249201 3.506e-05 -1
-0.0010219 -0.000966121 0.000119409 3.95187e-05 -1
-0.000720335 -0.000264326 0.000247407 3.78291e-05 -1
-0.000100376 0.000970747 0.000112474 3.79013e-05 -1
0.00147204 -0.000134408 9.85205e-05 3.54554e-05 -1
0.000130291 0.000556876 9.69434e-05 3.62026e-05 -1
-0.000160779 -0.000990922 0.000105839 3.80754e-05 -1
-7.19432e-05 0.00127464 3.52354e-05 3.5277e-05 -1
0.000682431 3.61737e-05 0.000166648 3.65718e-05 -1
-0.00117359 0.000483688 3.56176e-05 3.56794e-05 -1
-0.000478275 0.000135764 0.000247901 3.92498e-05 -1
-0.0017368 -0.000294484 3.71179e-05 3.71587e-05 -1
-0.000661534 0.000753664 3.64564e-05 3.64902e-05 -1
0.000535798 -0.000460898 0.000165571 3.64755e-05 -1
0.00142411 0.000681194 3.82676e-05 3.83153e-05 -1
2.30486e-05 -0.000491519 9.58052e-05 3.69681e-05 -1
7.12817e-06 0.000681193 0.000306689 3.98226e-05 -1
-0.000108481 -0.000135845 0.000368275 3.64215e-05 -1
-1.29626e-05 0.0016563 7.68639e-05 3.57407e-05 -1
-0.000148841 -5.37954e-05 0.000352438 3.80992e-05 -1
-0.000882832 -0.000986102 0.000144381 3.82958e-05 -1
-0.000178408 0.00069244 0.000182359 3.66816e-05 -1
-0.00105431 -0.000261126 0.000105611 3.80549e-05 -1
-0.000467626 0.0011753 3.72796e-05 3.73972e-05 -1
0.000931589 -0.000585907 0.000183585 3.91019e-05 -1
0.000802933 -0.000749894 0.000168352 3.78398e-05 -1
-0.000731726 -0.000598358 0.000247043 3.75462e-05 -1
0.000258914 -0.000364171 0.00052807 3.90144e-05 -1
-0.000332111 0.000357309 0.000268453 3.84602e-05 -1
0.000910985 3.21362e-05 0.0002928 3.60056e-05 -1
1.99548e-05 -0.000159278 0.000521051 3.59633e-05 -1
8.07806e-05 9.77307e-05 0.000200255 3.58239e-05 -1
-0.000399041 0.000478017 3.91365e-05 3.92748e-05 -1
-8.91176e-05 -0.00102011 3.88696e-05 3.89729e-05 -1
-0.000601151 0.000147227 0.000350023 3.67072e-05 -1
-0.000980734 0.000520546 3.63905e-05 3.64453e-05 -1
-4.89381e-05 -0.00171071 9.66942e-05 3.9861e-05 -1
-0.000748128 0.000368673 0.000321604 3.55275e-05 -1
0.000621458 0.00112874 0.000162403 3.8397e-05 -1
0.000397624 0.00141979 0.000102489 3.8254e-05 -1
0.000917775 -0.00118361 9.66658e-05 3.60396e-05 -1
-0.00105612 -0.000174813 0.00021451 3.64529e-05 -1
-0.000703623 -0.000189366 0.000224016 3.74833e-05 -1
-0.000142479 0.00115209 7.66745e-05 3.56782e-05 -1
-0.000441771 4.57951e-05 0.000383901 3.98149e-05 -1
-0.000761223 0.000788636 0.000162047 3.95616e-05 -1
-0.000174295 0.000158921 0.000365046 3.63733e-05 -1
-0.00107204 -0.000982691 3.67192e-05 3.67566e-05 -1
-0.000272419 0.000753263 0.00015432 3.66718e-05 -1
0.000168482 -0.000823301 0.000225788 3.822e-05 -1
-0.000380245 0.00128148 9.54932e-05 3.66002e-05 -1
-0.000271065 -1.81786e-05 0.000606091 3.99739e-05 -1
-0.000891753 0.000211163 0.000307394 3.64948e-05 -1
0.000204915 0.00115417 0.000186711 3.67828e-05 -1
0.000516099 0.000612269 0.000248852 3.72197e-05 -1
-0.000733269 -0.000112929 9.48305e-05 3.81729e-05 -1
0.000182538 0.000707402 0.000423156 3.99105e-05 -1
0.000496415 0.000366701 8.93485e-05 3.79297e-05 -1
0.000206381 0.000647018 3.69944e-05 3.70236e-05 -1
-0.000485547 -0.000858749 0.000253937 3.84652e-05 -1
0.000827501 0.00108666 0.000106124 3.88183e-05 -1
-0.000417074 0.000269793 0.000224478 3.71017e-05 -1
-0.00114194 0.000349375 0.000205793 3.84695e-05 -1
0.000394211 0.000493284 0.000273129 3.59027e-05 -1
-0.000158468 0.000356506 0.000480727 3.82661e-05 -1
0.000128716 6.72914e-06 0.000584642 3.96118e-05 -1
0.000296241 -0.000490668 0.000258074 3.58491e-05 -1
0.00113699 0.000275022 0.000172335 3.83196e-05 -1
0.000755959 0.000471417 0.000131806 3.8205e-05 -1
-0.000653267 -0.000821278 0.000258076 3.54036e-05 -1
-0.000847705 -0.000391276 0.000339522 3.77792e-05 -1
0.00102769 0.000734734 3.79361e-05 3.80342e-05 -1
-0.000106247 0.0011563 0.00022743 3.61278e-05 -1
0.000396916 -0.000137998 0.000135799 3.6691e-05 -1
-0.000795751 -0.000410293 3.65616e-05 3.6634e-05 -1
-0.000609687 -0.000335445 0.000364227 3.505e-05 -1
-0.000922864 0.000492604 0.000220559 3.5967e-05 -1
-0.000579885 8.45333e-05 6.88879e-05 3.89882e-05 -1
3.78167e-05 0.000535535 0.000423996 3.51085e-05 -1
0.00106051 -8.60805e-05 3.70446e-05 3.71604e-05 -1
-0.00120527 0.000694389 0.000103488 3.88174e-05 -1
0.00092402 -9.17529e-05 3.54618e-05 3.55209e-05 -1
-0.000465257 -0.000233351 0.000294225 3.89501e-05 -1
0.000116646 -0.00114076 0.000108307 3.8236e-05 -1
0.000161441 -0.00120222 3.69115e-05 3.69862e-05 -1
-0.000476759 0.00110013 3.82949e-05 3.83825e-05 -1
-0.000254274 0.00126683 0.000175352 3.67304e-05 -1
-0.00114853 -0.000253285 0.000219406 3.94226e-05 -1
0.000251613 -0.000397895 0.000283993 3.69704e-05 -1
-0.000200421 -0.00103338 0.000295496 3.74641e-05 -1
-9.59031e-07 1.78653e-05 0.000543751 3.52856e-05 -1
0.000294449 -0.000967941 3.6336e-05 3.63742e-05 -1
0.0010285 0.000657751 3.88934e-05 3.89797e-05 -1
0.000388888 0.000656602 0.000126785 3.62397e-05 -1
-0.00113663 0.00032388 9.82062e-05 3.70364e-05 -1
0.00126695 0.00089092 9.63208e-05 3.80016e-05 -1
0.000438455 -0.000702314 0.000363623 3.64931e-05 -1
0.000147254 -0.00121623 0.000173191 3.78266e-05 -1
-9.14376e-05 -0.000818354 3.77091e-05 3.77499e-05 -1
-0.000433906 -0.000991727 0.000256316 3.737e-05 -1
-0.00130091 0.000190496 0.000125455 3.80164e-05 -1
0.000124464 -0.000222765 0.00026133 3.75992e-05 -1
-0.000568394 0.000526366 0.000282515 3.56135e-05 -1
-0.000623298 0.00053028 3.73461e-05 3.7505e-05 -1
-0.000346116 6.06325e-05 0.000342503 3.84616e-05 -1
-1.11047e-05 -0.000215789 0.000642827 3.55159e-05 -1
0.000746201 -0.000700287 0.00015544 3.8217e-05 -1
0.000139083 0.000104525 3.86171e-05 3.87969e-05 -1
-0.000476425 0.000327683 0.000460903 3.53537e-05 -1
-0.000732219 -0.000331603 0.000368936 3.75306e-05 -1
0.000409574 -8.66662e-05 0.0003541 3.51084e-05 -1
0.000310272 -0.00112554 3.59411e-05 3.6051e-05 -1
-0.00107944 -0.000210001 3.72253e-05 3.72773e-05 -1
0.000255251 0.000862468 0.00021279 3.9668e-05 -1
0.000277761 0.00102797 3.60488e-05 3.61942e-05 -1
-0.000506759 -0.000365401 0.000169588 3.75618e-05 -1
0.000301267 0.000870535 0.000299641 3.93648e-05 -1
-5.90881e-05 -0.000112132 0.000533915 3.65511e-05 -1
-0.00155391 -0.000139119 0.00013933 3.57363e-05 -1
-0.000153222 -0.00106267 3.7946e-05 3.8005e-05 -1
0.00118155 0.000398724 0.000216659 3.9427e-05 -1
0.00152604 -0.000622585 3.79437e-05 3.79825e-05 -1
5.9344e-05 -0.000228559 3.75286e-05 3.76467e-05 -1
-0.000142133 -0.000515873 0.00037094 3.84158e-05 -1
-0.000102674 0.000415207 0.0004637 3.76651e-05 -1
-0.000643058 0.000463954 0.000368854 3.90681e-05 -1
-0.000641887 -0.000366188 0.000287272 3.74957e-05 -1
-0.000410599 -7.27228e-05 0.000455399 3.84017e-05 -1
0.00116221 -6.13032e-05 0.000110518 3.89189e-05 -1
-0.00051154 -0.000297528 0.000290407 3.54836e-05 -1
-0.000770562 0.000578536 0.000184287 3.63144e-05 -1
0.0007943 1.03729e-06 0.000112314 3.98113e-05 -1
-1.16456e-06 -0.0017333 3.86246e-05 3.86695e-05 -1
0.000484243 -0.000761034 0.000153798 3.74585e-05 -1
-0.000815507 0.000373654 0.000297173 3.63437e-05 -1
-0.000891602 -1.96574e-05 0.000243732 3.85136e-05 -1
0.000740182 0.00142933 3.53456e-05 3.53907e-05 -1
-0.000259677 -0.00125525 0.000105681 3.77022e-05 -1
0.00045727 -0.000377638 3.9058e-05 3.9091e-05 -1
-0.000749216 0.00119311 0.000103289 3.58928e-05 -1
0.000138054 -0.000701498 0.000409356 3.72017e-05 -1
0.00135508 0.0003366 3.69565e-05 3.70214e-05 -1
0.000378949 -0.00130032 0.000150339 3.6633e-05 -1
0.00111215 -0.000246592 0.000153799 3.85743e-05 -1
0.000763239 0.000147209 8.9985e-05 3.78866e-05 -1
0.000689835 -0.00113588 0.000152981 3.88095e-05 -1
-0.000914737 -0.00051716 0.000156804 3.82021e-05 -1
0.000692223 0.000214145 0.000404153 3.74899e-05 -1
0.000894431 0.000391829 0.000283746 3.86609e-05 -1
-0.000711441 0.000536386 0.000195394 3.71809e-05 -1
1.72065e-05 0.000608125 0.000127516 3.76405e-05 -1
-0.000608537 -0.00105851 0.000178988 3.61375e-05 -1
0.000814839 -8.99832e-05 0.000133316 3.93426e-05 -1
0.000418907 0.000320653 0.000422453 3.78217e-05 -1
-0.00032946 -0.000313997 0.000192329 3.58366e-05 -1
0.000552635 -0.000340323 0.000264512 3.7596e-05 -1
-0.000751814 -1.64951e-06 0.000164253 3.92818e-05 -1
0.000634222 0.0012927 3.7428e-05 3.74743e-05 -1
0.000111897 -0.000658795 0.00016316 3.98892e-05 -1
-0.000805804 -0.000360879 0.000161391 3.84816e-05 -1
-0.000960159 -0.000573053 0.000137567 3.62598e-05 -1
-3.42021e-05 0.000224488 0.000575954 3.67542e-05 -1
0.00138747 0.000956717 3.73329e-05 3.73737e-05 -1
0.000911176 0.000515201 0.000199865 3.95151e-05 -1
-0.000661807 -0.0013251 0.000156629 3.51564e-05 -1
-0.00114694 9.26948e-05 0.000234476 3.79974e-05 -1
0.000425869 0.00012066 0.000355734 3.68343e-05 -1
-0.00138928 -0.000212721 0.000105438 3.89725e-05 -1
-0.00134268 -0.000736131 3.78797e-05 3.79466e-05 -1
-0.000602627 0.000611014 0.000305631 3.63721e-05 -1
0.000779435 3.45785e-05 0.000415926 3.63566e-05 -1
-0.00139628 -7.95273e-06 0.000105239 3.80837e-05 -1
-0.00108389 -0.000738794 0.000158297 3.93585e-05 -1
-0.000752389 -0.000350375 9.73273e-05 3.74745e-05 -1
3.22552e-05 -0.000758003 0.000104131 3.73132e-05 -1
0.00118661 -7.4109e-07 0.000157264 3.68436e-05 -1
0.000983035 0.000288195 3.52079e-05 3.52552e-05 -1
-0.000117678 -0.00134269 3.60833e-05 3.61385e-05 -1
0.000435108 0.0011129 3.77098e-05 3.78021e-05 -1
0.00070669 0.00141303 9.78188e-05 3.73771e-05 -1
0.000708789 0.000552292 0.000201598 3.68048e-05 -1
-0.000520122 0.000475888 3.95786e-05 3.97195e-05 -1
-0.000353147 0.000122168 0.00021946 3.55034e-05 -1
0.000778009 0.00106733 0.000161914 3.82579e-05 -1
0.000790874 -0.00011588 0.000390358 3.87644e-05 -1
0.000617262 -0.00113759 0.000178699 3.82348e-05 -1
0.000989693 -0.000931898 3.7661e-05 3.77261e-05 -1
0.000790354 0.000610999 3.52119e-05 3.53093e-05 -1
-0.00134374 0.000406367 3.72504e-05 3.7323e-05 -1
0.000259542 0.000196905 0.000478574 3.62677e-05 -1
-0.000478068 -5.92715e-05 0.000491468 3.91474e-05 -1
0.00119934 0.000627697 9.43616e-05 3.6333e-05 -1
-0.000426266 -0.000511009 0.00031468 3.62503e-05 -1
5.06664e-07 -0.00084779 0.000327252 3.70509e-05 -1
0.000158744 -0.000714204 0.000337521 3.86534e-05 -1
-0.000628264 0.000225118 3.66374e-05 3.67658e-05 -1
0.00154407 -0.000124609 9.98952e-05 3.72641e-05 -1
0.00056389 0.0013261 3.57949e-05 3.58401e-05 -1
-0.000329836 0.000154766 0.000480515 3.81103e-05 -1
-0.000989595 0.00136071 3.57695e-05 3.57972e-05 -1
0.00119175 -0.000117552 3.92396e-05 3.93197e-05 -1
0.00114369 0.000497941 0.000144966 3.94931e-05 -1
0.000383116 -0.000315527 0.000390191 3.56262e-05 -1
0.00157636 -0.000508663 3.68765e-05 3.69152e-05 -1
-0.000129644 -0.000355888 0.000217508 3.74602e-05 -1
0.00108208 0.00111307 7.484e-05 3.85283e-05 -1
0.000265966 0.00126171 3.61652e-05 3.6229e-05 -1
-0.000354093 -0.000870631 0.000104256 3.74099e-05 -1
-0.00104556 -0.000722141 3.78994e-05 3.80036e-05 -1
-0.000518739 0.000110994 0.000476106 3.75969e-05 -1
8.71138e-05 -0.000330174 0.000193564 3.55222e-05 -1
-0.000101406 -0.000641188 0.00033422 3.99885e-05 -1
-0.00113094 0.00121567 3.84515e-05 3.84825e-05 -1
0.000583671 -0.000368225 0.000371368 3.77794e-05 -1
-0.000789593 -0.000265822 0.000212462 3.97533e-05 -1
-0.000547959 -0.000816268 0.000239837 3.83925e-05 -1
-0.000485285 0.000538951 0.000289652 3.64526e-05 -1
0.00108974 -0.000241448 3.85462e-05 3.86218e-05 -1
-0.000560869 -0.000346931 0.000414194 3.5756e-05 -1
-0.000124514 0.00104031 3.91873e-05 3.92155e-05 -1
-0.00119284 0.000583316 3.64234e-05 3.65017e-05 -1
0.000389248 0.00064107 3.62465e-05 3.63638e-05 -1
-0.000307981 0.000691806 0.000222308 3.59905e-05 -1
-0.000497035 0.000363786 3.92894e-05 3.93779e-05 -1
-0.000186493 0.000112323 0.000235747 3.8459e-05 -1
-0.000353312 -0.000764921 0.000138546 3.88447e-05 -1
0.00042494 -0.000631213 0.000151717 3.58316e-05 -1
-0.000466499 0.000317843 0.000329433 3.79413e-05 -1
0.000849512 -0.000122832 0.000193068 3.72088e-05 -1
-0.0013233 0.000232649 3.72788e-05 3.73646e-05 -1
8.43885e-05 0.0010583 0.000138486 3.8272e-05 -1
-0.00108765 9.77899e-05 0.00018075 3.88008e-05 -1
0.000930254 -0.00106347 3.59773e-05 3.60337e-05 -1
0.000922783 0.000898941 0.000154067 3.69561e-05 -1
0.000257874 -5.57047e-05 3.59991e-05 3.61489e-05 -1
-0.000351748 0.00014068 7.93531e-05 3.70592e-05 -1
0.000578271 0.00125772 0.000164473 3.77935e-05 -1
0.000506947 -0.000246716 3.5576e-05 3.57375e-05 -1
0.000770535 0.000736335 0.000256457 3.70772e-05 -1
0.000414058 -0.000735941 0.000162343 3.66144e-05 -1
0.000149015 -0.000635038 0.000288215 3.60391e-05 -1
0.000951722 -0.001551 3.79307e-05 3.79671e-05 -1
0.00117362 -0.00087609 0.000108692 3.90116e-05 -1
-0.000251979 6.77523e-05 0.000212739 3.55898e-05 -1
0.000355049 -0.000329311 0.000133165 3.65718e-05 -1
-0.000635768 -0.00116381 0.000157934 3.88656e-05 -1
-0.0016443 -5.34422e-05 9.58493e-05 3.69857e-05 -1
-0.00151698 -0.00085226 8.12441e-05 3.62419e-05 -1
-0.000442769 -0.000359201 3.78149e-05 3.78472e-05 -1
-0.0011998 3.97661e-05 0.000225905 3.68834e-05 -1
0.0010504 0.000190267 9.58887e-05 3.93274e-05 -1
-0.0011399 3.95734e-05 0.000178584 3.94735e-05 -1
0.000779015 -9.72895e-05 0.000201717 3.83116e-05 -1
0.000554699 -0.000645642 0.00030118 3.6313e-05 -1
-0.000513909 0.000768737 0.000155326 3.72414e-05 -1
0.00046385 -0.000988447 0.000212972 3.7529e-05 -1
0.000368688 -8.70518e-05 0.00056787 3.92293e-05 -1
-0.000411721 0.000771889 0.000151641 3.74362e-05 -1
-0.000782032 -0.000419404 0.000289195 3.83306e-05 -1
0.000520388 -0.00119827 3.91222e-05 3.92298e-05 -1
8.11664e-05 -0.000156912 3.71865e-05 3.72817e-05 -1
0.000274473 7.52939e-05 0.000111993 3.9909e-05 -1
0.000382525 -0.000813268 0.000107972 3.55937e-05 -1
-0.000241572 -0.000657936 0.00040781 3.58422e-05 -1
0.00037706 -0.000765419 0.000240502 3.79257e-05 -1
0.00128986 0.000559313 3.80308e-05 3.80784e-05 -1
9.47157e-06 0.000299023 0.000268524 3.78003e-05 -1
0.000668111 8.24928e-05 0.000368977 3.94291e-05 -1
0.000794352 0.000753134 0.000109744 3.7022e-05 -1
-0.000471934 -3.18896e-05 0.000301626 3.87536e-05 -1
-0.0016065 0.000775851 3.90363e-05 3.90803e-05 -1
0.000342276 0.00138652 3.61895e-05 3.62345e-05 -1
-0.00168302 0.000462463 3.75258e-05 3.75553e-05 -1
4.19602e-05 0.000628318 0.00045725 3.98284e-05 -1
-0.00056823 -0.000366641 0.000310393 3.97543e-05 -1
0.000680768 0.000218818 0.000307774 3.76897e-05 -1
-0.000286276 -0.000673154 0.000131198 3.8128e-05 -1
-0.000130689 0.000235043 0.000370504 3.8767e-05 -1
0.000834794 -0.000964225 0.000155801 3.54673e-05 -1
8.34855e-05 -8.79362e-05 0.000418636 3.67144e-05 -1
4.21312e-05 0.00083788 0.000298053 3.80171e-05 -1
-0.000300276 0.000319077 0.00040852 3.94512e-05 -1
-0.000804048 0.00093147 3.66131e-05 3.67008e-05 -1
0.000880209 -0.00130189 3.62112e-05 3.62446e-05 -1
-0.00162895 0.000178741 3.77514e-05 3.78e-05 -1
0.000175492 0.000259101 3.64989e-05 3.65275e-05 -1
-0.000466837 0.00108114 0.000175148 3.72922e-05 -1
-0.000550902 -0.000188783 0.000226492 3.7391e-05 -1
0.00026567 0.000123336 0.000215683 3.79723e-05 -1
-0.000759498 0.000988443 0.000167634 3.63183e-05 -1
-0.0004174 0.000781209 0.000225001 3.6786e-05 -1
-0.00090334 -0.00118076 3.69896e-05 3.70433e-05 -1
0.000238216 0.000167401 0.000411432 3.98338e-05 -1
-0.000368889 -0.000465509 0.000312386 3.70096e-05 -1
0.000292142 -0.000294453 0.000134184 3.53891e-05 -1
0.00112785 -0.000297698 0.000100213 3.71305e-05 -1
-0.000579947 -0.000201446 0.000351087 3.70291e-05 -1
0.000561659 -0.00026626 0.000443941 3.80439e-05 -1
0.000345782 0.00151762 3.74665e-05 3.75035e-05 -1
0.000124364 0.000235969 0.000337714 3.60674e-05 -1
-0.000850551 -0.000505203 0.000273493 3.76596e-05 -1
-0.000715312 -0.00162179 9.08635e-05 3.9979e-05 -1
-0.00015627 0.000396405 0.000545536 3.79096e-05 -1
0.000105284 0.000668458 0.000135961 3.53031e-05 -1
0.000122577 -4.67932e-05 0.000357522 3.90665e-05 -1
0.000660581 0.000569964 3.62846e-05 3.63376e-05 -1
0.000473994 -0.000271626 0.000344104 3.85079e-05 -1
-0.000616739 -0.000813335 0.000193819 3.89688e-05 -1
-0.000147194 0.00109532 0.000244382 3.92828e-05 -1
0.00118437 -0.000226381 0.000167595 3.72481e-05 -1
8.07019e-05 0.000170804 0.000209425 3.78475e-05 -1
-0.00122303 0.00046696 0.000196374 3.5156e-05 -1
0.000933024 -0.000430127 3.82434e-05 3.83628e-05 -1
0.000392935 0.00052056 0.000340156 3.59971e-05 -1
0.00117505 -0.000592956 3.83101e-05 3.83409e-05 -1
0.00111766 -0.000132161 3.62034e-05 3.63078e-05 -1
0.000379029 -7.41299e-05 0.000418033 3.69246e-05 -1
-0.000238996 0.00152726 8.696e-05 3.51167e-05 -1
0.000133328 -0.00129928 0.000100445 3.87632e-05 -1
-0.000555506 -0.00142373 3.61428e-05 3.61862e-05 -1
0.000326862 -0.000644642 0.000206266 3.85827e-05 -1
0.000722636 -0.00111103 3.69389e-05 3.69929e-05 -1
0.000227699 0.000854309 0.00031981 3.86417e-05 -1
-0.000986981 0.000430638 0.00023302 3.77114e-05 -1
-0.000680894 0.000878172 0.00018428 3.52629e-05 -1
0.000266004 0.00109978 3.65572e-05 3.6616e-05 -1
-0.000658316 0.000124562 9.77699e-05 3.88322e-05 -1
-0.000790855 -7.49318e-05 0.000149699 3.86348e-05 -1
-0.000558988 0.000377293 0.000202404 3.71067e-05 -1
-0.00102809 -3.46482e-06 3.75816e-05 3.76469e-05 -1
-0.000388145 -0.000430817 0.000156019 3.82828e-05 -1
0.000381511 0.00089103 0.000264099 3.53673e-05 -1
0.000178131 -0.00156149 0.000102165 3.87846e-05 -1
0.000447909 0.00105491 0.000165918 3.54325e-05 -1
0.00031468 -0.000143195 0.000378647 3.7725e-05 -1
0.000108404 7.98646e-05 0.00058064 3.64213e-05 -1
0.00100772 -0.000175164 0.000283775 3.69653e-05 -1
0.000354323 -0.000896712 0.000102546 3.69625e-05 -1
0.000979631 -0.000508937 0.000139774 3.81897e-05 -1
0.000100736 -0.000583249 0.000306981 3.72332e-05 -1
0.00109733 0.00121109 3.62042e-05 3.62363e-05 -1
-0.00122157 -0.000100493 0.000137721 3.63639e-05 -1
-8.80474e-05 0.000241817 0.000309507 3.6051e-05 -1
-0.000319391 0.000771623 0.000326603 3.5894e-05 -1
4.40961e-05 0.000549864 0.000171264 3.79195e-05 -1
0.00017092 0.000913268 0.000286947 3.59513e-05 -1
-0.000192717 0.000605029 0.000148023 3.72397e-05 -1
0.000120242 0.000271702 9.20895e-05 3.88997e-05 -1
0.00055275 0.000244526 0.000307283 3.8168e-05 -1
0.000492707 0.000203586 0.000112102 3.93588e-05 -1
0.000831293 -0.00109398 0.000157593 3.84063e-05 -1
-0.000822441 0.00118613 0.000104499 3.77107e-05 -1
-0.000910468 0.000578894 3.7124e-05 3.7221e-05 -1
0.000391416 0.000194965 0.000569146 3.76947e-05 -1
-0.000489974 -0.000930456 0.000153077 3.71103e-05 -1
-0.00162334 9.49742e-05 3.93995e-05 3.94338e-05 -1
-0.000203407 -0.000178167 0.00039036 3.82768e-05 -1
-0.00134808 -0.000581026 0.000116642 3.995e-05 -1
0.000294795 -0.000816237 0.000267934 3.67609e-05 -1
0.00119429 0.000249164 0.000122785 3.65247e-05 -1
-6.24972e-05 -0.000373051 0.000576556 3.87679e-05 -1
-0.000529028 0.0007194 0.000206466 3.54586e-05 -1
-0.000410464 -0.000517958 0.000147278 3.8958e-05 -1
0.000828241 -0.00031145 0.000219533 3.62386e-05 -1
0.000648916 -0.000584054 7.05003e-05 3.59209e-05 -1
-0.000549253 -0.000247739 3.69099e-05 3.70304e-05 -1
-0.000482492 0.000111108 0.000381874 3.71901e-05 -1
0.00155879 -0.000155477 3.55661e-05 3.56067e-05 -1
-0.000793006 -0.000625989 3.55461e-05 3.56078e-05 -1
0.000736592 0.000495017 0.000260512 3.70553e-05 -1
-0.00110199 -0.000314846 0.000229563 3.84416e-05 -1
0.000272644 -0.000342977 0.000339031 3.84227e-05 -1
-1.34111e-06 0.000597135 0.000399523 3.88107e-05 -1
-0.000221741 -0.000822176 0.00014141 3.75889e-05 -1
0.0013132 -0.000512385 3.84693e-05 3.85136e-05 -1
-0.000860326 0.000668689 0.00025297 3.94942e-05 -1
-0.00123849 0.000904617 0.000104291 3.73858e-05 -1
-0.000831487 -0.00054054 0.000149108 3.91143e-05 -1
-8.24266e-05 0.000502545 0.000283757 3.79198e-05 -1
0.000338546 -0.000154563 0.000269474 3.78595e-05 -1
-0.00127799 -0.000406783 0.000167511 3.72337e-05 -1
0.000188995 0.000419143 3.64297e-05 3.66583e-05 -1
-0.000701054 -0.000209503 0.000297914 3.91936e-05 -1
0.000113072 -0.000898345 0.000269932 3.60809e-05 -1
0.000833583 -0.000360567 0.00027702 3.95983e-05 -1
-7.41836e-06 -0.00135745 8.97019e-05 3.9992e-05 -1
6.8344e-05 0.0013559 0.000111806 3.63307e-05 -1
-0.000433543 -0.000247771 0.000198397 3.98266e-05 -1
0.000145772 0.00104115 9.51393e-05 3.88386e-05 -1
-0.000749554 -0.00119116 0.000107579 3.75307e-05 -1
0.000844431 0.000218471 3.96024e-05 3.96879e-05 -1
-0.000226538 0.00133558 0.000160357 3.89475e-05 -1
0.000784092 0.000337418 0.000269741 3.64516e-05 -1
0.00103113 6.91468e-05 3.63375e-05 3.63686e-05 -1
-0.000702869 -0.000109307 0.000399478 3.64932e-05 -1
0.000250457 0.000373929 0.000508234 3.76339e-05 -1
-0.00157817 0.000288015 6.53151e-05 3.72007e-05 -1
0.00112269 -0.00092078 3.6813e-05 3.68697e-05 -1
-0.000716091 6.60865e-05 0.000307645 3.87554e-05 -1
0.00100926 0.000543825 9.66709e-05 3.55919e-05 -1
-0.000742078 0.00109195 9.89986e-05 3.75073e-05 -1
9.33428e-05 0.000467703 0.000267538 3.61002e-05 -1
-0.000261113 -0.0013645 3.8854e-05 3.89472e-05 -1
-0.000316187 -0.000856281 3.92197e-05 3.93529e-05 -1
-0.000144179 -0.00125438 0.000166038 3.59297e-05 -1
-0.000526073 0.000145613 3.54339e-05 3.54663e-05 -1
0.000530502 -0.00056228 0.000290274 3.68977e-05 -1
-0.000323153 0.00105058 0.000129802 3.94729e-05 -1
1.08432e-05 -0.000319048 0.000373747 3.70087e-05 -1
0.00119827 0.00129645 3.65557e-05 3.65844e-05 -1
-0.00138745 0.000799354 3.99434e-05 3.99536e-05 -1
-0.00134989 0.000639134 3.8386e-05 3.84341e-05 -1
-0.00043372 -0.00014681 0.000448811 3.82737e-05 -1
-0.000506728 0.000392737 0.000252101 3.67376e-05 -1
0.000427013 -0.000874139 0.000110772 3.78795e-05 -1
-0.000139411 0.000426235 0.000167958 3.8302e-05 -1
0.000499015 4.88491e-05 0.000268406 3.65477e-05 -1
0.000729993 0.000390585 0.000204175 3.54407e-05 -1
6.75676e-05 -7.73732e-05 0.000160825 3.81292e-05 -1
-0.000578326 -0.000544949 0.000234214 3.64172e-05 -1
-0.000979128 3.03371e-05 8.24715e-05 3.69469e-05 -1
0.000527299 0.000467802 3.51873e-05 3.52968e-05 -1
-0.0013827 2.16114e-05 0.000173295 3.73797e-05 -1
-0.000299219 6.16934e-06 0.000228027 3.92467e-05 -1
0.000857593 -0.000127268 3.7448e-05 3.74815e-05 -1
0.00055411 -0.0007362 0.000158218 3.52652e-05 -1
-0.000989993 -7.25689e-06 0.000175047 3.58115e-05 -1
-0.000837131 0.000378671 9.01687e-05 3.76547e-05 -1
-0.000343111 0.00126403 3.57764e-05 3.58658e-05 -1
-0.000494715 -0.00142319 9.51073e-05 3.84398e-05 -1
-0.000654634 -0.000560241 0.000104796 3.63089e-05 -1
-7.45759e-05 -0.000837308 0.000359324 3.76665e-05 -1
-0.000866059 -0.000756451 0.000107943 3.84105e-05 -1
0.00104851 -2.6776e-05 0.000149975 3.56245e-05 -1
-0.000208171 0.000174069 0.000283118 3.67795e-05 -1
-0.00137772 -0.000178101 3.78312e-05 3.79048e-05 -1
0.000122459 -9.77848e-05 0.000297311 3.8655e-05 -1
-0.000120979 7.37026e-05 0.000629809 3.78297e-05 -1
7.45164e-05 -0.000695732 0.000105084 3.79741e-05 -1
0.000304239 -0.000172357 0.00014895 3.83063e-05 -1
-0.00021244 0.000550035 0.00037536 3.87629e-05 -1
0.000858957 0.00115861 9.40536e-05 3.77064e-05 -1
0.000560784 8.25755e-05 3.82042e-05 3.83283e-05 -1
-0.000485882 -9.63545e-05 0.000341233 3.8164e-05 -1
-0.000771561 0.000238039 3.74594e-05 3.75253e-05 -1
0.000725783 0.000146867 0.000387749 3.66267e-05 -1
0.000578035 -0.000341516 0.000443057 3.89469e-05 -1
-0.000481623 -0.000999852 0.000176978 3.64376e-05 -1
-0.000445361 0.00100708 0.000165607 3.90332e-05 -1
-0.000389521 -0.000437791 0.000248817 3.53751e-05 -1
0.00132188 -4.80869e-05 0.000159838 3.84029e-05 -1
-0.000165987 0.000720184 3.88328e-05 3.89258e-05 -1
-0.000213015 -0.000310045 0.000182975 3.67482e-05 -1
0.000162398 0.000828277 0.000346713 3.50164e-05 -1
0.000398371 0.00100926 0.000128241 3.81304e-05 -1
-0.000338897 0.000702052 0.000286647 3.61685e-05 -1
0.000283004 0.00119772 0.000175706 3.53647e-05 -1
0.000431859 -0.000456259 0.000156246 3.66466e-05 -1
0.000236364 -0.000832429 0.000102637 3.88899e-05 -1
-0.000121747 0.00135391 0.000152113 3.66588e-05 -1
0.000433067 0.000943681 0.000137598 3.67295e-05 -1
3.4114e-05 -0.000940919 0.000207395 3.51294e-05 -1
-0.000974894 0.000541677 0.000225522 3.57533e-05 -1
-9.69529e-05 -0.000659492 8.61246e-05 3.80041e-05 -1
-1.67931e-05 -6.67693e-05 0.000283664 3.68542e-05 -1
-0.000615828 0.000189494 9.80635e-05 3.54121e-05 -1
-0.000886677 0.000294595 0.000298966 3.90484e-05 -1
0.000487556 0.000626488 0.000133108 3.95073e-05 -1
-0.000295171 0.000582696 3.82594e-05 3.84405e-05 -1
6.33365e-05 -0.000105549 0.000489627 3.92424e-05 -1
0.000767587 -0.00062696 0.000157686 3.82734e-05 -1
0.000477772 -0.000346983 0.000468188 3.62253e-05 -1
0.000488557 -9.78522e-05 0.000255156 3.92702e-05 -1
-0.00120024 0.000280808 0.000206603 3.95998e-05 -1
-0.000472897 -0.00082765 0.000321959 3.74264e-05 -1
-0.0002 -0.000250042 0.000414816 3.77834e-05 -1
0.000456021 0.00109292 0.000106398 3.57183e-05 -1
0.000810696 0.000477079 0.00025614 3.9202e-05 -1
-0.000293475 -0.000745538 0.000316694 3.72715e-05 -1
7.77102e-05 -0.000818151 0.000146797 3.70955e-05 -1
0.000700633 0.00121798 9.02351e-05 3.80004e-05 -1
-0.00154577 -7.19709e-06 8.82241e-05 3.60415e-05 -1
-0.00042003 -0.000119328 0.000298635 3.85541e-05 -1
0.000202431 0.000311568 0.000465247 3.8513e-05 -1
0.000724715 -0.000849058 3.8019e-05 3.80613e-05 -1
0.000706592 0.00100173 0.000142128 3.82151e-05 -1
0.00120198 -0.000312968 0.000104882 3.87377e-05 -1
0.000513153 -0.000315472 0.000411084 3.79476e-05 -1
-0.000773109 -0.000316818 3.56858e-05 3.578e-05 -1
-4.62779e-06 4.89472e-05 0.000145668 3.75747e-05 -1
0.000752408 0.000660716 0.000270012 3.53504e-05 -1
-0.00154627 8.42032e-05 3.83835e-05 3.84182e-05 -1
6.80079e-05 0.000433527 0.000543519 3.71893e-05 -1
-0.000820387 0.00030778 0.000258866 3.95616e-05 -1
-0.00123737 0.000157594 0.000173968 3.73283e-05 -1
0.00139607 -9.52331e-05 3.97527e-05 3.97993e-05 -1
9.71071e-05 0.00139567 3.65317e-05 3.65677e-05 -1
-0.000827625 0.000998319 8.09141e-05 3.7978e-05 -1
-0.00099794 -0.000843107 0.000103606 3.83537e-05 -1
-0.00114756 3.50372e-05 0.000101403 3.83077e-05 -1
0.000382828 0.000563401 0.000283368 3.59173e-05 -1
0.000400007 -9.82702e-05 0.000244232 3.87884e-05 -1
-0.000874113 -0.000390468 0.000212331 3.6546e-05 -1
-0.00075296 0.00139524 9.01383e-05 3.73316e-05 -1
-2.47202e-05 -0.000585997 0.000151512 3.61636e-05 -1
-0.000261143 -0.000355061 0.000402267 3.93414e-05 -1
-0.00113656 -0.000839354 9.62072e-05 3.7331e-05 -1
0.000400169 0.000514165 0.000158232 3.86361e-05 -1
0.000749926 -0.000127555 0.000262595 3.57188e-05 -1
-0.00150035 0.000846325 3.93621e-05 3.93999e-05 -1
-0.000459739 0.000260541 3.95588e-05 3.97456e-05 -1
-0.000250996 0.000126147 0.000642891 3.52211e-05 -1
-0.000150782 0.000260699 0.000137361 3.75303e-05 -1
0.0007118 0.00115604 3.90103e-05 3.9091e-05 -1
-0.000882444 0.00015339 8.65037e-05 3.53419e-05 -1
-0.00045091 0.000159077 0.000442858 3.61077e-05 -1
-0.000106259 0.000786925 0.00023009 3.89893e-05 -1
-0.000446502 0.000986613 0.000281925 3.8159e-05 -1
0.000548097 -0.00145911 9.17485e-05 3.69571e-05 -1
-0.000439536 -0.00110213 7.79221e-05 3.96176e-05 -1
-3.88201e-05 -0.000545658 9.28283e-05 3.65253e-05 -1
0.000374347 -0.000452213 0.00031043 3.89259e-05 -1
-0.000265275 0.00109422 0.000105788 3.69938e-05 -1
0.000535246 -0.000374003 0.000104607 3.94429e-05 -1
1.92952e-05 -0.000691535 0.000338507 3.64639e-05 -1
0.000756474 -0.00122916 0.000102366 3.69341e-05 -1
-2.32042e-05 -0.00128351 9.52822e-05 3.58395e-05 -1
-0.000740574 0.000244921 0.000240794 3.70407e-05 -1
0.000809357 0.000771111 3.82162e-05 3.82871e-05 -1
-0.000313396 0.000517525 0.000284245 3.69585e-05 -1
-0.000380306 0.000279626 0.00039889 3.73849e-05 -1
-0.000786885 -0.000352064 0.000321877 3.67255e-05 -1
-0.000317796 -0.000379254 0.00035614 3.76697e-05 -1
0.000675353 0.000847227 5.65564e-05 3.79868e-05 -1
0.000631695 0.000551389 0.000322098 3.66851e-05 -1
-0.000560934 -0.000638114 0.000321377 3.6677e-05 -1
0.000616156 -6.45094e-05 3.73966e-05 3.74352e-05 -1
-0.000562223 -0.000641631 0.000102627 3.90138e-05 -1
0.000134301 -0.000135056 0.000233306 3.64576e-05 -1
0.000880339 -1.58926e-05 0.00024411 3.89785e-05 -1
-0.000250843 0.00122706 0.000105117 3.65993e-05 -1
0.000505556 -6.62776e-05 0.000571442 3.54102e-05 -1
9.35611e-06 -0.00039931 0.000343578 3.7972e-05 -1
-0.000140549 -0.000389386 0.00028757 3.94718e-05 -1
-0.00127247 0.000900008 3.76001e-05 3.76373e-05 -1
0.000112546 -0.00048745 0.000262091 3.74636e-05 -1
-0.000653393 1.43445e-05 0.000166351 3.95884e-05 -1
-0.000595862 -0.00104942 3.98721e-05 3.99508e-05 -1
0.000427902 0.000873264 0.000162675 3.82829e-05 -1
-0.000519881 -0.000427141 0.000223357 3.91676e-05 -1
0.000650142 -0.000690921 9.04576e-05 3.63822e-05 -1
-7.77994e-05 4.13044e-05 0.000312841 3.928e-05 -1
-0.00066419 -0.000171778 3.95438e-05 3.96773e-05 -1
7.92119e-05 0.000361239 0.00055448 3.6806e-05 -1
0.000536855 0.000383717 0.000276046 3.85068e-05 -1
-0.000261483 0.000494091 0.000383503 3.60672e-05 -1
-0.000242789 -0.000208708 0.000240366 3.67198e-05 -1
0.000265544 -9.99714e-05 0.000177253 3.78332e-05 -1
-0.00095341 -2.14608e-05 3.67477e-05 3.67753e-05 -1
-0.00044533 -3.21294e-06 0.000446524 3.98396e-05 -1
-0.00034951 -0.000461854 0.000390034 3.92717e-05 -1
-0.00161703 0.000141154 0.000102609 3.81492e-05 -1
0.000609125 0.000626117 0.000216732 3.73784e-05 -1
-0.000187671 -0.000325372 0.000404164 3.93452e-05 -1
0.00115252 0.000422809 0.000150882 3.64333e-05 -1
0.000471129 0.00152962 3.95732e-05 3.96133e-05 -1
-0.00090341 0.000840866 0.000110777 3.90106e-05 -1
-3.84726e-05 -0.000351766 0.000420788 3.86257e-05 -1
-0.000282718 0.000243338 0.000154771 3.79662e-05 -1
0.0007698 0.00049205 0.00032553 3.60262e-05 -1
-0.000132688 0.000325944 0.000559095 3.76377e-05 -1
0.00139863 -0.000568675 3.74919e-05 3.75187e-05 -1
0.000308283 -0.000213078 0.000346736 3.94182e-05 -1
-0.00034785 0.00166232 9.17616e-05 3.63103e-05 -1
0.000588004 0.000289655 0.000456903 3.64912e-05 -1
0.000387065 -0.00130542 3.68257e-05 3.68707e-05 -1
0.000762078 -0.000430513 0.000175752 3.56612e-05 -1
0.000184483 -0.000261887 0.000243718 3.62271e-05 -1
0.000236411 -0.000335601 0.000174644 3.54771e-05 -1
0.000550204 -0.00107135 3.87408e-05 3.88289e-05 -1
-0.00143278 0.000159917 3.60109e-05 3.61047e-05 -1
0.000126874 0.000753588 0.000224568 3.75449e-05 -1
-0.000405073 -0.000768309 0.000193575 3.68015e-05 -1
0.000155765 0.000151993 0.000298166 3.76534e-05 -1
0.000289057 -0.00114323 0.000158014 3.69842e-05 -1
0.000249669 -0.000927551 0.000219561 3.82997e-05 -1
0.000561343 0.00112047 0.000210158 3.88533e-05 -1
0.000153207 0.00016748 0.000656755 3.63064e-05 -1
-0.000742858 0.000848675 0.000204626 3.63306e-05 -1
-0.000994838 0.00102803 3.99467e-05 3.99973e-05 -1
0.000218112 -0.000264889 0.000499875 3.50384e-05 -1
-0.000477466 0.00118432 0.00014994 3.53536e-05 -1
0.000393866 -0.000195629 0.000238884 3.69106e-05 -1
-0.000251808 0.000741126 0.00037317 3.63381e-05 -1
-0.000171504 -0.000168615 3.78817e-05 3.79953e-05 -1
-0.000730673 0.000142493 0.00012379 3.94966e-05 -1
-0.00104102 -0.00117275 9.46424e-05 3.9039e-05 -1
-0.000350996 -0.000174673 9.99326e-05 3.55644e-05 -1
-0.00101346 0.000334379 0.000136299 3.54804e-05 -1
-5.76456e-05 0.000550577 0.000336451 3.75969e-05 -1
0.000155637 -0.000188584 0.000404092 3.72711e-05 -1
-0.00100083 0.000101417 3.75934e-05 3.77375e-05 -1
-0.000192968 -0.000822018 0.000211508 3.82188e-05 -1
-0.000969419 0.00110177 8.59998e-05 3.65035e-05 -1
-0.000289514 -0.000449334 0.000340661 3.94925e-05 -1
5.77051e-05 -0.000253725 0.000459256 3.64836e-05 -1
-0.00103391 0.000497708 0.000234186 3.83485e-05 -1
0.000187867 3.31583e-05 0.000639029 3.6885e-05 -1
-0.000265511 0.00106909 0.00025432 3.57404e-05 -1
-0.000639885 0.00142681 8.10469e-05 3.5247e-05 -1
0.000339841 -0.000142888 8.94364e-05 3.70988e-05 -1
-0.000157297 0.000294712 0.000436086 3.80141e-05 -1
0.000354882 -0.00055693 0.000447758 3.68675e-05 -1
0.000948479 0.00058554 9.74148e-05 3.81531e-05 -1
-0.000637825 0.00107945 7.26789e-05 3.64501e-05 -1
-0.000528689 -0.000764941 9.55293e-05 3.82815e-05 -1
-9.50417e-06 0.000560786 0.000476191 3.97634e-05 -1
0.00107468 0.000140183 3.96876e-05 3.98183e-05 -1
-0.000193673 0.00163244 3.56508e-05 3.5691e-05 -1
0.000708252 0.00105929 9.66407e-05 3.52263e-05 -1
0.000410722 -0.000418825 8.51058e-05 3.82687e-05 -1
0.000276354 -0.000430543 3.85314e-05 3.85625e-05 -1
0.000395743 7.33034e-05 3.4891e-05 3.50915e-05 -1
-0.00167296 0.000597164 7.1184e-05 3.63308e-05 -1
-0.00127559 0.00037738 3.63998e-05 3.64539e-05 -1
0.000811586 0.00142082 3.65005e-05 3.65502e-05 -1
6.67807e-05 0.00088162 0.000243506 3.61547e-05 -1
0.000294434 -0.000365309 0.000147032 3.53878e-05 -1
0.000248415 -0.00125921 3.90719e-05 3.916e-05 -1
0.000377536 0.000461097 0.000436793 3.91557e-05 -1
0.000247341 6.71324e-05 0.000425961 3.81802e-05 -1
-0.000725146 -0.000238508 0.000154615 3.74596e-05 -1
-0.000283727 -0.000157091 0.000576349 3.79699e-05 -1
0.000929272 -0.000781499 0.00015304 3.67046e-05 -1
0.000481035 -0.00062134 0.000198385 3.78445e-05 -1
-0.00113908 2.43313e-05 0.000267634 3.84064e-05 -1
-0.000843251 0.000599697 0.000223823 3.73557e-05 -1
0.000747751 0.000882931 0.000230479 3.5231e-05 -1
-0.00057238 -0.000445163 0.000349038 3.64388e-05 -1
-0.0010971 -0.000547067 0.000199918 3.67718e-05 -1
-0.000203689 -0.000581971 5.21468e-05 3.6198e-05 -1
-0.00149331 5.35189e-06 3.7737e-05 3.78202e-05 -1
0.00118687 -3.83069e-06 3.58737e-05 3.59563e-05 -1
-7.59227e-05 0.000671129 0.00040548 3.64675e-05 -1
-0.000556636 -0.000795871 0.000313816 3.88569e-05 -1
-0.000602361 -0.000791834 0.000119471 3.97969e-05 -1
-0.000520437 -0.000124732 0.000206969 3.60252e-05 -1
-0.000422467 0.00055495 0.000325806 3.78182e-05 -1
7.1612e-05 0.000267113 0.000292723 3.61482e-05 -1
7.31693e-05 0.00127789 0.000154826 3.86986e-05 -1
-0.000816062 -0.000128655 0.000238511 3.57553e-05 -1
-0.00108908 -0.000561083 9.4964e-05 3.57873e-05 -1
0.00107904 1.28717e-05 3.73787e-05 3.74213e-05 -1
0.000740062 0.000807218 3.98723e-05 3.99128e-05 -1
-0.0002462 -0.000568292 0.000420964 3.98929e-05 -1
0.00071859 -0.000670473 3.75521e-05 3.7651e-05 -1
0.00069442 -0.000187783 0.000377922 3.65138e-05 -1
0.000516133 -0.000148922 0.000391215 3.66598e-05 -1
0.000889227 -0.000768561 8.72244e-05 3.71896e-05 -1
0.000215474 -0.000315427 0.000443558 3.56208e-05 -1
7.53225e-05 -0.000182941 0.000401264 3.74622e-05 -1
-7.59432e-05 -0.000508116 3.52953e-05 3.53806e-05 -1
0.00154742 0.000406079 3.78625e-05 3.78991e-05 -1
-0.000482212 0.0010307 0.000229949 3.87948e-05 -1
0.00126241 3.0228e-06 3.87577e-05 3.88162e-05 -1
-0.00084223 -0.00104673 0.000168995 3.87362e-05 -1
0.000395102 -0.00104023 0.00020575 3.91024e-05 -1
-1.13987e-05 0.00115155 3.51543e-05 3.51808e-05 -1
-0.000326502 0.00112857 0.000155687 3.76753e-05 -1
0.00092187 0.000135245 3.67189e-05 3.68108e-05 -1
0.00095308 -0.00127885 3.61446e-05 3.61847e-05 -1
-0.000103505 0.000729917 0.000178142 3.82178e-05 -1
0.00135668 -0.000631751 3.81899e-05 3.82472e-05 -1
0.000955757 -8.05431e-05 0.000288538 3.94109e-05 -1
-0.000885411 -1.17393e-05 0.000102672 3.70092e-05 -1
-0.000115684 0.001088 9.99685e-05 3.7624e-05 -1
1.13533e-05 0.000868697 0.000104536 3.89174e-05 -1
-0.000679024 -0.000889786 3.91328e-05 3.91965e-05 -1
-0.000235897 -0.0010076 0.000115519 3.95289e-05 -1
8.83637e-05 -0.000390602 0.000279242 3.65728e-05 -1
-0.00124213 -0.000612702 0.000193858 3.84977e-05 -1
0.000298346 0.000761207 0.000137964 3.57898e-05 -1
0.000688253 0.000637914 3.68449e-05 3.69153e-05 -1
2.4175e-05 -0.000380106 0.000465054 3.89149e-05 -1
-0.000480798 -0.000986642 3.91959e-05 3.92833e-05 -1
0.000226987 0.00034466 0.000338973 3.54851e-05 -1
0.000569162 -0.001097 0.000133116 3.94828e-05 -1
0.000862137 0.000717467 0.000116643 3.99513e-05 -1
0.000164097 8.8085e-06 0.000239749 3.67397e-05 -1
-0.000825187 -0.000315664 9.74025e-05 3.88593e-05 -1
-0.000270755 -0.00026659 0.00020424 3.70428e-05 -1
0.00085724 0.000942256 0.00015146 3.60691e-05 -1
0.000144109 -0.00129132 0.000177688 3.75092e-05 -1
-0.00035948 0.000469966 0.000242098 3.81017e-05 -1
-0.00108661 -0.000366524 0.00017495 3.83025e-05 -1
0.000130308 0.00032397 3.73808e-05 3.74693e-05 -1
-0.000549163 0.000589711 0.00024979 3.82501e-05 -1
-0.0011304 0.000544172 0.000143627 3.77745e-05 -1
-0.000390238 0.000315332 0.000332798 3.84011e-05 -1
0.000939903 0.000726648 3.55582e-05 3.55857e-05 -1
-0.000981033 0.000178945 0.000137064 3.62118e-05 -1
-6.21506e-05 -0.000895728 3.91246e-05 3.92108e-05 -1
0.00135765 0.000890015 3.56796e-05 3.57222e-05 -1
-0.000646646 -0.00100952 0.00021471 3.5495e-05 -1
-0.000503666 0.000891121 0.000258182 3.84457e-05 -1
0.000786266 0.00016315 0.00018873 3.55265e-05 -1
-0.000270791 -0.00165461 3.81413e-05 3.81797e-05 -1
-0.00125453 0.000359717 0.000187688 3.85031e-05 -1
-2.87498e-05 -0.000473498 0.000275472 3.66832e-05 -1
-0.000140705 -0.00106261 0.000193875 3.97066e-05 -1
0.000684693 0.000621301 0.000219194 3.84212e-05 -1
-4.85862e-05 -0.000459116 0.000465458 3.78597e-05 -1
0.000167542 -0.000405772 0.000411607 3.66358e-05 -1
-0.000118745 -0.00047984 8.58378e-05 3.57507e-05 -1
0.000572024 -0.00035554 0.000194384 3.6805e-05 -1
-0.00166428 -0.000140089 3.56003e-05 3.56544e-05 -1
-0.000472452 0.00156385 9.88483e-05 3.98144e-05 -1
-0.000570394 -0.000163464 0.000158477 3.78006e-05 -1
-0.000320826 0.00111168 3.69503e-05 3.69794e-05 -1
8.76854e-05 -0.00172758 3.63573e-05 3.64021e-05 -1
0.00135003 0.000696161 3.71188e-05 3.71676e-05 -1
0.000530594 0.000519853 0.000329782 3.87981e-05 -1
0.00020916 -0.00117717 0.000192741 3.66859e-05 -1
5.74238e-05 0.00112493 3.66842e-05 3.67198e-05 -1
-0.000393686 -0.000973467 3.80468e-05 3.81246e-05 -1
0.00157174 0.000318893 3.88528e-05 3.88869e-05 -1
0.000217755 -0.00045009 0.000520742 3.81532e-05 -1
-0.000900344 -0.00140537 8.093e-05 3.84979e-05 -1
0.000463567 0.000778299 5.79038e-05 3.60352e-05 -1
-0.000592287 -0.00012634 0.000222225 3.75267e-05 -1
0.00070498 -0.00117641 8.98102e-05 3.78e-05 -1
-4.44267e-05 -0.000698195 0.000298547 3.65669e-05 -1
0.000981903 0.000602659 0.000218206 3.64935e-05 -1
0.000591511 -0.00140098 0.000105437 3.6891e-05 -1
0.000773174 0.000211967 0.000241299 3.7458e-05 -1
-0.000554228 -0.000551931 9.44064e-05 3.79434e-05 -1
-0.000550455 -0.00134113 0.000155766 3.51506e-05 -1
-0.000188005 -0.000327094 0.000110835 3.71215e-05 -1
-3.26872e-05 -0.000571937 0.000383378 3.56773e-05 -1
0.00106248 0.00104697 3.72114e-05 3.72732e-05 -1
-0.00100625 0.000545203 0.000159988 3.70078e-05 -1
0.000537467 0.00016563 0.000286379 3.8159e-05 -1
-0.000249594 0.000279293 0.000451565 3.81371e-05 -1
-0.000712447 2.3277e-05 3.73239e-05 3.73952e-05 -1
-0.000145706 -0.000714078 0.00010045 3.6599e-05 -1
0.000777596 0.00152633 3.73947e-05 3.74345e-05 -1
-0.000224068 -0.000955084 0.00029033 3.79174e-05 -1
0.000821543 -0.000433799 0.000218283 3.75172e-05 -1
0.000294731 0.000617242 0.000184636 3.84303e-05 -1
0.000651841 -0.000360772 0.000151194 3.78409e-05 -1
0.000630319 0.000998936 3.77482e-05 3.78744e-05 -1
0.000240918 -0.000121262 0.000639375 3.60752e-05 -1
0.00029226 0.000219585 0.000409567 3.53461e-05 -1
0.000540535 -9.45487e-06 0.0002888 3.51623e-05 -1
-0.000434854 0.000809434 3.60386e-05 3.61072e-05 -1
-0.000242488 0.000392848 0.00054169 3.63543e-05 -1
-5.01065e-05 0.000932446 0.000225546 3.85834e-05 -1
0.000333984 -0.000300257 0.000333171 3.65843e-05 -1
-0.000392476 -0.00018442 3.84201e-05 3.84589e-05 -1
0.000901138 -0.000851542 0.000165472 3.98131e-05 -1
-0.000895641 0.000356639 3.67657e-05 3.68016e-05 -1
-0.00117074 0.000261435 0.000123926 3.8664e-05 -1
-0.000244196 0.00138274 0.000101235 3.87357e-05 -1
0.000631698 0.000646248 0.000133089 3.57168e-05 -1
-0.00119987 0.000341089 3.76971e-05 3.77273e-05 -1
0.00011002 -2.17765e-05 0.000284134 3.95379e-05 -1
0.000292419 -0.00138444 9.6671e-05 3.63131e-05 -1
0.000445492 0.000799859 0.000170097 3.76559e-05 -1
-0.00118837 -0.000306406 3.66033e-05 3.66979e-05 -1
-0.000587574 0.000683532 3.80351e-05 3.81892e-05 -1
-0.000870456 0.00133883 3.68895e-05 3.69257e-05 -1
-0.0011989 -0.000724477 3.98088e-05 3.98474e-05 -1
0.000881884 0.000616928 0.000134209 3.81414e-05 -1
0.000560863 0.00096086 0.000168225 3.69753e-05 -1
0.000722309 0.000947351 6.42286e-05 3.52184e-05 -1
-0.000870215 -0.000439346 3.93983e-05 3.95063e-05 -1
-0.00021472 0.00115551 0.000102818 3.6995e-05 -1
0.00014503 0.000136638 0.000183923 3.94638e-05 -1
0.000118535 -0.001357 3.56469e-05 3.57171e-05 -1
0.00151665 0.000221111 3.64838e-05 3.65222e-05 -1
0.000115088 -0.000866449 0.000188754 3.7023e-05 -1
0.000181079 -0.000191184 0.000223951 3.72816e-05 -1
-0.000753629 -0.000567033 3.51153e-05 3.51973e-05 -1
0.000463271 0.000701139 0.000249608 3.67427e-05 -1
3.36425e-05 -0.00175345 0.000104705 3.87072e-05 -1
7.94488e-05 -0.000157409 0.000277477 3.7543e-05 -1
0.000393405 0.000456604 0.000208231 3.80218e-05 -1
-0.000866435 0.00114583 0.000147294 3.57298e-05 -1
0.000215227 6.24191e-05 0.000229403 3.77918e-05 -1
0.000153969 0.000424431 0.000282395 3.94933e-05 -1
0.000531418 -0.000971325 0.000183854 3.80302e-05 -1
0.000456137 -7.5046e-05 3.75661e-05 3.77158e-05 -1
0.0013891 0.000762497 3.98418e-05 3.98824e-05 -1
-3.58516e-05 -0.000238415 0.00048677 3.80877e-05 -1
-4.79576e-05 -0.00107333 9.5568e-05 3.72282e-05 -1
-0.000100139 0.000620889 0.000226207 3.74739e-05 -1
-0.00142854 -0.000498605 0.000130277 3.75015e-05 -1
-0.000230111 -0.000492161 0.000291762 3.77222e-05 -1
-0.000320392 0.000338914 0.0003391 3.56114e-05 -1
-0.000105598 0.000769893 0.000370324 3.65784e-05 -1
-0.000413838 0.000389352 0.000491534 3.92387e-05 -1
1.75282e-05 0.00141681 3.78724e-05 3.79334e-05 -1
-0.000979752 0.000978248 0.000125898 3.75377e-05 -1
0.000236866 0.000931035 0.000136846 3.70303e-05 -1
-0.00115572 0.00128646 3.65289e-05 3.65641e-05 -1
-0.00123319 -0.000609781 7.80289e-05 3.55865e-05 -1
-0.000457475 0.000168763 3.68298e-05 3.69626e-05 -1
-0.000772064 0.00111754 3.64296e-05 3.64773e-05 -1
-0.000154435 -0.000260966 0.000619781 3.63618e-05 -1
-0.000453441 0.000603312 0.00037586 3.83798e-05 -1
0.000756615 0.000386682 0.000136783 3.72235e-05 -1
-0.00150962 0.000566022 3.79031e-05 3.79425e-05 -1
-0.00145038 0.000990394 3.84511e-05 3.84909e-05 -1
-0.000529075 -0.000872458 0.000191656 3.80392e-05 -1
4.88378e-05 0.000471653 0.000151021 3.52964e-05 -1
3.33753e-06 -0.000118668 0.000155116 3.85775e-05 -1
-0.00032456 -0.000109732 0.000530619 3.95268e-05 -1
0.000480157 0.000231102 0.000325158 3.78131e-05 -1
-0.000554072 -0.00167884 3.57839e-05 3.58144e-05 -1
-0.000302575 0.000953753 0.000293612 3.62587e-05 -1
-0.000108257 -0.000563187 9.63354e-05 3.5166e-05 -1
-0.000354501 -0.000122956 0.000451096 3.70572e-05 -1
0.000340443 -0.00020135 0.000573494 3.73502e-05 -1
-0.00163137 -0.000250254 8.14174e-05 3.82545e-05 -1
0.00070566 -0.000582525 0.000153273 3.80511e-05 -1
-0.00115378 7.24763e-05 3.66864e-05 3.68355e-05 -1
-0.000732843 0.0007544 0.000227188 3.93602e-05 -1
-0.00140053 0.000534052 9.609e-05 3.63166e-05 -1
0.00136078 -0.000198145 7.35978e-05 3.88817e-05 -1
0.000238605 -0.00113935 0.000100384 3.55973e-05 -1
0.000794142 -0.000825852 0.000161239 3.52455e-05 -1
0.00093012 0.00113468 0.000102042 3.78316e-05 -1
-0.00154704 -0.000406578 3.95916e-05 3.96462e-05 -1
-0.000628371 -0.000859894 9.02363e-05 3.87767e-05 -1
0.000602184 0.000706912 9.95976e-05 3.96352e-05 -1
-0.000345996 -3.31196e-05 0.000562773 3.75766e-05 -1
0.000396034 0.000111703 9.40686e-05 3.56187e-05 -1
0.000352296 0.00121195 0.00014988 3.98541e-05 -1
0.000741382 0.000391926 0.000359067 3.90919e-05 -1
0.000483181 0.000790537 0.000231797 3.52739e-05 -1
0.000191129 -0.000166408 0.00010393 3.84748e-05 -1
0.00057826 0.00124286 3.74584e-05 3.75155e-05 -1
0.000278322 0.00030695 0.000481859 3.93419e-05 -1
0.000285282 0.000385831 0.000218774 3.9283e-05 -1
-0.000268801 0.000279334 0.000524584 3.74055e-05 -1
0.000878499 0.000446863 0.000231098 3.91704e-05 -1
-0.000354825 0.000117047 0.000539426 3.61585e-05 -1
-6.21959e-05 0.000412253 0.000196494 3.86291e-05 -1
0.000997157 -0.000414839 9.16063e-05 3.76412e-05 -1
-4.7488e-05 0.00107111 0.000211809 3.7989e-05 -1
-0.000602904 0.000437573 0.000214201 3.78419e-05 -1
-0.000228901 2.75284e-05 3.54128e-05 3.55576e-05 -1
4.34473e-05 -0.00139773 3.92954e-05 3.93432e-05 -1
0.00101543 0.000272692 9.67675e-05 3.60128e-05 -1
6.16021e-05 0.0014269 9.84249e-05 3.6254e-05 -1
0.000180809 0.00120615 6.79242e-05 3.86253e-05 -1
0.000321911 0.0011897 3.56135e-05 3.56877e-05 -1
3.54639e-05 5.24637e-05 3.79562e-05 3.79841e-05 -1
0.000615298 0.000627405 3.67506e-05 3.68378e-05 -1
-0.000591422 -0.00046422 0.000207601 3.60967e-05 -1
0.000683385 -0.00094776 3.68135e-05 3.68951e-05 -1
0.00125764 0.000150449 0.000157788 3.75181e-05 -1
0.000599906 -0.00063525 9.09881e-05 3.79071e-05 -1
0.000214681 0.000251462 0.000577257 3.63474e-05 -1
0.00109958 -0.000202422 0.000214054 3.72105e-05 -1
-0.000752584 -0.000148255 0.000269151 3.63907e-05 -1
0.000613124 -0.000676618 0.000154486 3.89671e-05 -1
-8.83106e-06 -0.00143588 8.8898e-05 3.84869e-05 -1
0.000860564 -3.70444e-05 0.000102379 3.73069e-05 -1
-0.000495888 -0.000776402 0.00027477 3.59506e-05 -1
0.00063089 0.000215396 0.000362677 3.65973e-05 -1
7.30116e-05 -0.00131945 0.00018267 3.9127e-05 -1
0.000162454 -0.000725348 0.000197775 3.66498e-05 -1
0.000349948 -0.00122329 0.000140959 3.95291e-05 -1
0.00024759 -0.00166371 5.32015e-05 3.74788e-05 -1
-0.000131734 0.000373065 8.63203e-05 3.60509e-05 -1
-0.000743143 -0.000406092 0.000354757 3.91085e-05 -1
0.000973793 0.000644446 0.000157199 3.79099e-05 -1
0.000427569 0.00113463 0.000156843 3.567e-05 -1
0.000648453 -0.00116119 3.6157e-05 3.61899e-05 -1
0.000427301 0.000274824 0.000262475 3.90621e-05 -1
0.00115664 -0.000107508 0.00022423 3.55449e-05 -1
-0.00102969 -0.000337034 0.000217139 3.82347e-05 -1
-0.000546269 0.000462027 0.000111678 3.83515e-05 -1
-0.00108538 -0.00118838 3.60637e-05 3.61186e-05 -1
0.000667347 -0.000940747 0.000141577 3.58889e-05 -1
0.00157318 -0.000708411 3.84786e-05 3.85096e-05 -1
0.000150241 -0.00142736 3.77504e-05 3.77948e-05 -1
0.0011074 -0.000336027 3.75992e-05 3.76867e-05 -1
1.73358e-05 0.00024035 0.000519219 3.72527e-05 -1
0.00116069 0.000130193 0.000160288 3.63099e-05 -1
0.000236299 -0.000537672 0.000284848 3.76735e-05 -1
0.000193585 0.00127432 3.72232e-05 3.72955e-05 -1
-0.000651917 0.000209004 0.000342069 3.55311e-05 -1
-0.000595931 -0.000420204 0.000264522 3.60644e-05 -1
-0.00130036 -0.000337034 0.000153015 3.74134e-05 -1
0.000135754 0.00160177 3.57203e-05 3.57552e-05 -1
8.95898e-05 0.000568928 3.71042e-05 3.73173e-05 -1
-0.000943222 -0.00109942 3.62938e-05 3.63491e-05 -1
-0.000116167 -0.00118707 0.000160432 3.72153e-05 -1
0.000669009 -0.000656386 0.00023221 3.75157e-05 -1
-0.000446326 0.000418804 3.54519e-05 3.55469e-05 -1
-0.000238136 -0.000278057 8.55764e-05 3.75015e-05 -1
0.000489862 0.000745154 0.000138524 3.79022e-05 -1
0.000527717 0.000697494 0.000308909 3.95501e-05 -1
0.000810928 0.000618079 0.00028109 3.79112e-05 -1
0.000542353 -0.000810155 0.000150628 3.87459e-05 -1
-0.000224757 -0.000403087 0.000351648 3.93743e-05 -1
-0.000149284 -0.000507315 0.000178082 3.95576e-05 -1
0.000636438 0.00162216 3.77445e-05 3.77763e-05 -1
-0.000660665 -0.00029388 0.000139372 3.75582e-05 -1
0.00102792 -8.32239e-05 0.000105741 3.90372e-05 -1
0.000289024 0.000837976 0.000146908 3.83603e-05 -1
0.000516972 0.000825875 3.73884e-05 3.74199e-05 -1
-0.000930066 0.000477205 6.8199e-05 3.74598e-05 -1
-2.48815e-06 -0.000416474 0.000100017 3.76853e-05 -1
-0.000579456 5.96624e-05 0.000334013 3.70646e-05 -1
-0.000803077 0.000184806 8.12292e-05 3.83083e-05 -1
-0.00034749 -8.85732e-05 0.000316645 3.85103e-05 -1
-0.000328543 -0.00128787 0.000104413 3.85533e-05 -1
-4.73617e-05 -4.90297e-05 0.000578386 3.95428e-05 -1
-0.000940801 0.000747496 0.000169559 3.8377e-05 -1
-0.000499412 0.00145426 3.94793e-05 3.9523e-05 -1
-0.000395211 -0.000860524 3.97421e-05 3.98318e-05 -1
0.000432719 0.00017206 0.000511009 3.72337e-05 -1
5.01435e-05 -7.10303e-05 0.000246626 3.97863e-05 -1
-0.00101531 -0.0011017 0.000105021 3.72462e-05 -1
0.000256844 0.000585334 3.56571e-05 3.57092e-05 -1
0.000219697 -0.000464832 0.000268293 3.88637e-05 -1
-0.000383899 0.000552492 0.000392322 3.91363e-05 -1
-0.000201354 0.000175832 0.000641388 3.50535e-05 -1
-0.000625511 -0.000233287 0.000298301 3.94885e-05 -1
-0.000494989 -0.000182286 0.000169853 3.71056e-05 -1
0.000600321 0.000453694 3.83838e-05 3.84223e-05 -1
-0.000105132 0.000437268 0.000252894 3.66006e-05 -1
-0.000177929 -0.000186095 0.00060596 3.75117e-05 -1
-0.000388252 -0.000318256 0.000370259 3.93649e-05 -1
-7.27057e-05 0.00109794 3.82082e-05 3.83356e-05 -1
0.000665862 4.46157e-05 9.42689e-05 3.82313e-05 -1
0.000460647 7.62593e-05 0.000444425 3.82671e-05 -1
-0.000589043 -0.00135516 3.77354e-05 3.78096e-05 -1
0.000535822 -0.00115284 9.61544e-05 3.53842e-05 -1
-0.00112593 0.00091206 0.000102572 3.77831e-05 -1
-0.00093787 -0.000580409 0.000207389 3.74134e-05 -1
-0.00092829 0.000209835 7.33392e-05 3.86089e-05 -1
0.000690716 -2.97671e-05 0.000427642 3.63301e-05 -1
-0.00106038 -0.00127401 3.86797e-05 3.87196e-05 -1
-0.000264199 -0.000704758 0.000261138 3.76238e-05 -1
0.000107357 0.00107187 0.000216082 3.86257e-05 -1
0.000493363 0.000932052 0.000178668 3.71861e-05 -1
0.000441837 -0.00157228 7.88017e-05 3.65968e-05 -1
-0.00104966 -0.000486924 0.000215263 3.93213e-05 -1
-0.000592639 0.000978834 0.000163848 3.93777e-05 -1
0.000409368 -0.000623502 0.000328766 3.69605e-05 -1
-0.000364701 -9.72307e-05 0.000241623 3.90398e-05 -1
-0.0014794 0.000128092 9.81716e-05 3.9996e-05 -1
0.000513433 0.000240866 0.000178483 3.96345e-05 -1
-0.00113455 -0.000536094 3.98645e-05 3.99958e-05 -1
0.00132314 0.000235969 0.000100123 3.9494e-05 -1
0.000371752 0.000941084 0.000183051 3.96887e-05 -1
0.000267325 0.000863507 3.61202e-05 3.62831e-05 -1
-4.40158e-05 -0.00041686 0.000231771 3.62351e-05 -1
0.00152708 0.000636155 3.66734e-05 3.67123e-05 -1
-0.000328391 -0.000565518 0.000407797 3.57194e-05 -1
0.00047682 -0.00115696 0.000135553 3.56942e-05 -1
-7.51871e-05 0.0016272 3.73476e-05 3.73875e-05 -1
-0.000177513 0.00135084 0.000106604 3.53996e-05 -1
-2.80727e-05 -0.000876173 0.000203204 3.93867e-05 -1
0.000381152 -2.48805e-05 0.000249609 3.71826e-05 -1
0.000280555 -0.000906118 7.81644e-05 3.95747e-05 -1
-0.00116447 0.000476783 0.000153068 3.83684e-05 -1
-0.000555065 0.00121318 0.000152757 3.93087e-05 -1
-0.00182012 5.95905e-05 3.71772e-05 3.72128e-05 -1
0.000503202 -0.000326554 0.000197945 3.80045e-05 -1
-9.58933e-05 -0.00039903 0.000443581 3.85554e-05 -1
0.000413519 8.93948e-05 0.000161115 3.73252e-05 -1
0.00034251 -0.00157414 9.60034e-05 3.67008e-05 -1
-0.000198837 0.000381289 0.000170733 3.62798e-05 -1
-0.000665948 0.000237265 0.000197076 3.8319e-05 -1
9.88381e-05 -0.000610496 3.61118e-05 3.62182e-05 -1
0.000348539 -0.000223337 0.000413385 3.91772e-05 -1
0.000978305 0.000333866 8.93574e-05 3.57757e-05 -1
-0.000591419 0.00080546 0.000238068 3.81112e-05 -1
-0.000606447 0.000469281 0.000304197 3.54536e-05 -1
0.000423523 -0.000946122 9.61615e-05 3.57413e-05 -1
0.00123933 -0.000294404 3.91168e-05 3.9198e-05 -1
-0.00159725 -0.000173271 3.77643e-05 3.78117e-05 -1
-0.000659088 -0.000132109 0.00010576 3.77798e-05 -1
-0.00158599 -0.000710931 9.81914e-05 3.95462e-05 -1
0.00061859 3.44636e-05 3.6805e-05 3.69566e-05 -1
-0.00130363 -6.92612e-05 3.69296e-05 3.70373e-05 -1
0.000505869 0.000575474 7.85381e-05 3.74512e-05 -1
-0.000220444 -0.000928717 0.000129889 3.5216e-05 -1
0.000558303 0.00116967 3.83879e-05 3.8427e-05 -1
0.00111144 -0.00102421 3.82221e-05 3.82871e-05 -1
-0.000799335 0.000723077 0.000165816 3.6402e-05 -1
-0.000422475 -0.000185594 0.000332165 3.5634e-05 -1
-0.000340756 0.000214869 0.000414175 3.67125e-05 -1
4.82044e-05 -0.000464876 0.000399991 3.70593e-05 -1
-0.000440738 -0.000305206 0.0003132 3.93146e-05 -1
4.31001e-05 0.000671031 0.000101296 3.53544e-05 -1
-0.000183475 -0.000872648 9.87332e-05 3.88807e-05 -1
0.000366134 -0.000665922 3.7634e-05 3.77789e-05 -1
4.70492e-05 -0.00179593 3.99033e-05 3.99436e-05 -1
-0.00066319 0.000178741 0.00015279 3.51489e-05 -1
0.000714465 -0.00037177 0.000333714 3.56482e-05 -1
-0.000309652 0.000250426 0.000581103 3.80976e-05 -1
-0.000350174 6.75489e-05 3.65853e-05 3.66925e-05 -1
-0.00152344 -0.00020418 3.63085e-05 3.63424e-05 -1
-0.00119539 -0.000641547 0.000140187 3.83095e-05 -1
0.000799148 -0.000227466 9.23272e-05 3.8683e-05 -1
-0.000164054 -0.00100219 0.000238895 3.6713e-05 -1
6.36517e-05 -0.000881284 0.000318167 3.50292e-05 -1
-0.000308629 0.000588809 0.000203682 3.90065e-05 -1
-0.00182589 -0.00035573 3.73296e-05 3.73592e-05 -1
-0.000426879 0.0012229 0.000110055 3.97249e-05 -1
-0.000579091 6.13837e-06 0.000386407 3.70372e-05 -1
-0.000238921 -8.44821e-05 9.61903e-05 3.81081e-05 -1
-0.000483999 0.000636686 9.86813e-05 3.76078e-05 -1
-0.000863341 -0.00028431 0.000153222 3.56999e-05 -1
9.95522e-06 0.000362845 3.86552e-05 3.88891e-05 -1
-0.00139944 0.000260494 3.70227e-05 3.70519e-05 -1
-2.00234e-05 -0.00013131 8.53317e-05 3.62956e-05 -1
-0.000314993 0.000538209 0.000427852 3.97231e-05 -1
0.000762447 -4.55671e-05 0.000409242 3.94098e-05 -1
0.000646531 0.000575281 0.000154513 3.99115e-05 -1
-0.00142999 -0.000667757 3.54763e-05 3.5525e-05 -1
0.000176878 0.000774604 9.25613e-05 3.85341e-05 -1
-0.000599107 0.000728628 0.000211445 3.54242e-05 -1
-0.00101409 0.000126221 0.000180736 3.98345e-05 -1
-0.000622637 0.000643423 0.000163547 3.87224e-05 -1
0.000355888 0.00167151 3.76768e-05 3.77145e-05 -1
-0.000591686 1.90849e-05 3.54612e-05 3.55868e-05 -1
0.000789775 -0.0015908 8.55547e-05 3.71008e-05 -1
-0.000631118 -0.00024964 0.000372162 3.64007e-05 -1
0.000968594 -0.00123357 8.96025e-05 3.55919e-05 -1
0.0009424 0.000509166 0.000106879 3.90775e-05 -1
-0.000530997 -0.00156777 3.86292e-05 3.86569e-05 -1
-0.00108479 0.000218963 0.000226839 3.76085e-05 -1
-0.00148663 -0.000118158 0.000155645 3.66098e-05 -1
-0.000997756 -0.000970666 3.61803e-05 3.62274e-05 -1
0.000537341 -0.000499438 0.000247688 3.82066e-05 -1
5.638e-05 0.00119844 3.67125e-05 3.68014e-05 -1
-0.00154459 -0.000647208 9.31665e-05 3.62871e-05 -1
0.00133287 3.08212e-05 3.69455e-05 3.7004e-05 -1
3.96211e-05 -0.000533313 0.000368727 3.6239e-05 -1
-0.000553596 -0.000504789 3.66167e-05 3.66456e-05 -1
-0.000148452 -0.000925481 0.000139752 3.66945e-05 -1
0.000925237 0.000453606 0.000156296 3.72722e-05 -1
7.97888e-05 0.00029018 0.000505898 3.60747e-05 -1
3.35274e-05 -1.66244e-05 0.000192578 3.84557e-05 -1
0.000228831 -0.00137782 0.00013236 3.69556e-05 -1
0.000518214 0.00138368 3.76568e-05 3.77211e-05 -1
0.000700399 -0.00147555 3.6483e-05 3.65247e-05 -1
1.66882e-05 -9.68572e-05 3.49127e-05 3.50787e-05 -1
-0.000215665 -0.00113765 0.000104244 3.91913e-05 -1
-0.00038744 -0.000264957 0.0002789 3.58656e-05 -1
0.000464497 0.000244858 0.000494548 3.71336e-05 -1
0.000710748 -0.000178422 0.000230972 3.57084e-05 -1
0.00013257 0.000740245 0.000308404 3.5625e-05 -1
0.000273482 0.000519692 0.000216344 3.74814e-05 -1
-0.00120007 0.0010714 3.63766e-05 3.64241e-05 -1
-0.00080445 0.0013012 3.7596e-05 3.76448e-05 -1
-0.000729384 -0.000717083 0.000241902 3.86465e-05 -1
-0.000874257 0.000719301 3.90387e-05 3.91465e-05 -1
0.000257571 0.00098936 9.5403e-05 3.75205e-05 -1
0.00108428 -0.00031937 0.000156285 3.71761e-05 -1
0.000887442 -0.000487982 0.00023979 3.84595e-05 -1
-0.000510827 6.32102e-05 0.000259541 3.57337e-05 -1
-0.000741345 0.00107133 0.000174601 3.71042e-05 -1
0.00058161 0.000747524 0.000233581 3.59537e-05 -1
0.000862432 -0.000410999 0.000159697 3.75356e-05 -1
-0.000706526 0.000966766 0.000211504 3.58133e-05 -1
0.000948907 -0.000349943 0.0001395 3.832e-05 -1
0.00136967 0.000465185 9.973e-05 3.76485e-05 -1
0.000459221 -0.000174799 0.000431256 3.76038e-05 -1
-0.00114363 -0.000403709 0.000209289 3.79633e-05 -1
-0.00118581 -0.000718221 0.000152402 3.98955e-05 -1
0.000996576 -0.00109457 3.71787e-05 3.7234e-05 -1
-0.000647091 -0.000163737 0.000328781 3.80554e-05 -1
-0.000715621 -0.000666869 3.84092e-05 3.84698e-05 -1
0.00111525 0.000102411 0.000237527 3.93863e-05 -1
-0.000219412 0.000758196 0.000102226 3.79341e-05 -1
-0.000152483 0.000691621 0.000463643 3.8413e-05 -1
0.00018388 0.000254022 0.000379279 3.88134e-05 -1
-0.000807218 0.000672517 3.70477e-05 3.71715e-05 -1
-9.8802e-06 0.00156076 9.24865e-05 3.66988e-05 -1
-0.000498618 -0.00119897 0.000101116 3.84548e-05 -1
-3.6339e-05 0.00077177 0.000182159 3.53027e-05 -1
4.22577e-05 -0.000661369 0.000468176 3.74241e-05 -1
-0.000323342 0.000327968 0.000518201 3.59744e-05 -1
0.00119507 0.000340511 3.7863e-05 3.79094e-05 -1
0.000114676 0.000452373 0.000194265 3.69048e-05 -1
-0.000456336 0.000940568 9.99142e-05 3.70423e-05 -1
0.000359291 0.000192492 3.89633e-05 3.9107e-05 -1
-0.00157616 0.000412485 5.0384e-05 3.82868e-05 -1
-0.000719088 -0.00125991 9.54188e-05 3.86567e-05 -1
0.00130987 -5.39964e-06 9.68204e-05 3.66761e-05 -1
-0.000125655 0.0017198 3.84486e-05 3.84881e-05 -1
0.00100886 0.000395803 0.000140082 3.92497e-05 -1
-0.000194938 0.000221252 0.000336242 3.54299e-05 -1
-0.000132729 0.00120457 0.000176034 3.92221e-05 -1
5.91472e-06 -0.00148768 0.000141457 3.68006e-05 -1
-0.000820038 0.000773185 0.000217083 3.82458e-05 -1
0.000628499 -3.69725e-05 0.000463584 3.58561e-05 -1
-0.00125974 -0.000267673 3.78751e-05 3.79411e-05 -1
-0.000142485 0.000496977 0.000469208 3.7889e-05 -1
-0.000555102 0.000933931 0.00021621 3.91789e-05 -1
3.44253e-05 -0.00137787 0.000151597 3.74738e-05 -1
0.000997691 0.000271413 0.000208394 3.59021e-05 -1
0.000168829 0.00032457 0.000531281 3.67539e-05 -1
-0.00163718 0.000323782 3.72719e-05 3.73098e-05 -1
0.000785899 0.000823634 0.00017794 3.69459e-05 -1
0.000254696 0.000810375 0.000266756 3.53595e-05 -1
0.000436141 -0.000150501 0.000197504 3.75168e-05 -1
-0.00173179 -0.000472551 3.68717e-05 3.69028e-05 -1
-0.00159107 -0.000663027 3.77319e-05 3.77797e-05 -1
0.000128381 -0.000136967 0.00044901 3.6397e-05 -1
0.000306864 0.00141309 9.52897e-05 3.76262e-05 -1
-3.44479e-05 0.00119098 9.91658e-05 3.56202e-05 -1
-0.000305249 0.000500656 0.000142817 3.64722e-05 -1
8.67504e-05 -0.00137584 9.84331e-05 3.71825e-05 -1
0.000636716 -0.000721128 0.000214828 3.69367e-05 -1
0.000906617 9.89926e-05 0.000318292 3.56989e-05 -1
-0.000422566 -0.000452913 0.00036147 3.6828e-05 -1
5.33264e-05 -0.00116068 7.09196e-05 3.64257e-05 -1
0.000542465 -0.00102546 0.000133256 3.69435e-05 -1
-8.58487e-05 0.000195595 0.000624522 3.98404e-05 -1
0.000230756 0.0002049 0.000342969 3.75465e-05 -1
-0.000141784 0.000754053 0.000299556 3.56845e-05 -1
0.00166385 6.25964e-05 6.09438e-05 3.85147e-05 -1
0.000506417 4.92737e-06 0.000108476 3.53096e-05 -1
0.000745296 0.000341469 3.66096e-05 3.67265e-05 -1
0.000546838 0.000487363 0.000395306 3.61502e-05 -1
0.00103611 -0.000969074 0.000107151 3.78626e-05 -1
-6.01611e-05 -0.00093829 0.000166961 3.94098e-05 -1
0.000200915 -9.66478e-05 0.000135995 3.89669e-05 -1
0.000619481 0.00035733 0.000267479 3.9071e-05 -1
0.000883587 0.000680023 3.69651e-05 3.70814e-05 -1
5.2503e-05 -0.00130771 0.000107574 3.96321e-05 -1
-0.000753253 -0.000114623 0.000203026 3.77764e-05 -1
-0.00124499 -0.000359993 0.000104797 3.76407e-05 -1
0.000795935 -0.000580133 0.000207515 3.57886e-05 -1
0.00102329 -0.000720081 0.000172535 3.7384e-05 -1
-4.14623e-05 -0.000669247 3.65882e-05 3.67031e-05 -1
0.000189876 -0.000601668 3.74559e-05 3.75346e-05 -1
8.06299e-06 -0.000306142 0.000475622 3.75632e-05 -1
-0.000296381 -0.000518132 0.000456679 3.95582e-05 -1
-0.000628046 -0.000544494 3.75671e-05 3.76753e-05 -1
-0.000464415 0.000395386 0.000109834 3.95447e-05 -1
0.00139186 7.5818e-05 3.72101e-05 3.72478e-05 -1
0.000146026 0.00169515 3.77767e-05 3.78126e-05 -1
-0.000616668 -0.00120063 3.53192e-05 3.5335e-05 -1
-5.49142e-05 -0.000252014 0.000558743 3.76421e-05 -1
0.000365722 0.000158972 0.000141001 3.76966e-05 -1
5.76076e-05 -0.000523088 0.000298176 3.73314e-05 -1
0.00092361 0.000229527 0.000210266 3.96047e-05 -1
3.60898e-05 4.00552e-06 9.86254e-05 3.92547e-05 -1
-0.00176842 -0.00011512 9.56317e-05 3.59894e-05 -1
0.000945344 -0.000409765 0.000222993 3.95454e-05 -1
0.00099405 0.000198504 0.000219256 3.79194e-05 -1
-0.000798246 0.000911938 0.00017238 3.77779e-05 -1
-2.78698e-05 0.000680625 0.000131202 3.52126e-05 -1
0.000285652 -0.00127087 0.000151867 3.80338e-05 -1
-0.000624063 -0.000238677 3.82709e-05 3.84004e-05 -1
-9.4603e-05 -0.000660655 0.000260943 3.61944e-05 -1
-0.00134693 0.00016185 3.72395e-05 3.73203e-05 -1
0.000677534 0.000329031 0.0003071 3.59578e-05 -1
0.00073369 -0.000784828 0.000147333 3.91526e-05 -1
-0.000491028 8.22023e-05 0.000190896 3.82613e-05 -1
0.000437005 -0.000137341 7.40352e-05 3.70551e-05 -1
-0.000179289 -0.000805947 3.70676e-05 3.72041e-05 -1
-0.00129744 -0.000312172 8.37238e-05 3.62882e-05 -1
-0.00101548 -0.000776372 7.73031e-05 3.5526e-05 -1
0.000784224 -0.000365503 0.000345443 3.53795e-05 -1
-0.000166633 -0.00143776 9.00573e-05 3.63709e-05 -1
0.00029862 -0.000687948 0.000107162 3.80282e-05 -1
0.00139962 0.000216133 0.000108486 3.91925e-05 -1
0.000431119 0.000989958 0.00019679 3.8457e-05 -1
-0.00126743 -0.000410339 3.63888e-05 3.64218e-05 -1
0.000513084 -0.00100593 3.63344e-05 3.64487e-05 -1
-0.000771059 -0.000569705 0.00010645 3.83521e-05 -1
-0.000550469 -0.000733196 0.000218477 3.76999e-05 -1
-0.00105833 -0.000426992 3.91087e-05 3.91905e-05 -1
0.00065669 -0.000738077 3.59641e-05 3.6006e-05 -1
-0.000927621 0.000701526 0.000230118 3.88247e-05 -1
-0.000843115 0.00106068 3.88248e-05 3.89016e-05 -1
4.92295e-05 -0.000209471 0.000320912 3.67737e-05 -1
-0.00162444 -0.000594084 3.76495e-05 3.76838e-05 -1
0.000904093 0.0010621 9.70348e-05 3.94541e-05 -1
-0.000104853 -6.29462e-05 0.000686276 3.70461e-05 -1
0.000361288 0.000502834 3.73166e-05 3.74369e-05 -1
0.000197096 0.00113716 3.63233e-05 3.64048e-05 -1
-0.000107978 -0.000484377 0.000504196 3.74404e-05 -1
-0.000513872 0.000753562 0.000335238 3.92982e-05 -1
-0.000508061 -0.00053632 0.000262443 3.83117e-05 -1
-0.000598439 0.000106231 0.000264851 3.81419e-05 -1
0.000211877 0.000127931 0.000347402 3.98371e-05 -1
-0.000594058 -0.000211734 0.000423254 3.72459e-05 -1
-0.000200559 -6.71076e-05 0.000288735 3.60454e-05 -1
0.000462024 -0.000350228 0.000304036 3.95475e-05 -1
0.00089129 0.000430875 3.69769e-05 3.71151e-05 -1
0.00103145 9.59794e-05 0.000190868 3.71924e-05 -1
-0.0011764 0.000106389 9.9729e-05 3.82953e-05 -1
-0.000493532 -0.000759326 0.000344312 3.57145e-05 -1
-0.000128486 -0.00101374 0.000320716 3.84728e-05 -1
9.74659e-05 -0.00164848 3.64489e-05 3.64897e-05 -1
0.000175611 0.000193551 0.000593769 3.54749e-05 -1
0.000791769 0.00113173 3.55699e-05 3.56022e-05 -1
-0.000968643 0.000776983 0.000104095 3.86935e-05 -1
-5.54874e-05 -0.000532502 0.000442857 3.92859e-05 -1
0.000162191 -3.89275e-05 0.000636403 3.71005e-05 -1
0.000172735 0.000703457 0.000258336 3.84007e-05 -1
0.000396133 -0.00146765 6.22969e-05 3.74096e-05 -1
0.000437865 0.00134846 9.81568e-05 3.53109e-05 -1
-5.27367e-05 -0.00114857 0.000177737 3.90185e-05 -1
-0.000380029 -0.000322097 3.4959e-05 3.5109e-05 -1
-0.000933113 -0.00032989 3.68384e-05 3.69636e-05 -1
-0.000112393 -0.000135582 0.000444147 3.95845e-05 -1
6.74278e-07 0.00138527 0.000104595 3.78198e-05 -1
-0.00041141 -0.000451198 0.000436362 3.88175e-05 -1
-7.68322e-05 0.000899301 0.000305185 3.63542e-05 -1
-0.000344082 0.000677636 0.000355217 3.68278e-05 -1
-0.000560772 0.000270992 0.000269414 3.6519e-05 -1
-0.00036757 -0.000491816 0.000204986 3.76441e-05 -1
-0.000209843 8.10949e-05 7.98231e-05 3.66259e-05 -1
0.000826659 -0.000891712 0.000167942 3.85402e-05 -1
0.000229829 -0.00108468 0.000250781 3.77878e-05 -1
-0.000350011 0.000772227 0.000258317 3.89712e-05 -1
-0.000245072 -0.00100804 0.000239756 3.829e-05 -1
0.000271944 0.000392907 0.000364748 3.53608e-05 -1
-0.000548009 -0.00110487 7.41912e-05 3.71132e-05 -1
-3.50776e-05 -0.000619296 8.86438e-05 3.58467e-05 -1
0.000833667 -0.000594817 0.000148403 3.5868e-05 -1
-0.000997291 0.000473705 0.000173679 3.6361e-05 -1
-0.00126119 -0.000910998 9.75052e-05 3.78038e-05 -1
-0.000535013 0.00133655 9.49939e-05 3.70633e-05 -1
-0.00126724 -0.000778739 3.71764e-05 3.72334e-05 -1
0.000121815 -1.99213e-05 0.000513492 3.67127e-05 -1
0.000761098 -0.000777 0.000269117 3.82459e-05 -1
1.59439e-05 0.000371229 0.000400009 3.86214e-05 -1
-5.13692e-05 0.000221253 0.000506128 3.52644e-05 -1
-0.000678471 -0.00058123 0.000182187 3.78311e-05 -1
0.000777221 0.000221077 0.000107576 3.93577e-05 -1
0.000328883 -4.16893e-06 0.000581046 3.52449e-05 -1
-0.000418797 3.14659e-05 3.80592e-05 3.80905e-05 -1
-0.00162602 -0.000368448 3.7177e-05 3.72107e-05 -1
0.000190984 0.000412064 0.000217202 3.65404e-05 -1
-0.000377749 -0.00110777 3.55189e-05 3.55722e-05 -1
0.000627652 -0.000393507 0.000228743 3.80082e-05 -1
0.00123526 -0.000714518 0.000102497 3.73948e-05 -1
0.000646365 0.00102506 0.000104922 3.60401e-05 -1
-0.00101101 9.14115e-05 0.000111589 3.77054e-05 -1
9.1291e-05 0.00036818 0.000380645 3.92631e-05 -1
0.000259581 -0.000373589 8.45791e-05 3.65131e-05 -1
-0.000101794 -0.000157626 0.000291359 3.84693e-05 -1
-0.00125267 -0.000189064 0.000218281 3.86801e-05 -1
0.000543778 0.00126434 9.916e-05 3.6393e-05 -1
-0.000787612 -0.000149991 0.000133653 3.82611e-05 -1
-0.000241034 0.000718456 0.00021093 3.69232e-05 -1
0.000376396 0.00161937 8.71583e-05 3.70562e-05 -1
0.000343456 -0.000241819 0.000487259 3.71863e-05 -1
-7.11134e-05 -0.000319509 3.5853e-05 3.59034e-05 -1
0.000155853 -0.000442106 0.000141606 3.87123e-05 -1
-0.000654051 -0.000115112 0.00017975 3.83937e-05 -1
-0.00110512 -0.00105121 3.89852e-05 3.90304e-05 -1
0.000427788 -0.000688968 0.000106438 3.77226e-05 -1
-0.0015175 -0.000375691 0.000106432 3.97297e-05 -1
-1.96213e-06 0.00107412 3.62042e-05 3.62725e-05 -1
-0.000502324 -0.000861274 3.55875e-05 3.56442e-05 -1
-9.03152e-05 -0.000994782 0.000236156 3.74988e-05 -1
-0.000881848 0.00067316 0.000139108 3.55802e-05 -1
-6.45372e-05 -5.60944e-05 0.000410909 3.61919e-05 -1
0.000979935 -3.31911e-07 0.000158498 3.84634e-05 -1
-0.000413297 0.000929266 0.000160903 3.84969e-05 -1
-5.67199e-05 -0.000249661 4.69726e-05 3.60877e-05 -1
-0.000375828 0.000496135 0.000318784 3.76034e-05 -1
0.000397259 0.00102947 3.49787e-05 3.50118e-05 -1
0.000568045 -0.000194653 0.000424008 3.53945e-05 -1
-0.000103864 0.000804553 3.65186e-05 3.66087e-05 -1
0.000611901 -0.000385549 8.97528e-05 3.95928e-05 -1
0.000625842 -0.00094026 8.06528e-05 3.58927e-05 -1
0.000736103 9.59129e-05 0.000333801 3.83112e-05 -1
-0.000816705 -8.81271e-05 0.000349137 3.92553e-05 -1
-0.000107852 -0.00162642 8.49795e-05 3.94663e-05 -1
-0.00026869 0.000867742 0.00013352 3.9775e-05 -1
-0.0010134 -0.000120035 0.000233739 3.56901e-05 -1
0.000198893 -0.00131162 0.000133556 3.57586e-05 -1
0.000448148 -0.000293114 3.64602e-05 3.66409e-05 -1
-0.000762383 -0.000340708 0.000220359 3.75359e-05 -1
0.000244896 -0.000629671 0.000203439 3.90658e-05 -1
-0.000220415 -5.64317e-05 0.000652356 3.85979e-05 -1
0.00113446 0.000450824 8.56815e-05 3.68193e-05 -1
-0.000184854 -0.000222307 9.27005e-05 3.99858e-05 -1
-0.000196496 0.000334128 0.000284902 3.6659e-05 -1
5.69271e-05 -0.0007963 0.000331054 3.67224e-05 -1
0.000134499 0.000104452 0.000114794 3.7648e-05 -1
-0.000786876 2.55811e-05 0.000102813 3.62806e-05 -1
-0.000843076 0.00113623 3.66539e-05 3.67043e-05 -1
0.000614378 -0.000379972 0.000302441 3.81297e-05 -1
0.00051148 -0.0001564 8.31127e-05 3.89855e-05 -1
-0.0008712 -0.00103539 3.80518e-05 3.81006e-05 -1
-0.000162983 -0.000439407 3.97502e-05 3.99378e-05 -1
-0.00071392 0.000601257 0.000236012 3.94312e-05 -1
-0.000603459 0.000770044 8.2556e-05 3.95083e-05 -1
0.000880594 -6.92879e-05 0.000298661 3.7291e-05 -1
-0.000267761 -0.000963512 0.000169138 3.54372e-05 -1
-0.000903961 -0.000115816 0.000222006 3.60936e-05 -1
0.000223878 0.000368227 0.000102122 3.5983e-05 -1
0.000675613 9.41634e-05 0.000210769 3.66502e-05 -1
9.10857e-05 -0.000474857 0.000495382 3.58028e-05 -1
0.000154267 0.0011716 0.000132575 3.94028e-05 -1
0.000853483 0.000921756 3.68401e-05 3.69631e-05 -1
0.0013648 0.000210467 3.8844e-05 3.89162e-05 -1
5.26193e-05 -0.00160927 8.77667e-05 3.84059e-05 -1
-0.000905965 -7.14742e-05 6.37305e-05 3.72473e-05 -1
-0.00048966 0.00027992 0.000271382 3.52262e-05 -1
-0.000388979 8.94075e-05 0.000287196 3.73374e-05 -1
0.000392539 0.000433439 3.85061e-05 3.86485e-05 -1
-0.000274102 -0.00111457 3.50538e-05 3.51664e-05 -1
0.000239295 0.000867996 0.000101701 3.53156e-05 -1
-0.000741444 -0.00112528 3.51439e-05 3.51931e-05 -1
0.000813296 0.00027399 0.000247933 3.67689e-05 -1
-0.000247203 0.000320216 3.56336e-05 3.57452e-05 -1
0.000384296 -0.00046985 3.67284e-05 3.686e-05 -1
0.001232 -0.000183525 3.79561e-05 3.80228e-05 -1
0.000445216 0.000256186 0.000137758 3.60471e-05 -1
0.00149131 0.000714375 3.66278e-05 3.66601e-05 -1
-0.000558702 -0.000417948 0.000157454 3.72658e-05 -1
-0.000657957 1.99334e-05 0.000440518 3.93774e-05 -1
0.000697499 0.000275927 0.00035434 3.78851e-05 -1
0.000522586 -0.000615058 8.32333e-05 3.89527e-05 -1
-0.000363146 0.000149373 0.00015248 3.75249e-05 -1
-0.000522175 0.00124738 3.54586e-05 3.55221e-05 -1
0.000600144 0.00131874 9.96576e-05 3.80108e-05 -1
-0.000900278 0.000917537 3.56958e-05 3.57352e-05 -1
-0.000518765 5.59934e-05 0.000425139 3.74177e-05 -1
-0.000780436 -4.56417e-05 0.00022203 3.88011e-05 -1
-0.000795351 -0.00106937 3.56119e-05 3.56443e-05 -1
9.39159e-05 -0.00128821 3.6853e-05 3.69225e-05 -1
0.000323047 -0.00150389 9.53219e-05 3.6217e-05 -1
-0.00128838 -0.000502895 3.78421e-05 3.78863e-05 -1
0.000368868 0.000299848 0.000477207 3.92605e-05 -1
-0.000357276 -0.000813425 0.000230642 3.7983e-05 -1
0.000253729 0.000445255 0.000485963 3.718e-05 -1
0.000942537 0.000633019 3.805e-05 3.81395e-05 -1
-0.000610238 0.000484257 0.000148062 3.84339e-05 -1
-0.000263043 0.0016033 3.96258e-05 3.96624e-05 -1
0.000824061 -0.00067721 0.00016521 3.77044e-05 -1
-0.00162272 0.000371615 8.95582e-05 3.50414e-05 -1
3.73961e-05 -0.000686791 3.83164e-05 3.8366e-05 -1
-0.000420541 0.00128326 0.000157282 3.72088e-05 -1
0.000790062 0.000432489 0.000186821 3.71376e-05 -1
0.00144338 2.07028e-05 3.63638e-05 3.64121e-05 -1
-0.00105349 -0.000409748 0.000230464 3.94641e-05 -1
0.000503652 0.000265169 0.000252 3.84751e-05 -1
0.00143437 -0.000491521 3.84988e-05 3.85389e-05 -1
-0.000326251 -0.00043684 0.000113644 3.69769e-05 -1
0.000796749 0.00082855 0.000103265 3.87249e-05 -1
-0.000133954 -0.000372438 0.000549119 3.74891e-05 -1
-1.64738e-05 0.000918957 0.000157044 3.89364e-05 -1
0.000811212 -0.000338646 3.5342e-05 3.54083e-05 -1
-0.000193605 0.000619895 0.000389916 3.50769e-05 -1
-0.000407544 0.00100873 9.59202e-05 3.94744e-05 -1
0.000179095 -0.00015437 0.000290003 3.83684e-05 -1
-0.00123506 0.000223546 0.000110029 3.73051e-05 -1
0.00030624 0.00109476 9.95563e-05 3.83258e-05 -1
0.000662088 0.00143209 3.89067e-05 3.89504e-05 -1
0.000212898 0.000554022 8.38209e-05 3.66633e-05 -1
-0.000478733 0.000210208 9.37238e-05 3.66892e-05 -1
-0.00103765 -0.000245957 0.00021255 3.70889e-05 -1
0.000496661 0.00106711 3.81797e-05 3.82822e-05 -1
0.000598751 8.95881e-05 0.0002707 3.60901e-05 -1
0.000764069 -0.000587172 9.4661e-05 3.63952e-05 -1
-8.18115e-05 0.000411138 0.000122749 3.65668e-05 -1
-0.000801516 -0.00125268 0.000100827 3.57182e-05 -1
-0.000255106 -0.000889372 0.000181545 3.84306e-05 -1
-0.00116873 0.00018332 0.000115264 3.98562e-05 -1
0.00016461 0.000183556 0.000363735 3.50198e-05 -1
0.000150006 -0.000553912 0.000259012 3.72846e-05 -1
-0.000191732 -0.00139028 3.51384e-05 3.51697e-05 -1
-0.000660271 -0.000175983 0.000403106 3.82479e-05 -1
0.000570877 -0.000701973 9.8909e-05 3.53415e-05 -1
-9.44522e-05 0.000107898 0.000281447 3.62452e-05 -1
0.000970376 0.00039792 0.000274462 3.80453e-05 -1
-0.000215131 -0.00116075 0.00022949 3.7962e-05 -1
-0.00033552 0.00095847 3.74502e-05 3.75756e-05 -1
-0.000314109 -0.00101894 0.000108205 3.99116e-05 -1
7.86712e-05 0.000933312 0.000158739 3.841e-05 -1
0.00024571 7.06611e-05 0.000660711 3.5412e-05 -1
-0.000188857 0.000926729 0.000210263 3.69504e-05 -1
-0.000674882 -0.000226157 9.23293e-05 3.6884e-05 -1
0.000214097 -0.000911461 3.80035e-05 3.81963e-05 -1
-0.000260225 -0.000425804 0.000146781 3.77738e-05 -1
0.000507291 0.00126283 3.62009e-05 3.62474e-05 -1
-0.000254555 0.00107611 3.59371e-05 3.60153e-05 -1
0.00122995 -0.000758323 3.94953e-05 3.95522e-05 -1
-0.000789061 -0.00147145 3.53561e-05 3.53963e-05 -1
0.000467491 0.000128896 0.000275037 3.91897e-05 -1
0.000158738 0.000852064 9.77085e-05 3.80806e-05 -1
0.000891091 -0.000715223 3.64374e-05 3.65343e-05 -1
-0.000604921 -0.000183209 8.45528e-05 3.56572e-05 -1
-0.0004389 0.000231478 0.000427127 3.89814e-05 -1
0.00055841 0.00053741 3.86788e-05 3.87407e-05 -1
0.000683949 -0.000325378 8.94155e-05 3.72753e-05 -1
-0.000409874 -0.000703371 0.000161219 3.5874e-05 -1
3.18551e-05 0.000234733 0.000675696 3.63413e-05 -1
-0.00133167 0.00048156 8.60994e-05 3.85518e-05 -1
-0.000254339 0.00142764 3.88155e-05 3.88819e-05 -1
0.000332729 0.000386524 0.000105953 3.76427e-05 -1
-0.00143616 0.00035144 0.000147397 3.9488e-05 -1
0.000758491 0.000412706 3.5693e-05 3.57837e-05 -1
0.000493928 -0.000268196 0.000473631 3.59557e-05 -1
0.00122439 0.000315388 0.000103924 3.86372e-05 -1
0.000349262 6.14475e-05 0.00011523 3.62561e-05 -1
0.0011526 -0.000789788 0.000130349 3.82687e-05 -1
-0.000598489 0.000603125 3.84612e-05 3.85387e-05 -1
-7.59943e-05 -0.000124753 3.75134e-05 3.76756e-05 -1
0.000888366 0.000363703 0.000197811 3.61845e-05 -1
-0.000246946 0.000645176 0.000187349 3.98823e-05 -1
0.000228089 -0.000298559 0.000293336 3.94279e-05 -1
7.04532e-05 0.00024801 0.000219933 3.79168e-05 -1
0.000324202 -0.000624188 0.000427687 3.97504e-05 -1
0.000321675 -0.000974149 0.00017163 3.81405e-05 -1
-0.000671328 0.00132833 3.77899e-05 3.78524e-05 -1
-0.000497908 0.00087662 9.5277e-05 3.68999e-05 -1
-0.00072067 -0.00014525 0.00033647 3.82462e-05 -1
0.0014124 0.000474254 3.79675e-05 3.80272e-05 -1
-0.00032965 -0.00021815 0.000153111 3.64179e-05 -1
0.000946179 0.000469424 0.000256875 3.67195e-05 -1
0.000308814 0.000989436 0.00015306 3.96482e-05 -1
0.000972687 0.0013247 3.72866e-05 3.73183e-05 -1
0.000403607 -0.000231122 0.000361838 3.67117e-05 -1
0.0003612 0.000330667 3.84693e-05 3.85855e-05 -1
0.000825002 -0.000475259 0.000148919 3.76294e-05 -1
0.000540568 -0.000398379 0.00031571 3.88305e-05 -1
-0.0006602 0.000304679 0.000160182 3.8811e-05 -1
-8.20658e-05 0.000513291 0.000101096 3.65935e-05 -1
0.000326519 0.000298567 0.000542272 3.84172e-05 -1
0.00116451 0.000346011 0.000152719 3.78335e-05 -1
-0.000385699 -0.00135366 7.80387e-05 3.94832e-05 -1
0.000227891 0.00119366 0.000128047 3.76199e-05 -1
0.000167977 -0.000477632 0.000211926 3.79771e-05 -1
-0.000239856 -0.000668995 0.00032218 3.7279e-05 -1
-0.000535723 0.000730942 9.18096e-05 3.93171e-05 -1
-0.000685604 0.000492462 3.53568e-05 3.53903e-05 -1
0.000198438 0.00155909 3.64423e-05 3.64844e-05 -1
-0.00044767 -0.000266538 0.000381138 3.92136e-05 -1
-0.000873655 -0.000826264 8.43751e-05 3.57505e-05 -1
-0.000927174 0.000581925 0.000152972 3.74508e-05 -1
0.000914784 0.000833888 0.000189353 3.75075e-05 -1
-0.00140964 -0.000564175 0.000157562 3.58912e-05 -1
-0.000741881 0.000660053 0.000197118 3.6442e-05 -1
-0.00130361 0.000849787 8.65058e-05 3.90977e-05 -1
0.000517434 -3.96733e-06 0.000220603 3.70929e-05 -1
-0.000190886 0.00108289 0.000109856 3.84426e-05 -1
-0.00105375 -4.39343e-05 0.000158452 3.96589e-05 -1
0.000545325 -0.000903822 0.0002123 3.65723e-05 -1
-0.000558084 0.00101976 0.000220306 3.84853e-05 -1
-0.000936581 -0.000797864 0.000111096 3.82976e-05 -1
0.00110954 0.00013524 0.000107366 3.65378e-05 -1
-0.000124025 0.00132845 3.62861e-05 3.63416e-05 -1
-0.000308406 -0.00136 9.76309e-05 3.6656e-05 -1
0.000967962 0.00113764 3.72503e-05 3.73043e-05 -1
0.000350387 -0.000856932 3.84781e-05 3.85704e-05 -1
-0.000868593 0.000936661 0.000100043 3.85109e-05 -1
0.00123924 0.000117122 9.52268e-05 3.57239e-05 -1
-0.00143944 -0.000122686 9.74442e-05 3.84854e-05 -1
0.000644783 0.000464687 9.90333e-05 3.68407e-05 -1
-0.00136986 -0.000987952 3.94653e-05 3.94975e-05 -1
0.000293753 -0.000190418 0.000452209 3.56429e-05 -1
-0.000539039 1.65914e-09 0.000287978 3.64855e-05 -1
3.54279e-05 0.000464579 0.000361639 3.8361e-05 -1
0.000250434 -0.000188655 0.00039239 3.82762e-05 -1
-0.000468638 -0.000316036 0.000212694 3.8265e-05 -1
-0.000409043 0.000365604 0.000279022 3.76182e-05 -1
0.00057259 0.0010963 3.62883e-05 3.63917e-05 -1
-0.000624793 0.00128248 7.34147e-05 3.65843e-05 -1
-0.000236093 0.000864941 0.000208294 3.77361e-05 -1
0.0012338 -0.000362427 0.000158391 3.89127e-05 -1
0.000437159 0.00124471 3.6144e-05 3.61904e-05 -1
0.00124268 0.000276142 3.52952e-05 3.53261e-05 -1
-0.00048139 -0.000799917 0.000208225 3.61664e-05 -1
-0.00024981 0.000267993 0.00031677 3.93646e-05 -1
-0.000883502 0.000328972 0.000217336 3.78286e-05 -1
8.11132e-06 -0.00112631 0.000118305 3.75961e-05 -1
5.55095e-05 -0.00108948 5.84729e-05 3.5896e-05 -1
0.00118474 0.00055044 0.000102632 3.95031e-05 -1
0.0012875 -0.000765471 9.92426e-05 3.56566e-05 -1
-0.000109078 -0.000340107 0.000400012 3.59116e-05 -1
-0.00128385 -0.000747616 0.000102279 3.68505e-05 -1
-0.00168616 -3.28614e-05 3.76133e-05 3.76675e-05 -1
0.00048161 -0.000292891 0.000259676 3.56077e-05 -1
0.000470415 -0.000701314 0.000194426 3.61144e-05 -1
-0.00101228 0.000709111 0.000103601 3.87514e-05 -1
0.00137546 0.000588764 3.61284e-05 3.6184e-05 -1
0.000724096 0.000461054 0.000197547 3.56114e-05 -1
-0.000456318 0.000712638 0.000212475 3.75028e-05 -1
0.000602429 -0.000893922 0.000257286 3.6803e-05 -1
-0.000782694 -9.17893e-05 3.58019e-05 3.58384e-05 -1
-0.000921981 -0.00105697 0.000102567 3.8959e-05 -1
0.000753628 -0.000234115 0.000195626 3.63069e-05 -1
0.000189315 0.000785942 0.000292328 3.90062e-05 -1
0.000144776 -0.000918356 7.86494e-05 3.70661e-05 -1
0.00114561 -3.42025e-05 0.000212311 3.95498e-05 -1
0.000119246 -0.000768577 0.000301845 3.75125e-05 -1
0.000377392 -0.000502192 0.000145656 3.54287e-05 -1
-0.000667388 -0.000424952 0.000253137 3.5122e-05 -1
8.44916e-05 0.000612938 9.58755e-05 3.62926e-05 -1
-0.000368204 -0.00034007 0.000441789 3.8099e-05 -1
-0.000676416 -0.000772237 0.000106857 3.78712e-05 -1
0.000643081 0.000612314 0.000281758 3.73013e-05 -1
-0.000156848 0.000329697 3.51472e-05 3.51991e-05 -1
0.000564943 -0.000832744 0.000230533 3.94184e-05 -1
-0.000842658 0.000141634 0.000147721 3.86934e-05 -1
0.00108704 -0.000471751 3.52207e-05 3.53465e-05 -1
0.000854301 0.00131004 8.83076e-05 3.6861e-05 -1
0.000257985 -0.00090248 0.000332194 3.52776e-05 -1
-0.000160887 -0.000120126 0.000319415 3.70348e-05 -1
0.00144057 0.000913474 6.14768e-05 3.52545e-05 -1
-0.000401498 0.00113598 0.000164091 3.81631e-05 -1
-0.000640798 -0.00164818 8.76197e-05 3.79023e-05 -1
-0.000457286 0.000205663 0.000164387 3.73318e-05 -1
-0.000100216 0.000986718 0.000239123 3.65391e-05 -1
1.20686e-06 -0.000454287 3.63835e-05 3.65401e-05 -1
-0.000336069 -0.000694013 3.79952e-05 3.81399e-05 -1
-0.000906974 0.000988403 0.000140015 3.7333e-05 -1
-0.000646443 -0.00064998 0.000356082 3.73679e-05 -1
0.00105775 -0.000268761 0.00010349 3.88015e-05 -1
-0.00106485 -0.00102681 9.93125e-05 3.75226e-05 -1
-0.000449651 0.000179536 0.000373018 3.66496e-05 -1
0.00043514 0.00139449 3.93746e-05 3.94231e-05 -1
0.000678773 -0.000274224 3.57518e-05 3.58112e-05 -1
-9.83482e-05 -0.000560507 0.000191341 3.52844e-05 -1
0.000583783 -9.41284e-05 0.000441901 3.98986e-05 -1
-0.000195396 -5.45412e-05 0.000147757 3.57446e-05 -1
0.000745252 0.00017553 0.000300754 3.77144e-05 -1
0.000346987 -0.0014343 0.000110041 3.8833e-05 -1
-0.00118807 -0.0005177 0.00019293 3.79553e-05 -1
0.000742644 -0.00133311 0.000105225 3.86894e-05 -1
0.000198249 -0.000327061 0.000358509 3.77644e-05 -1
0.000652451 -0.00100787 0.00011304 3.85979e-05 -1
-0.000904832 -0.00025633 0.000343716 3.56537e-05 -1
0.00026635 -0.000238668 0.000177153 3.96794e-05 -1
0.000359394 -7.21785e-05 0.000303448 3.77058e-05 -1
0.000524642 -0.000527217 0.000366983 3.72454e-05 -1
0.000429406 0.00163827 3.67714e-05 3.68048e-05 -1
0.00138234 0.000144193 7.34518e-05 3.79086e-05 -1
0.000429618 -0.000954779 0.000268681 3.60397e-05 -1
-0.000135759 -0.00116212 0.000225771 3.5295e-05 -1
-0.000158715 -0.00187239 3.76501e-05 3.76896e-05 -1
0.000251207 -0.000621787 0.000329028 3.61993e-05 -1
0.00103765 4.46592e-05 0.000136222 3.79527e-05 -1
-0.000215425 -0.0014816 0.000119673 3.56022e-05 -1
-0.000549755 0.000214999 0.000111419 3.67123e-05 -1
-0.000608654 0.000239242 0.000149225 3.64323e-05 -1
0.00107533 0.000290883 0.000133165 3.64657e-05 -1
4.28021e-05 -0.000140391 0.000215285 3.67381e-05 -1
0.000460873 0.000294017 0.000197938 3.62787e-05 -1
0.00167992 -6.8667e-06 3.67549e-05 3.67913e-05 -1
0.000830984 1.48227e-05 3.69889e-05 3.70847e-05 -1
-0.000326899 -0.00116813 0.000170388 3.57698e-05 -1
0.000147064 -0.00171687 8.16617e-05 3.90623e-05 -1
-0.000772882 8.31517e-06 0.000340642 3.6874e-05 -1
0.000103793 -0.00107957 0.000161732 3.83903e-05 -1
0.000237975 0.000184637 0.000550237 3.94117e-05 -1
-0.00112597 -2.8462e-05 0.000136531 3.74632e-05 -1
0.000624609 -0.000322939 0.00025439 3.71622e-05 -1
-0.000882122 -0.000664727 0.000104712 3.85552e-05 -1
-0.000911741 0.00014328 0.000284695 3.78406e-05 -1
-0.00159626 -2.42872e-05 3.75095e-05 3.75637e-05 -1
-5.23846e-05 -0.000862024 0.000275557 3.82979e-05 -1
0.0010579 -0.000459375 0.00010175 3.84063e-05 -1
0.000937546 0.000295858 0.000173739 3.74642e-05 -1
-0.000874468 -0.000616452 0.000220089 3.56589e-05 -1
0.000790859 -0.000255887 0.000319673 3.71571e-05 -1
-0.000528275 -0.00065388 3.6367e-05 3.64568e-05 -1
-0.000147942 0.000151108 0.000154584 3.84969e-05 -1
-0.000236321 -0.000215096 3.65296e-05 3.66721e-05 -1
-0.000134321 0.000206678 0.000440363 3.67885e-05 -1
-0.000358247 -0.00077527 0.000294964 3.6847e-05 -1
0.000793354 -0.000505395 0.00021612 3.95031e-05 -1
-0.000373271 2.81757e-07 0.000623145 3.66574e-05 -1
-0.000150241 -0.00179448 3.74725e-05 3.75017e-05 -1
-0.000535277 0.000588484 0.000124414 3.74068e-05 -1
-0.000938933 0.0010353 9.31055e-05 3.63364e-05 -1
0.000831607 -0.000716074 0.000226841 3.55759e-05 -1
2.73972e-05 0.000345063 0.000502466 3.83981e-05 -1
-0.00107521 1.21991e-05 9.51607e-05 3.78017e-05 -1
-0.000367277 3.91056e-05 0.000229528 3.64069e-05 -1
-0.000430098 -0.000358385 0.000260822 3.61298e-05 -1
0.000376337 -0.000553769 0.00033414 3.96692e-05 -1
-0.000548494 0.000490921 0.000344057 3.81569e-05 -1
-0.00137308 0.000490812 0.00014902 3.73597e-05 -1
9.45221e-05 -0.00115743 0.000230555 3.71555e-05 -1
0.000137854 9.16778e-05 0.000246082 3.76473e-05 -1
0.000710666 0.000150572 3.68824e-05 3.69829e-05 -1
0.00103464 0.000845541 3.63526e-05 3.64214e-05 -1
-0.000188213 3.06014e-05 0.000218175 3.79274e-05 -1
-0.00106536 0.000295263 9.84456e-05 3.98039e-05 -1
-0.00175181 0.000487243 3.55588e-05 3.55891e-05 -1
6.44918e-05 0.000390931 0.000454933 3.7333e-05 -1
0.000327424 -8.61915e-05 0.000136416 3.76337e-05 -1
-0.000824525 0.00079284 0.000107923 3.85948e-05 -1
-0.00025377 -8.20123e-05 0.000561772 3.96645e-05 -1
-0.00125393 -5.79876e-05 8.90279e-05 3.59557e-05 -1
-0.00026412 -0.0010775 9.71019e-05 3.79143e-05 -1
0.000359694 -0.000726018 8.31325e-05 3.79198e-05 -1
-0.000474177 0.000950213 0.000223082 3.63908e-05 -1
0.00115986 0.000324258 0.000227171 3.88641e-05 -1
-0.000258664 0.000931627 0.00018963 3.51203e-05 -1
-0.000605928 -0.000600658 0.000147782 3.60445e-05 -1
0.000370541 -0.000169389 0.000335879 3.73974e-05 -1
0.000894169 0.000761921 0.000190819 3.741e-05 -1
-0.00026394 -0.000442098 0.000413212 3.75944e-05 -1
2.17684e-05 -0.000507396 0.000236088 3.5848e-05 -1
9.46326e-05 0.000566748 0.00046137 3.97524e-05 -1
-0.000567804 0.00118997 3.78075e-05 3.78622e-05 -1
-0.00112401 -0.000187817 0.000181839 3.99474e-05 -1
-0.00122743 0.000967575 3.67125e-05 3.67623e-05 -1
-0.000135974 -0.000527666 0.000447473 3.92497e-05 -1
-0.00112132 -0.000721462 3.77339e-05 3.78258e-05 -1
-0.00066724 0.000449481 0.000180511 3.58391e-05 -1
0.000380861 0.000644363 0.000283507 3.99024e-05 -1
-4.94472e-05 -0.000719796 0.000368595 3.69489e-05 -1
-0.000427292 -0.00103951 3.59212e-05 3.60625e-05 -1
-0.000610904 0.000468039 7.55084e-05 3.59967e-05 -1
0.000754544 -0.00117984 3.56614e-05 3.57251e-05 -1
-0.00127464 -0.000704967 3.68708e-05 3.69426e-05 -1
-0.000621964 -0.00143322 0.000102523 3.66695e-05 -1
0.000143709 0.000255877 0.000548497 3.51482e-05 -1
0.00119501 0.000390203 9.80349e-05 3.88476e-05 -1
-0.000836175 -0.000193831 3.65277e-05 3.66499e-05 -1
0.00100751 -0.000325367 0.000251867 3.88582e-05 -1
-0.000143269 -0.000764989 0.000387384 3.59168e-05 -1
1.37241e-05 0.000536391 0.00035623 3.68942e-05 -1
0.000631538 0.00142421 0.000107188 3.62946e-05 -1
-0.000952173 -0.000499122 9.37593e-05 3.59403e-05 -1
0.000531347 -0.000323633 0.000336469 3.93416e-05 -1
0.00148702 0.000963336 3.71008e-05 3.71355e-05 -1
0.000439374 0.000199871 0.000270303 3.73517e-05 -1
0.000854279 -0.00101683 3.79849e-05 3.80673e-05 -1
8.36996e-05 0.000184414 0.000668815 3.62464e-05 -1
0.00162451 -5.44932e-05 3.62553e-05 3.62885e-05 -1
-0.000497838 0.000239062 0.000379452 3.72708e-05 -1
-0.000707554 0.000239734 0.000306939 3.7118e-05 -1
-0.00123707 -0.0012159 3.62201e-05 3.62531e-05 -1
0.00020429 0.000589521 0.000403012 3.71812e-05 -1
-0.000904217 -0.000675637 0.000186149 3.87907e-05 -1
0.000837809 -0.000929485 3.51507e-05 3.52154e-05 -1
0.000542307 6.24869e-05 0.000422147 3.64329e-05 -1
0.00144783 7.46207e-05 8.69413e-05 3.76556e-05 -1
0.000480768 0.00117598 0.000182279 3.63591e-05 -1
-0.000332072 0.000412621 0.000201642 3.72818e-05 -1
0.00142533 0.000309666 3.8107e-05 3.81594e-05 -1
-0.00133024 -0.00105667 3.87774e-05 3.88103e-05 -1
-0.00125331 0.00112072 3.55198e-05 3.55441e-05 -1
-0.000175722 -0.000527921 9.7499e-05 3.97505e-05 -1
0.00137698 -0.000513434 8.62839e-05 3.93304e-05 -1
0.000318554 -0.00085951 0.000332315 3.65777e-05 -1
0.000395138 -0.000145867 0.000403228 3.81157e-05 -1
8.95012e-05 -0.000830492 0.000275752 3.60402e-05 -1
0.00136094 -0.00071161 9.01126e-05 3.71697e-05 -1
-0.000955619 -0.000659708 0.000134463 3.58777e-05 -1
-0.000549337 0.000451321 0.000264033 3.66969e-05 -1
-6.32914e-05 0.000225706 3.71775e-05 3.72463e-05 -1
-0.000857339 0.000198385 0.000196704 3.77119e-05 -1
-4.13909e-05 0.00176777 3.55614e-05 3.55979e-05 -1
0.000367386 0.000390708 0.000244286 3.83718e-05 -1
0.0007577 0.00127216 0.000100777 3.83144e-05 -1
-0.000386319 0.000510123 0.000121619 3.78397e-05 -1
-0.000930689 -0.00042228 0.00024881 3.79545e-05 -1
0.00109062 -4.02207e-05 9.08188e-05 3.83003e-05 -1
0.000270201 -2.17694e-05 0.00053929 3.89087e-05 -1
0.000953825 -0.00117063 3.58335e-05 3.58767e-05 -1
0.000414232 8.56753e-05 0.000527724 3.72131e-05 -1
1.89704e-05 -0.000830823 0.000103437 3.67728e-05 -1
6.43623e-05 0.0015099 9.88494e-05 3.86919e-05 -1
6.02412e-05 0.000968858 3.6572e-05 3.6687e-05 -1
0.000674159 -0.00018727 0.000290812 3.50352e-05 -1
6.95997e-06 0.000222501 0.000254644 3.88273e-05 -1
-0.000302782 0.000982393 0.000100561 3.75131e-05 -1
-0.000138756 0.00058252 3.51068e-05 3.52202e-05 -1
-0.0010404 -0.000577281 3.71242e-05 3.71715e-05 -1
8.10143e-05 0.00012947 0.000276488 3.71516e-05 -1
-0.00124834 -0.000103145 0.000205272 3.6369e-05 -1
-0.000778712 -0.000186709 0.000209922 3.90025e-05 -1
-0.000665636 0.000320852 0.00036534 3.65025e-05 -1
-0.000782389 0.000253786 0.000326238 3.95864e-05 -1
-0.00142379 -0.000407676 0.000161591 3.69972e-05 -1
0.000523822 -0.000480539 5.69292e-05 3.59773e-05 -1
-0.000382611 0.00021116 0.000477397 3.92473e-05 -1
0.000465259 -0.000477891 0.000403669 3.75e-05 -1
0.00108476 -0.000277127 0.000218162 3.7771e-05 -1
8.24594e-05 -5.87388e-06 0.000644423 3.61371e-05 -1
-5.0628e-06 0.000272641 0.000197428 3.82317e-05 -1
0.00103618 0.000112366 0.000101491 3.81845e-05 -1
0.000247055 0.000286045 3.96442e-05 3.97569e-05 -1
-4.97232e-06 0.000540823 0.00028574 3.6215e-05 -1
0.000217814 0.000123337 9.24882e-05 3.69414e-05 -1
0.000316551 0.0013165 3.83688e-05 3.84029e-05 -1
0.000718532 0.000277156 0.00010837 3.96014e-05 -1
0.000754886 -0.000426252 0.00030289 3.88931e-05 -1
-9.49978e-05 -0.000920412 0.00025012 3.83638e-05 -1
-0.00011949 0.00150023 3.61669e-05 3.6219e-05 -1
0.00144291 -0.000202092 9.78552e-05 3.82573e-05 -1
0.000299688 -0.00105003 3.95731e-05 3.96054e-05 -1
-0.00178344 0.000746628 3.89369e-05 3.89685e-05 -1
-0.000465088 -0.000928183 0.000231382 3.74116e-05 -1
0.000450571 0.000690659 0.000102396 3.84074e-05 -1
0.000235588 0.00145394 3.97615e-05 3.98233e-05 -1
0.000553125 0.00118345 0.000161219 3.83153e-05 -1
0.00102111 -0.00123987 3.81728e-05 3.82111e-05 -1
-0.000336534 -0.00152091 9.50872e-05 3.73216e-05 -1
-0.00132184 0.000779099 7.11856e-05 3.55103e-05 -1
-0.00115022 0.000810526 3.49611e-05 3.50068e-05 -1
-0.000313573 0.0010309 3.79949e-05 3.80253e-05 -1
0.000590894 -0.000198011 0.000100025 3.67846e-05 -1
-0.000365869 -0.000287216 0.000496695 3.81756e-05 -1
-0.00112549 0.000508202 0.000206744 3.50488e-05 -1
-0.000719379 4.86547e-05 0.000211349 3.67253e-05 -1
-0.000653821 -0.000946522 0.000174779 3.6208e-05 -1
0.000589602 0.00101841 0.000208822 3.86584e-05 -1
-0.000750556 0.000626291 3.59079e-05 3.60228e-05 -1
0.000970729 0.000813999 0.000142992 3.78529e-05 -1
-0.00111402 0.000638677 3.70754e-05 3.71531e-05 -1
0.000880875 0.000552558 9.53448e-05 3.71261e-05 -1
-0.000439845 -0.000448072 0.000101752 3.86487e-05 -1
0.00124239 0.000802733 3.77696e-05 3.78011e-05 -1
-0.000819125 0.000838732 0.000177201 3.85126e-05 -1
0.000564328 4.8946e-05 0.000202617 3.58951e-05 -1
-0.000373702 -0.000109612 3.86422e-05 3.86936e-05 -1
0.000104388 0.00065901 3.93123e-05 3.93991e-05 -1
0.000886036 0.00016388 0.000292534 3.71007e-05 -1
-0.000204346 0.000590847 0.000299034 3.86573e-05 -1
-0.000286141 -0.00122866 0.000170448 3.71813e-05 -1
0.000529547 -0.000601463 0.000355453 3.80945e-05 -1
-0.000493285 -0.000197152 3.83103e-05 3.85158e-05 -1
-0.000218884 -0.00161308 0.000100062 3.74984e-05 -1
0.00039041 0.000579625 0.000394049 3.71776e-05 -1
0.000268288 -8.59042e-05 0.000580858 3.75932e-05 -1
-0.00112491 0.000431278 3.58057e-05 3.58637e-05 -1
0.00137897 -0.000754785 3.50622e-05 3.51021e-05 -1
-0.00119245 -0.000393337 0.000150184 3.94317e-05 -1
4.74156e-05 0.000517794 0.000239324 3.75567e-05 -1
0.000254587 0.000796734 8.93118e-05 3.8756e-05 -1
-0.000932822 0.000190655 0.000208256 3.90779e-05 -1
-0.00127214 0.000176046 3.87654e-05 3.88356e-05 -1
-0.000893105 0.000246155 0.00024113 3.67078e-05 -1
-0.000372565 0.00084196 0.000238409 3.70108e-05 -1
0.000425847 0.000838643 0.000233972 3.96274e-05 -1
-0.000143908 -0.000221008 0.00037565 3.65282e-05 -1
-9.17856e-05 -0.00130561 9.26067e-05 3.62725e-05 -1
0.000656808 0.000248565 0.00014272 3.66412e-05 -1
-0.000722815 -0.000370855 0.000163559 3.79427e-05 -1
-0.000202696 0.000464202 3.78037e-05 3.6562e-05 -1
-0.000203242 0.0014855 3.82628e-05 3.83414e-05 -1
-0.000238687 -0.00141829 8.95107e-05 3.83061e-05 -1
-0.000770861 0.00102761 3.85647e-05 3.8608e-05 -1
-0.000389562 -0.00102544 9.64877e-05 3.68129e-05 -1
0.000112339 0.000543139 0.00021325 3.68854e-05 -1
0.000410873 0.000395779 0.000410714 3.8701e-05 -1
0.00119948 -0.000647697 8.34768e-05 3.66827e-05 -1
-0.000523432 0.000175092 0.000435273 3.8565e-05 -1
0.00023544 0.000456462 0.000365604 3.7989e-05 -1
-0.00116464 -0.000127068 0.000241208 3.90479e-05 -1
0.000244672 0.000176865 0.000275352 3.70228e-05 -1
-0.000952742 -0.000667601 3.69813e-05 3.70501e-05 -1
0.000740522 -0.00082813 0.000209616 3.70319e-05 -1
-0.000931412 -0.000865 0.000176219 3.69893e-05 -1
0.000233435 -0.000195665 3.7472e-05 3.75742e-05 -1
-0.00106914 -0.000869166 0.000110729 3.7828e-05 -1
-4.4448e-05 -0.000198894 0.000108799 3.9301e-05 -1
-0.000355371 -0.00024868 0.000215097 3.74577e-05 -1
-0.000949642 -0.000245015 0.000222784 3.85373e-05 -1
-0.00119455 -0.000236052 6.53263e-05 3.9604e-05 -1
0.000479008 -9.8574e-05 0.000124627 3.93595e-05 -1
0.000445673 -3.40653e-05 9.9627e-05 3.74839e-05 -1
-0.000329807 0.000958087 0.000223151 3.94404e-05 -1
-0.000744916 0.00134372 3.55156e-05 3.55547e-05 -1
-0.00128003 -0.00112494 3.72118e-05 3.72552e-05 -1
0.0010565 -0.00061923 0.000188755 3.63739e-05 -1
-9.18906e-06 -0.000782524 0.000362647 3.78706e-05 -1
-0.00050159 0.000945578 3.89712e-05 3.90737e-05 -1
1.18571e-05 -0.000250327 9.34563e-05 3.85231e-05 -1
0.000878606 -0.000313139 0.00016259 3.98474e-05 -1
0.000343006 0.000463383 0.000364879 3.66814e-05 -1
4.25529e-05 -0.00112278 0.000186762 3.91474e-05 -1
0.000334779 -0.00108768 0.000197085 3.80366e-05 -1
0.000318879 -0.000142722 0.000521772 3.79213e-05 -1
-0.00127635 -0.000690789 0.000148931 3.70794e-05 -1
-0.000908768 0.000840064 3.59722e-05 3.60459e-05 -1
-3.86724e-05 0.000326247 0.000153494 3.8847e-05 -1
0.000389775 -0.000598041 0.000396043 3.76337e-05 -1
0.000687706 -0.000653155 0.000161917 3.53595e-05 -1
-0.000545429 -0.000573971 0.000352754 3.6431e-05 -1
-5.45229e-05 0.000333807 0.000609355 3.85091e-05 -1
-0.000664358 0.00120664 0.000168663 3.75758e-05 -1
0.000423017 -7.97933e-05 0.000173845 3.76241e-05 -1
-0.000665535 -0.00138742 3.6516e-05 3.65651e-05 -1
-0.000803277 -0.000808247 0.000176003 3.68968e-05 -1
-0.000253201 0.00029838 0.000244729 3.90491e-05 -1
-1.98406e-05 -0.000122418 0.000472937 3.66346e-05 -1
0.000913053 -7.00593e-05 0.000151741 3.90627e-05 -1
-0.000211791 0.00145308 0.000107047 3.82348e-05 -1
1.78519e-05 0.0002214 0.000393093 3.6659e-05 -1
0.000587932 0.000819938 0.000252952 3.9319e-05 -1
0.00102117 -0.000219154 0.000150297 3.86432e-05 -1
-0.000349355 0.000566254 0.000326826 3.62162e-05 -1
0.000249855 -0.000154275 0.000559952 3.62467e-05 -1
0.000482081 -3.38548e-05 0.000163711 3.63443e-05 -1
0.000983684 -0.00084032 0.000147203 3.9728e-05 -1
0.000555794 -0.000147022 0.000144111 3.70486e-05 -1
-0.00132264 -2.91775e-05 9.84691e-05 3.88717e-05 -1
-0.00143809 -0.000803556 8.27867e-05 3.90636e-05 -1
0.000305616 -0.00133237 3.74814e-05 3.75636e-05 -1
-4.86781e-05 -0.0013168 3.585e-05 3.59216e-05 -1
0.00136157 -0.000263107 3.61088e-05 3.61519e-05 -1
0.000189947 -0.00076976 0.000101461 3.91199e-05 -1
-0.000254548 -0.00026742 0.000519044 3.86184e-05 -1
0.000525594 -2.98445e-05 0.000369294 3.72185e-05 -1
-0.00144296 0.000815896 9.42132e-05 3.94181e-05 -1
-0.00064478 -0.000959006 3.77882e-05 3.78856e-05 -1
3.67734e-06 -0.000535418 3.55328e-05 3.5635e-05 -1
0.000433159 0.000726675 0.000185859 3.83005e-05 -1
0.00120842 0.0011454 3.82408e-05 3.82757e-05 -1
-0.00093585 0.000706572 0.000102542 3.77468e-05 -1
3.02739e-05 -0.000373016 0.000148529 3.53378e-05 -1
-0.00144291 0.000532342 3.667e-05 3.67293e-05 -1
0.000424821 -0.000559367 0.000161917 3.67893e-05 -1
-0.00032577 0.00128577 0.000155412 3.95654e-05 -1
-0.000546232 -0.000565547 0.000169983 3.67512e-05 -1
0.000293025 0.000346444 0.000154317 3.67124e-05 -1
-0.000245782 -0.00158363 3.70494e-05 3.70962e-05 -1
0.000894895 -0.000895807 0.000100295 3.92764e-05 -1
-0.000295222 -0.000862947 0.000251962 3.76935e-05 -1
0.000481207 -0.000552332 0.000232979 3.93961e-05 -1
-0.000413757 0.000903923 0.000232131 3.71523e-05 -1
0.000116242 -0.000298398 0.000365608 3.67887e-05 -1
0.00121127 -0.000950512 3.82844e-05 3.83324e-05 -1
0.000783539 -0.000996014 0.000199194 3.87911e-05 -1
-8.3783e-05 -0.00174069 3.6143e-05 3.61794e-05 -1
0.000897782 -0.00154984 9.21774e-05 3.8559e-05 -1
-0.000422561 -0.000255433 0.000454644 3.92611e-05 -1
0.000543585 0.000117032 0.000472652 3.79293e-05 -1
-0.00117956 0.00086238 9.56614e-05 3.56541e-05 -1
-0.000396811 -0.000579374 0.000311333 3.82655e-05 -1
0.000153875 0.00129114 0.000105192 3.88036e-05 -1
0.000178312 8.12658e-05 0.000452584 3.72135e-05 -1
-0.0012647 0.00103317 3.86891e-05 3.8723e-05 -1
-0.000116477 -0.000145046 0.00057101 3.82827e-05 -1
-0.0015269 -7.96243e-05 0.00010803 3.67325e-05 -1
0.000146586 -0.000265046 0.000485763 3.79184e-05 -1
3.41409e-05 9.74195e-05 0.000487843 3.87689e-05 -1
-0.000460107 -0.000174004 0.000103518 3.84512e-05 -1
-0.000163235 0.00106159 0.000177277 3.75281e-05 -1
0.000189659 -0.000132868 0.000520068 3.56595e-05 -1
-0.000351209 0.000534975 3.52024e-05 3.52503e-05 -1
0.000339258 0.000243254 0.000348241 3.50721e-05 -1
0.000311899 -0.00163525 3.51191e-05 3.51532e-05 -1
0.000430418 -0.000135993 0.00030406 3.82504e-05 -1
-0.000615154 -0.00146616 3.6984e-05 3.70316e-05 -1
-0.00105585 -0.000121737 0.000161771 3.82993e-05 -1
-0.000876106 0.00088519 0.000164767 3.60173e-05 -1
-0.000396284 -0.000308157 0.000223107 3.52848e-05 -1
0.000583264 -0.000208393 0.000176103 3.72239e-05 -1
0.000774324 1.63922e-06 0.000351973 3.57859e-05 -1
-0.000146902 0.000103251 0.000507841 3.56178e-05 -1
-0.000308765 -0.000812038 0.000100293 3.64902e-05 -1
0.000443848 0.000326784 3.72903e-05 3.73321e-05 -1
0.00100914 0.000477639 0.000128313 3.78058e-05 -1
0.000768823 0.000960231 0.000120528 3.89712e-05 -1
-0.000671614 -0.000892464 0.000220885 3.70478e-05 -1
-0.0004052 -0.000587511 3.50798e-05 3.51163e-05 -1
-0.000838082 -0.000702687 0.000155843 3.88842e-05 -1
-0.000667619 -0.000856151 0.000157089 3.64965e-05 -1
2.02535e-05 -5.36411e-05 0.000617014 3.8085e-05 -1
0.000368198 -0.00110121 0.000103666 3.52364e-05 -1
9.26796e-06 0.000145703 0.000260135 3.82392e-05 -1
0.00131332 0.000403612 0.000162831 3.67448e-05 -1
0.000114362 0.000351658 0.000491494 3.59632e-05 -1
0.00111197 0.000958323 6.60134e-05 3.57913e-05 -1
0.000315634 -0.00076619 3.68866e-05 3.69179e-05 -1
-0.00109187 -0.0012327 9.43235e-05 3.73869e-05 -1
0.000650211 -0.000645602 3.50918e-05 3.51808e-05 -1
0.000835914 0.000982471 9.56282e-05 3.59884e-05 -1
0.000482089 0.00140965 9.66908e-05 3.62181e-05 -1
0.000477453 2.98555e-06 0.000321962 3.72308e-05 -1
0.000799101 0.000679092 0.000214796 3.92892e-05 -1
-1.34384e-06 0.000916483 3.62781e-05 3.63065e-05 -1
0.000600088 -0.00164558 3.60629e-05 3.60969e-05 -1
0.000491652 -0.00175904 3.64096e-05 3.64431e-05 -1
-0.000777715 0.000511023 0.000311427 3.63727e-05 -1
-0.000273895 -0.00106866 0.000278755 3.93687e-05 -1
-6.34948e-06 -0.000520584 0.000502122 3.86392e-05 -1
0.000281806 0.000727484 0.000346585 3.7615e-05 -1
0.0010838 -0.000821463 0.000114676 3.64565e-05 -1
-0.000823916 -0.00036093 0.000257273 3.70478e-05 -1
0.000443429 -0.00151542 3.50913e-05 3.51629e-05 -1
0.000830769 0.00119243 3.49762e-05 3.5003e-05 -1
0.000583009 -0.00104843 0.000193843 3.95143e-05 -1
0.000659062 0.00119998 0.000151652 3.71593e-05 -1
0.00123044 -0.000481589 0.000129387 3.69473e-05 -1
0.000492586 -0.000732847 0.000323909 3.72909e-05 -1
0.000708073 0.00109503 0.000159551 3.70295e-05 -1
-0.000626714 0.000586805 0.000109498 3.9669e-05 -1
0.00109986 0.000820129 6.19111e-05 3.81323e-05 -1
0.000238015 0.000275272 0.000272119 3.56866e-05 -1
-0.00105763 -2.4403e-05 0.000264984 3.78418e-05 -1
-0.000298701 0.00135749 0.000148079 3.74805e-05 -1
-0.00135182 -0.000389753 0.000168744 3.7526e-05 -1
0.000972958 -0.000761653 0.000210455 3.81382e-05 -1
0.000837508 0.000268406 9.84585e-05 3.78805e-05 -1
0.000191466 -0.000701752 3.89685e-05 3.8992e-05 -1
0.00124388 0.000513713 0.000132037 3.61125e-05 -1
0.000632415 -0.00018206 0.000229054 3.97041e-05 -1
0.000643447 0.000895814 0.000145805 3.67028e-05 -1
0.00110186 -0.000187989 8.95138e-05 3.62639e-05 -1
-0.000732336 0.000551911 0.000125068 3.7876e-05 -1
-0.000285405 -0.00132506 0.000156631 3.56848e-05 -1
0.0011417 0.000296948 9.88596e-05 3.85484e-05 -1
-0.000431377 -0.000653646 3.54397e-05 3.5563e-05 -1
0.000307837 0.00124624 9.56838e-05 3.8211e-05 -1
0.000889911 -0.00114028 0.000147799 3.65704e-05 -1
-0.000322026 -0.00131976 3.66385e-05 3.66981e-05 -1
6.70849e-05 0.000487444 0.000468692 3.68121e-05 -1
0.000208198 9.57726e-05 0.000161565 3.8236e-05 -1
-0.00104485 -0.000911673 3.93019e-05 3.93463e-05 -1
0.00156985 9.81613e-05 3.5065e-05 3.51081e-05 -1
-0.00102416 -0.0010395 3.74978e-05 3.7554e-05 -1
0.000298364 0.000315115 0.000250578 3.93738e-05 -1
0.000614354 0.000926907 0.00020528 3.64611e-05 -1
-6.73991e-05 1.15806e-06 0.000526723 3.5246e-05 -1
0.00112437 0.00103285 9.57027e-05 3.64251e-05 -1
-0.000413892 -0.000346793 0.000164049 3.7483e-05 -1
0.000753914 6.46081e-05 9.487e-05 3.75453e-05 -1
0.000107365 -0.000452656 8.46606e-05 3.68595e-05 -1
0.00063226 -0.00022195 0.000338834 3.75192e-05 -1
6.61434e-05 4.37385e-05 0.000531751 3.76539e-05 -1
0.000477321 -0.000200445 0.000501175 3.90624e-05 -1
-0.000270253 -0.000220903 0.000412428 3.83516e-05 -1
0.000654027 -0.000483058 0.000175269 3.60802e-05 -1
0.00111315 1.67917e-06 0.000155228 3.52435e-05 -1
-0.00042268 -4.1655e-05 0.000239385 3.74414e-05 -1
0.00043952 -0.00115123 0.000203679 3.83365e-05 -1
0.000623784 -0.00138004 3.94595e-05 3.95151e-05 -1
0.000127336 -0.00122321 9.86593e-05 3.66649e-05 -1
-0.000735684 3.28099e-06 0.000402907 3.5854e-05 -1
0.000992742 0.000907318 3.82237e-05 3.82846e-05 -1
-0.000732217 -0.000668043 0.000181607 3.9111e-05 -1
0.000439797 0.00117451 9.56294e-05 3.84502e-05 -1
0.000163861 -0.000568127 0.000100282 3.83515e-05 -1
-0.000847424 0.000452317 7.562e-05 3.81536e-05 -1
-0.000441663 -0.00073419 0.000299715 3.71756e-05 -1
-0.000683919 -0.000791257 3.5928e-05 3.60098e-05 -1
0.0002199 -0.000534135 0.000141396 3.84707e-05 -1
6.23904e-05 -0.00144432 0.000111011 3.66099e-05 -1
-0.000769297 -0.0012839 3.99156e-05 3.99791e-05 -1
0.000334132 -0.00129394 9.34381e-05 3.61096e-05 -1
0.000487566 0.000207639 3.65073e-05 3.66126e-05 -1
-0.00100424 0.000400968 0.000167203 3.65369e-05 -1
-0.00174792 0.000248171 9.08551e-05 3.74002e-05 -1
-0.000161205 8.90066e-05 0.000385215 3.76485e-05 -1
0.00144948 -0.000625326 3.86067e-05 3.86415e-05 -1
-0.000200294 1.47969e-05 0.000609519 3.81931e-05 -1
-9.3226e-05 0.00103626 0.000151127 3.85474e-05 -1
0.000556806 -0.00126055 0.000166388 3.62672e-05 -1
-0.00112847 0.000281376 0.000236279 3.72834e-05 -1
0.00035101 0.000667331 0.000187936 3.65339e-05 -1
0.000135337 0.000958507 3.91691e-05 3.92306e-05 -1
-0.000548287 0.00093448 9.93776e-05 3.81633e-05 -1
0.000253364 -0.000176552 0.000310181 3.60613e-05 -1
-0.000533351 -0.000213215 0.000102731 3.90671e-05 -1
-0.000299173 -0.000138279 0.000255076 3.90324e-05 -1
0.000999541 -0.000465627 3.69627e-05 3.70694e-05 -1
-0.00154241 0.000346533 3.698e-05 3.70301e-05 -1
-0.000456874 4.28453e-05 0.000506532 3.66969e-05 -1
-0.000953742 -0.000122839 0.000274688 3.67651e-05 -1
-0.000944354 -0.00013042 0.000102607 3.98086e-05 -1
0.00120349 -7.817e-05 0.000174332 3.89499e-05 -1
7.44423e-05 0.000138618 0.000611135 3.80108e-05 -1
-0.00090783 -0.000506672 3.66741e-05 3.67586e-05 -1
-0.000367658 -6.8423e-05 0.000103574 3.75003e-05 -1
-0.000352469 0.000234284 9.71697e-05 3.6174e-05 -1
0.000721864 -0.000773736 3.62222e-05 3.63492e-05 -1
0.000226019 0.00126344 0.000102763 3.66994e-05 -1
0.000386694 0.00108053 8.56975e-05 3.7744e-05 -1
-0.00149571 0.000410625 3.56783e-05 3.57273e-05 -1
-0.00158529 0.000552434 3.75821e-05 3.76152e-05 -1
-0.000204511 -0.000395953 8.81043e-05 3.73217e-05 -1
-2.21881e-05 -0.000198515 0.000297269 3.50022e-05 -1
0.000520816 -0.000239933 0.000227565 3.77211e-05 -1
0.00152214 0.000180984 9.76547e-05 3.68636e-05 -1
-0.000276295 -0.000581562 3.77524e-05 3.78848e-05 -1
-0.000469507 -0.000592531 0.000361495 3.83002e-05 -1
-0.000528284 0.00106663 7.98753e-05 3.59056e-05 -1
-0.00123115 0.000607045 0.000140218 3.74783e-05 -1
-0.00118939 -0.000801758 3.67255e-05 3.67694e-05 -1
-0.000249485 -0.000571405 0.000285224 3.95247e-05 -1
0.00096563 0.000133423 0.000104554 3.55265e-05 -1
0.000399146 0.00058972 0.00015509 3.70291e-05 -1
-0.000375294 0.000318243 9.52283e-05 3.5909e-05 -1
8.04844e-05 -0.00100216 3.73836e-05 3.74429e-05 -1
0.000241937 8.33472e-05 0.000525887 3.80043e-05 -1
-0.00122393 0.000101331 3.76225e-05 3.76645e-05 -1
0.000204607 0.000613223 0.000176913 3.94102e-05 -1
-0.000273718 -0.000156505 0.000373344 3.70574e-05 -1
4.51835e-05 0.000170043 3.62265e-05 3.64027e-05 -1
0.000694586 -0.000389214 0.000261039 3.54815e-05 -1
-0.000133535 -0.000593681 3.65671e-05 3.66802e-05 -1
-0.000180524 0.000150848 0.000436437 3.58131e-05 -1
0.000386835 -0.000556525 9.86738e-05 3.71236e-05 -1
-0.000189663 0.00024002 0.000479654 3.89132e-05 -1
0.000611054 -0.00115654 0.000104204 3.89042e-05 -1
0.00014932 -0.00077316 3.70221e-05 3.70966e-05 -1
-0.00137307 -4.18122e-05 3.76014e-05 3.76532e-05 -1
9.96085e-05 -0.000698474 0.000230216 3.90274e-05 -1
-0.000340385 0.000747702 0.000185576 3.84264e-05 -1
-0.00135299 0.001014 3.50882e-05 3.5119e-05 -1
0.000913603 0.00146521 3.79989e-05 3.80335e-05 -1
0.000852023 0.000330429 0.000134374 3.53236e-05 -1
-0.00037147 0.00134486 0.000139764 3.67813e-05 -1
0.000283262 -0.000210986 0.000523266 3.91207e-05 -1
2.83392e-05 0.000940198 0.000216902 3.88432e-05 -1
0.0010409 0.000547174 0.000223312 3.80164e-05 -1
-0.00136644 -0.00051143 8.39726e-05 3.90266e-05 -1
-0.000699974 0.00109785 3.73457e-05 3.73925e-05 -1
-0.000738002 0.000307186 0.000359443 3.7409e-05 -1
-0.000795445 0.00070394 0.000235823 3.63278e-05 -1
0.000797235 -0.000172803 3.80175e-05 3.81872e-05 -1
0.000612528 -0.000875024 0.000184275 3.93111e-05 -1
-0.00015611 -0.00036016 3.96348e-05 3.96769e-05 -1
-0.000689619 0.000111457 0.000240423 3.76415e-05 -1
0.000371027 0.00055065 9.61867e-05 3.91088e-05 -1
0.000457424 -0.000455301 3.76101e-05 3.77119e-05 -1
-0.000686108 -0.000602727 0.000307222 3.81436e-05 -1
-0.000900948 0.000274469 3.93259e-05 3.94061e-05 -1
-0.000717653 0.000819607 3.55568e-05 3.56875e-05 -1
0.000845293 -0.000555064 0.000259107 3.98559e-05 -1
0.000277178 0.000234178 0.000145282 3.87526e-05 -1
-0.00103169 0.000253076 0.000268108 3.78184e-05 -1
0.00112849 0.000188556 6.20859e-05 3.59622e-05 -1
-0.000719663 -0.000852038 0.000262064 3.79056e-05 -1
-0.00134697 -6.3056e-05 0.000163313 3.82397e-05 -1
0.00063948 -0.00107264 0.000148914 3.6624e-05 -1
0.000673669 -0.00012701 0.00019657 3.64457e-05 -1
-0.000236278 -0.00132954 0.000102325 3.77039e-05 -1
-0.000258479 0.000480793 0.000474974 3.61608e-05 -1
-0.000491821 0.000382916 0.00041597 3.75137e-05 -1
0.000115371 0.00031771 0.000601254 3.66264e-05 -1
-6.75076e-07 -0.000192594 0.000375006 3.87547e-05 -1
-0.00104754 0.000160908 0.000111914 3.71549e-05 -1
0.000333347 -0.000473546 9.28507e-05 3.9151e-05 -1
-0.000592242 -0.00161495 3.86284e-05 3.86735e-05 -1
0.000609158 -0.000310343 3.873e-05 3.87662e-05 -1
0.000618313 -0.000761396 9.37443e-05 3.65297e-05 -1
0.000558882 0.00102353 3.77046e-05 3.77444e-05 -1
0.000394289 -0.000201131 9.64056e-05 3.7804e-05 -1
-7.62699e-05 0.000139475 0.000143048 3.50517e-05 -1
-0.000757934 -0.00124516 0.000160331 3.84348e-05 -1
-0.00039393 -0.00159776 3.66151e-05 3.66468e-05 -1
0.00110594 -0.000448793 0.000162687 3.99462e-05 -1
-6.19272e-05 -0.00114561 0.000102619 3.67766e-05 -1
0.000649613 0.00122053 3.62772e-05 3.63406e-05 -1
-0.000978846 -0.000695881 0.00019336 3.70561e-05 -1
-0.00019785 -0.0015415 7.86595e-05 3.91154e-05 -1
0.00107299 0.000468869 3.73869e-05 3.7435e-05 -1
0.000400693 0.000250166 0.000195188 3.69124e-05 -1
0.000760514 -0.00020056 0.000279827 3.74871e-05 -1
-0.000553186 -0.00119197 0.000157127 3.94623e-05 -1
-8.44294e-05 -0.000151412 0.000664631 3.6606e-05 -1
-0.000667121 0.000999483 0.000158192 3.81487e-05 -1
-0.0010459 0.00064479 0.000196882 3.62788e-05 -1
0.000706289 0.00125733 0.000154005 3.71728e-05 -1
-7.68741e-05 -0.000788456 0.000153568 3.87553e-05 -1
-0.000819379 -0.00118975 0.000128759 3.54549e-05 -1
-0.000424488 0.000437223 0.00015743 3.537e-05 -1
5.17486e-05 -0.000326908 0.000259563 3.9539e-05 -1
0.000207682 -0.000980022 0.000259344 3.98298e-05 -1
-0.000330139 0.000374307 0.000461313 3.77479e-05 -1
-0.000365323 4.46691e-05 0.000523381 3.68602e-05 -1
-0.000279113 8.20701e-05 3.583e-05 3.58732e-05 -1
-0.000132421 -0.000785334 9.02174e-05 3.66194e-05 -1
9.38359e-07 0.000148988 0.000387887 3.79209e-05 -1
-5.65142e-05 0.000270466 0.000251216 3.62562e-05 -1
-0.000507705 -0.000252012 0.000231545 3.90883e-05 -1
0.000567302 0.000701101 0.000165965 3.56492e-05 -1
-9.16132e-05 -0.00117743 3.97186e-05 3.98146e-05 -1
0.00121344 7.48783e-05 3.73912e-05 3.74647e-05 -1
-0.000498163 -0.000600873 0.000114626 3.78828e-05 -1
0.00113356 0.000736471 0.000154585 3.6354e-05 -1
-0.000410812 0.000945623 3.88107e-05 3.88613e-05 -1
0.00113629 -0.000464323 8.88534e-05 3.79054e-05 -1
0.000274797 -0.000243014 0.000591788 3.70189e-05 -1
-0.000639239 0.00122346 3.51753e-05 3.52498e-05 -1
0.000295755 0.00117078 0.000102358 3.85269e-05 -1
-0.000851204 -6.78285e-05 0.000198182 3.91664e-05 -1
0.00129443 0.000178311 3.83824e-05 3.84942e-05 -1
0.000358396 0.000659128 0.000380152 3.68998e-05 -1
0.000669889 0.000744218 0.000140299 3.85382e-05 -1
-3.90187e-05 -0.000999266 9.25914e-05 3.7484e-05 -1
-0.000304889 -0.000464431 0.00024721 3.83944e-05 -1
-0.000251908 0.000874878 0.000305337 3.57098e-05 -1
-0.000614337 0.000146455 3.82298e-05 3.8388e-05 -1
0.000437825 -0.000251041 0.000221789 3.5869e-05 -1
0.000165705 0.000181844 0.000437227 3.85416e-05 -1
0.000880908 0.000387733 9.80484e-05 3.84849e-05 -1
0.00140686 -0.000687794 3.69661e-05 3.70077e-05 -1
-0.000397392 0.000696412 0.000157332 3.97043e-05 -1
-0.000298612 0.00012864 0.000586897 3.83681e-05 -1
-0.000296502 -0.000512536 0.00018804 3.83503e-05 -1
-0.000152261 -0.00133166 0.000165941 3.65544e-05 -1
-0.000119117 -0.000316708 8.91017e-05 3.59006e-05 -1
0.0006953 0.000842052 0.000263333 3.7619e-05 -1
-0.000284883 -0.000145206 0.000115118 3.82867e-05 -1
-0.000313143 -0.000371079 3.49358e-05 3.51548e-05 -1
0.00135415 -0.000787826 9.17294e-05 3.5052e-05 -1
-0.00175293 0.000413178 3.85189e-05 3.85512e-05 -1
-0.000627561 0.000699899 9.88311e-05 3.6431e-05 -1
0.000307538 7.2068e-06 0.000140554 3.62978e-05 -1
-2.34549e-05 0.00134491 0.000164571 3.8421e-05 -1
-0.000856666 -0.000429325 0.00027406 3.84946e-05 -1
0.000370588 0.000725541 0.000354138 3.54724e-05 -1
-0.000250121 -0.000612038 0.000102618 3.84532e-05 -1
-0.000610657 0.000326416 0.000315582 3.78917e-05 -1
0.000601358 -8.30242e-05 0.000130207 3.97391e-05 -1
0.000625992 0.000549618 0.000224442 3.74254e-05 -1
-0.000555849 -0.000893662 0.000121903 3.96784e-05 -1
0.000194241 -0.000938976 0.000324735 3.85657e-05 -1
0.000211712 -0.00035226 0.000241335 3.71729e-05 -1
-0.000922018 -0.000159391 0.000168292 3.54242e-05 -1
0.000388215 0.000966349 0.000251586 3.50401e-05 -1
-0.00109466 0.000755802 9.80544e-05 3.88093e-05 -1
-0.000666056 0.000519132 0.000101969 3.8997e-05 -1
3.03335e-05 -0.00107723 0.00024402 3.50548e-05 -1
0.000453034 0.000492208 0.000425772 3.71193e-05 -1
-0.00115674 0.000989705 3.72926e-05 3.73401e-05 -1
-0.000210306 0.000832857 9.67906e-05 3.75527e-05 -1
0.00115864 -0.000706949 0.000109797 3.99545e-05 -1
0.000804152 -0.00137793 9.68223e-05 3.78957e-05 -1
9.32251e-05 0.000336113 0.00012486 3.83058e-05 -1
-0.0006546 0.000956417 3.61404e-05 3.62037e-05 -1
0.000757617 4.5993e-05 0.00016928 3.93316e-05 -1
0.00103098 -0.000289091 3.62996e-05 3.63743e-05 -1
5.09011e-05 -0.000259892 0.000212353 3.83635e-05 -1
-0.000503707 -0.000675613 0.000353132 3.87807e-05 -1
-0.00018824 0.00140284 0.000159995 3.84861e-05 -1
-0.0015272 -0.000481391 3.7749e-05 3.77963e-05 -1
0.000312023 -3.59115e-05 8.12648e-05 3.72521e-05 -1
-4.06635e-08 -0.000226641 0.000163965 3.68187e-05 -1
0.000528273 -0.000408905 0.00023952 3.91173e-05 -1
-0.000785159 8.57395e-05 0.00027667 3.9505e-05 -1
-9.23794e-06 -0.000697484 9.59315e-05 3.6555e-05 -1
0.00111262 0.000231245 0.000117301 3.56614e-05 -1
-0.000937998 0.00115729 0.000127258 3.9475e-05 -1
-0.000710585 8.39223e-05 0.000407006 3.72545e-05 -1
7.30647e-05 -0.000406634 0.000518996 3.86104e-05 -1
9.67698e-06 0.000604278 0.000323012 3.88627e-05 -1
-0.000131704 0.00123439 3.67333e-05 3.68165e-05 -1
7.10404e-05 0.000769168 0.000275733 3.98434e-05 -1
-0.000357692 -0.000528174 0.000351679 3.78355e-05 -1
0.000505453 0.000638868 3.79053e-05 3.80141e-05 -1
-0.000619367 -0.00058111 0.000365478 3.72387e-05 -1
-0.000913311 -0.000781001 3.91488e-05 3.91825e-05 -1
-0.000317265 -0.000225482 0.000274934 3.72825e-05 -1
-0.000710738 0.00141895 3.55924e-05 3.56292e-05 -1
-0.00110348 0.000226764 0.000106396 3.905e-05 -1
-0.00131008 -0.00122994 3.69762e-05 3.70116e-05 -1
-0.00100041 0.000393292 9.14049e-05 3.97935e-05 -1
0.000325852 0.000817972 0.000247263 3.88311e-05 -1
-0.0010187 0.00093748 3.59434e-05 3.59946e-05 -1
-0.000351694 -0.000641881 0.00022699 3.67524e-05 -1
-0.000329879 -0.00123993 3.92253e-05 3.92572e-05 -1
0.00103146 0.000430825 0.000251247 3.51392e-05 -1
-0.000424314 1.40317e-05 0.000187084 3.90095e-05 -1
0.00114402 -0.000324525 0.000226873 3.8623e-05 -1
0.000319951 -0.00070391 0.000323501 3.83204e-05 -1
0.000262103 -0.00131703 9.67766e-05 3.76204e-05 -1
-0.00127572 -0.000968509 3.65006e-05 3.65449e-05 -1
0.00090694 0.000345725 3.79948e-05 3.80542e-05 -1
-0.00077284 -0.00111933 0.000101122 3.81535e-05 -1
0.000641103 0.00068854 0.000279686 3.86726e-05 -1
-0.000483946 0.00131652 0.000142956 3.583e-05 -1
0.000271198 -0.000472593 0.00032481 3.77905e-05 -1
0.000321531 -0.000343046 0.000272927 3.83771e-05 -1
0.00131385 0.000272041 3.52571e-05 3.52842e-05 -1
-0.000445475 -0.000918811 3.71499e-05 3.72527e-05 -1
9.07731e-05 -0.00123254 0.000221765 3.84669e-05 -1
-0.000522162 -0.000986614 0.000111443 3.98028e-05 -1
-0.000524002 -0.000354984 0.000242105 3.55694e-05 -1
-0.00137972 0.000722574 3.72203e-05 3.72907e-05 -1
-4.89217e-05 -0.0013902 3.56231e-05 3.56856e-05 -1
-0.00101784 -0.00124609 0.000101747 3.82318e-05 -1
0.000487891 -8.54278e-05 0.000340088 3.60865e-05 -1
-0.000390291 -0.000523079 0.000419831 3.7912e-05 -1
8.31609e-05 -0.000993358 0.000204466 3.67884e-05 -1
0.000918288 8.62347e-05 0.000244558 3.58133e-05 -1
0.00083786 0.000652329 8.64566e-05 3.5878e-05 -1
-0.00103678 0.000576762 0.000222111 3.5496e-05 -1
-0.000434245 -0.000102715 9.08272e-05 3.85371e-05 -1
0.00115741 -0.000274599 3.66592e-05 3.67456e-05 -1
0.000360125 -0.000805924 0.00030207 3.7714e-05 -1
0.000326513 -0.000369648 0.000394754 3.85652e-05 -1
-0.000365414 -0.000938753 0.000276495 3.96909e-05 -1
0.000694813 0.000542538 9.63807e-05 3.56857e-05 -1
0.000152454 -0.000414152 0.000511407 3.69871e-05 -1
0.000646876 -0.00011264 0.000264366 3.79613e-05 -1
-0.000566498 4.54676e-05 0.00051764 3.69792e-05 -1
-0.000439433 0.00114788 0.000100354 3.7007e-05 -1
-0.000319671 -0.000198665 0.000527084 3.58637e-05 -1
0.00108631 -0.00080572 3.9944e-05 3.99985e-05 -1
2.38828e-05 0.00111729 0.000157041 3.8456e-05 -1
-0.000676852 -0.000945642 0.000104715 3.75889e-05 -1
0.000517443 0.000841467 0.000267696 3.58817e-05 -1
0.000417762 -0.000562801 0.000271845 3.57624e-05 -1
-0.000281136 -0.000655954 0.0002055 3.83607e-05 -1
0.000359735 -0.000596305 0.000155994 3.778e-05 -1
0.000633836 9.72547e-05 0.000139077 3.80943e-05 -1
0.000111223 0.000126564 0.000459379 3.96496e-05 -1
-0.00115381 0.00105661 9.3989e-05 3.89559e-05 -1
0.000569311 0.000297658 0.000259551 3.51346e-05 -1
8.38105e-05 -0.000187755 0.000473091 3.50836e-05 -1
-0.000808256 0.00138353 3.8919e-05 3.89615e-05 -1
0.00100364 -0.000359352 3.90396e-05 3.91011e-05 -1
0.00031364 0.000309901 9.35538e-05 3.71783e-05 -1
-0.000564224 0.000203294 0.000301724 3.86045e-05 -1
0.00115109 0.000896595 8.17132e-05 3.88452e-05 -1
-0.000514097 -2.27776e-05 0.000414223 3.86254e-05 -1
9.68352e-05 0.000940441 0.000299862 3.74248e-05 -1
0.00089376 -0.00112783 3.78721e-05 3.79261e-05 -1
0.000570338 0.000625887 9.61867e-05 3.78109e-05 -1
-3.94467e-05 0.000989594 0.000177014 3.72077e-05 -1
-0.000912837 -0.00134235 3.84804e-05 3.85255e-05 -1
0.000649057 -0.000811891 0.000238107 3.85358e-05 -1
0.00136106 -0.000320755 9.51683e-05 3.87272e-05 -1
-0.000724372 0.000341998 0.000141731 3.77921e-05 -1
0.000676156 -6.80253e-05 0.000149344 3.893e-05 -1
0.000513996 -0.000221015 0.000299844 3.74011e-05 -1
-0.00154102 -0.000129344 5.52895e-05 3.55781e-05 -1
1.09154e-05 -0.000389667 0.000270177 3.61762e-05 -1
0.00119046 -0.000141676 0.000113991 3.93012e-05 -1
6.17583e-05 -0.000392261 0.000400472 3.68251e-05 -1
0.000697477 0.000613933 0.000111254 3.73713e-05 -1
-0.000613448 -0.000736776 0.000174728 3.90851e-05 -1
-0.000965858 -0.000355183 0.00025468 3.80576e-05 -1
-0.00039404 0.000806152 0.000309863 3.68418e-05 -1
-0.00128955 0.000340512 9.87371e-05 3.73278e-05 -1
0.000468087 0.000362505 0.000251288 3.71951e-05 -1
-0.000367692 0.000895206 0.000289295 3.68154e-05 -1
-0.000262109 0.000226664 0.000378163 3.57186e-05 -1
-0.000100356 4.61536e-05 0.000482165 3.61774e-05 -1
0.000296422 -0.00123347 8.97315e-05 3.53061e-05 -1
0.000442285 -0.000295468 0.000428644 3.7795e-05 -1
0.000169224 -0.00107891 0.000209902 3.55532e-05 -1
0.000281723 -0.000558437 0.000177076 3.63076e-05 -1
-0.00147515 -0.00072066 9.88456e-05 3.86538e-05 -1
0.000365541 -0.000171811 0.000468837 3.842e-05 -1
0.00104984 0.00103381 0.000112178 3.99193e-05 -1
0.00155379 -7.99749e-05 3.89097e-05 3.89626e-05 -1
-0.000174244 -0.00114145 0.000168124 3.70659e-05 -1
-0.000514589 -0.000465934 9.24146e-05 3.88284e-05 -1
-0.000622494 -0.000111902 0.000385547 3.8222e-05 -1
9.23487e-05 2.7299e-05 0.000225946 3.87027e-05 -1
-0.000245035 0.00051672 0.000101274 3.71442e-05 -1
0.000479787 -0.00122174 0.000100477 3.80377e-05 -1
9.68801e-05 0.000166823 0.000342332 3.74429e-05 -1
0.000946278 -0.000242697 0.000152953 3.99304e-05 -1
0.00049276 -0.00121794 0.000176482 3.91961e-05 -1
-0.000575112 -0.00131253 9.58815e-05 3.56691e-05 -1
-0.000908228 0.000112379 0.000213983 3.94396e-05 -1
0.000235035 -0.000644303 0.000421639 3.72269e-05 -1
-0.000934604 -0.00072159 9.73021e-05 3.92824e-05 -1
-7.74451e-05 -0.000207573 0.000427897 3.98163e-05 -1
-0.000122342 -4.99208e-05 3.69429e-05 3.6972e-05 -1
-0.000155263 -0.000129902 0.000651865 3.85298e-05 -1
-8.08796e-05 0.000479096 0.000166302 3.71477e-05 -1
0.00060047 -0.000114487 0.000201241 3.80561e-05 -1
-2.45384e-05 0.00111252 9.65662e-05 3.8769e-05 -1
0.000403848 0.00124237 0.000101452 3.71766e-05 -1
-0.00106041 0.000433643 0.000202741 3.74894e-05 -1
0.000250946 -0.000535202 3.78917e-05 3.79939e-05 -1
-0.00132428 -0.000685643 9.14416e-05 3.79677e-05 -1
-0.000412067 -0.000874586 0.000244931 3.63898e-05 -1
0.000451439 -3.5365e-05 0.000377509 3.51632e-05 -1
-0.000129256 0.000416415 0.000392197 3.86478e-05 -1
-0.000339653 0.00104839 0.000202909 3.55422e-05 -1
0.00147795 -0.000551912 3.5954e-05 3.59863e-05 -1
0.000822227 0.00148155 7.42849e-05 3.57781e-05 -1
0.000817613 0.000189868 0.000296159 3.62262e-05 -1
-0.000239353 -0.0012029 3.93457e-05 3.93761e-05 -1
-0.000388956 -8.89442e-06 0.000388446 3.63557e-05 -1
-0.00165831 0.000535759 3.59436e-05 3.59776e-05 -1
0.00102061 -0.000628746 0.000125079 3.73578e-05 -1
0.00133016 -0.000209252 0.000142949 3.77831e-05 -1
0.000929737 -0.000551276 0.000253403 3.88872e-05 -1
-0.000242936 0.000108733 0.000288751 3.74068e-05 -1
-0.000693427 0.000729909 9.7374e-05 3.59893e-05 -1
-0.000592111 -0.000986994 0.000170492 3.77667e-05 -1
-0.000421805 9.10538e-05 0.000548575 3.62839e-05 -1
-0.00162889 -0.000737205 3.84942e-05 3.8537e-05 -1
0.000643174 -0.000472538 0.000314185 3.89376e-05 -1
0.000554533 -0.00117568 0.000162218 3.70145e-05 -1
0.000467387 0.000648413 0.000302994 3.84632e-05 -1
-0.000637428 0.000939021 0.000213861 3.86932e-05 -1
0.00044294 -4.15613e-05 0.000450872 3.89721e-05 -1
-0.00129267 0.000614707 9.88332e-05 3.69871e-05 -1
0.00133735 0.000914181 0.000100347 3.6257e-05 -1
0.000834281 0.00124001 9.4845e-05 3.62953e-05 -1
-0.000319641 0.000285152 0.00028924 3.77273e-05 -1
-0.00131565 5.75699e-05 0.000183393 3.93793e-05 -1
0.000143653 0.000262043 0.000474687 3.89552e-05 -1
-0.000468668 0.00141223 9.42876e-05 3.6098e-05 -1
-0.000261002 0.000427224 0.000199315 3.53651e-05 -1
0.000614304 0.00017367 0.000103088 3.70276e-05 -1
-0.00056763 -0.000489099 0.00014047 3.64989e-05 -1
0.000440309 -0.000228949 0.000291363 3.72631e-05 -1
-0.000663733 0.00010531 0.000351272 3.86563e-05 -1
0.000927182 0.00128837 8.28286e-05 3.66281e-05 -1
-0.000265808 0.000125426 9.11543e-05 3.57053e-05 -1
-0.000640951 -0.000437169 0.000320924 3.8106e-05 -1
0.000183216 -0.000328286 0.000508239 3.78211e-05 -1
0.000247006 -0.000969696 0.000155574 3.84287e-05 -1
-0.000143452 -0.00137023 9.67576e-05 3.53414e-05 -1
0.000652372 0.000823855 0.000150865 3.60471e-05 -1
0.000574412 0.000765735 0.000136964 3.54435e-05 -1
-0.000452955 -0.00154688 3.87328e-05 3.87753e-05 -1
0.000282227 0.000113565 0.000377174 3.77635e-05 -1
-6.65424e-05 0.00012497 0.000641378 3.5233e-05 -1
0.00165033 0.000134328 3.79833e-05 3.80185e-05 -1
-0.00072451 -0.00143464 3.76251e-05 3.76775e-05 -1
0.000743077 0.000883929 3.68856e-05 3.69909e-05 -1
-0.000220622 -0.000695946 0.000100134 3.80394e-05 -1
0.000355126 0.00013081 0.000373389 3.68548e-05 -1
-0.000571262 0.000700243 0.000151425 3.66005e-05 -1
-0.00131977 1.33807e-05 3.64077e-05 3.64725e-05 -1
-0.00109652 -0.000480652 7.97112e-05 3.82012e-05 -1
0.000346632 -0.00124278 3.76378e-05 3.77192e-05 -1
0.000209705 -0.00103615 0.000165136 3.84427e-05 -1
-0.00118248 -0.000642119 3.71232e-05 3.71719e-05 -1
-0.000774179 -0.00108246 0.000190475 3.90384e-05 -1
0.000179848 -6.24754e-05 0.000259305 3.83359e-05 -1
-0.00077136 -0.000132888 0.000389541 3.62128e-05 -1
-0.00105296 0.000157007 3.75141e-05 3.75821e-05 -1
0.00121159 0.000288249 0.000183553 3.7805e-05 -1
2.35402e-05 0.000446774 0.00024223 3.74985e-05 -1
0.00025348 -0.000251833 0.000436415 3.88272e-05 -1
0.000929317 0.000170843 0.000157703 3.90264e-05 -1
0.000894444 -0.000696312 0.000106918 3.65956e-05 -1
0.000705591 -8.97573e-05 0.000302732 3.50867e-05 -1
-0.00104506 0.000986282 8.8293e-05 3.83107e-05 -1
-0.00123048 -0.00109417 8.51431e-05 3.82608e-05 -1
-0.000947784 -0.0012092 9.63212e-05 3.53695e-05 -1
0.0002989 0.000746542 3.88815e-05 3.90456e-05 -1
-0.000374382 0.00119342 3.79556e-05 3.79841e-05 -1
-0.000238818 -3.5714e-05 0.000345425 3.92707e-05 -1
-0.00028257 0.000515235 0.000214056 3.98167e-05 -1
0.00136115 -0.000919842 3.57255e-05 3.57632e-05 -1
8.29085e-05 -0.00125171 0.000149538 3.66939e-05 -1
0.000258193 0.000293936 0.000189598 3.55529e-05 -1
-0.000221468 -0.000477937 0.000364121 3.65993e-05 -1
0.000844887 -0.00112727 9.28477e-05 3.56736e-05 -1
0.000312873 -0.000293391 0.000406192 3.97756e-05 -1
-0.00151761 0.000313722 0.000101184 3.77523e-05 -1
0.000459361 0.000973005 0.000262797 3.53484e-05 -1
8.18569e-05 0.000236009 3.70617e-05 3.71515e-05 -1
0.000473938 0.00040745 0.000318389 3.58613e-05 -1
0.00119745 -0.000298818 0.000179443 3.73302e-05 -1
0.000877588 -0.000730536 0.000171107 3.81123e-05 -1
0.00104323 0.000606496 0.000173333 3.96127e-05 -1
-0.000261946 0.000408152 0.000455251 3.86398e-05 -1
0.000332085 0.000706613 0.000292642 3.90302e-05 -1
-0.000982699 0.00017689 3.54403e-05 3.55199e-05 -1
0.00128769 1.38424e-05 0.000179463 3.50185e-05 -1
-0.00116262 -7.977e-05 0.000179403 3.88217e-05 -1
0.00099783 -0.000603238 3.96952e-05 3.97631e-05 -1
0.000249705 -0.000850729 0.000218503 3.85745e-05 -1
-4.738e-05 -2.39699e-05 0.00033743 3.68883e-05 -1
-0.000929269 -0.00127714 7.52616e-05 3.81469e-05 -1
-0.000862259 -0.00028725 3.72693e-05 3.7331e-05 -1
0.000125124 0.000741375 3.79377e-05 3.81532e-05 -1
-0.00115388 -0.000682301 9.24395e-05 3.6975e-05 -1
-0.000834838 0.000132886 3.65385e-05 3.67061e-05 -1
0.000491151 0.00145452 3.81137e-05 3.81526e-05 -1
-0.000665875 -0.00075432 0.00022731 3.64429e-05 -1
0.000483771 -0.0013502 0.000142376 3.55662e-05 -1
-0.000146559 -0.00148907 3.88319e-05 3.88626e-05 -1
-0.00125146 -0.000340582 3.504e-05 3.51079e-05 -1
-0.0012606 0.000782805 3.54615e-05 3.55105e-05 -1
0.000608403 0.000436469 0.000154823 3.55828e-05 -1
-0.000296219 -8.53685e-05 0.000371083 3.63954e-05 -1
-0.00142075 0.000404758 3.91496e-05 3.91459e-05 -1
-0.000281424 -0.000218452 9.76194e-05 3.72254e-05 -1
-0.00149335 -0.000351389 3.73488e-05 3.73938e-05 -1
0.000581356 -0.000735527 3.63766e-05 3.64732e-05 -1
-0.000869724 0.000728904 0.000183313 3.63891e-05 -1
0.00012848 -0.000306829 0.000139326 3.66454e-05 -1
0.000381134 0.00144711 3.57194e-05 3.57769e-05 -1
-7.2152e-05 0.00077199 0.000304761 3.64298e-05 -1
9.49955e-05 0.000445504 0.000411412 3.89101e-05 -1
-0.000329852 -0.000844782 0.000168978 3.65209e-05 -1
0.00108927 0.000895054 3.72544e-05 3.73401e-05 -1
-0.000193058 -0.000701929 0.000372165 3.87417e-05 -1
0.0004613 -0.00163469 3.9624e-05 3.96516e-05 -1
-0.000631164 0.00113028 0.000144078 3.69243e-05 -1
-0.000432532 0.000126809 0.000139811 3.65416e-05 -1
-0.0016927 5.12237e-05 3.68288e-05 3.68774e-05 -1
-0.00108635 -7.90371e-05 9.80555e-05 3.74512e-05 -1
-0.00072923 -0.00103562 3.85797e-05 3.86665e-05 -1
0.000300967 0.000384671 0.000291273 3.50112e-05 -1
-0.00158759 -0.000527651 3.82628e-05 3.83043e-05 -1
-0.000182327 -2.20233e-05 8.45107e-05 3.65896e-05 -1
-0.00123357 -0.000285575 0.000110302 3.78793e-05 -1
0.000795042 -0.000173037 0.000213196 3.95838e-05 -1
-0.000244454 5.63735e-06 0.000172385 3.8893e-05 -1
0.000563639 0.000184238 0.000354674 3.72961e-05 -1
-0.00162922 -0.000124915 0.00010111 3.62585e-05 -1
4.45008e-06 -5.43344e-05 0.000692482 3.90594e-05 -1
0.0011402 -6.06878e-05 3.73972e-05 3.74763e-05 -1
-0.000913805 0.000579977 0.000247285 3.95885e-05 -1
-0.000222942 -0.000770521 8.65638e-05 3.78302e-05 -1
-0.000757276 -0.000910619 9.73279e-05 3.68705e-05 -1
-0.000265936 0.000381361 0.000145689 3.53778e-05 -1
0.00128629 -0.000525192 0.000107074 3.63101e-05 -1
7.10804e-05 0.000656133 0.000198978 3.75104e-05 -1
0.000161414 -0.000178805 3.63226e-05 3.64565e-05 -1
0.000348101 2.14406e-05 0.000517877 3.55985e-05 -1
-0.000699773 -6.96383e-05 0.000229874 3.71318e-05 -1
0.000174052 -0.00101597 0.00010254 3.64478e-05 -1
-0.000286125 0.000557816 0.000360647 3.60323e-05 -1
0.000737044 -0.000149947 0.000170933 3.58204e-05 -1
0.000372895 0.000342929 0.00015043 3.65757e-05 -1
0.000262559 -0.000890243 0.000157105 3.56284e-05 -1
8.54083e-05 -0.000272274 0.000302846 3.7964e-05 -1
-0.000576378 -0.000281044 0.000331278 3.65628e-05 -1
0.00128376 0.000982716 0.000102009 3.70998e-05 -1
-0.000386653 0.000806717 9.08948e-05 3.70461e-05 -1
0.000923237 -0.000345986 0.000275023 3.7022e-05 -1
0.000697195 0.000221328 0.000227073 3.91733e-05 -1
-0.00115257 0.000396979 9.48863e-05 3.78818e-05 -1
-0.000248048 5.99695e-05 0.000436359 3.53726e-05 -1
0.00102616 -0.000779871 0.000129707 3.62191e-05 -1
-0.00114761 0.000228482 0.000187871 3.69634e-05 -1
0.00124031 -0.000411693 9.89003e-05 3.86355e-05 -1
-0.000713129 -0.000158862 0.00015404 3.95112e-05 -1
-0.00084042 0.00120933 3.64104e-05 3.64528e-05 -1
-0.00163272 0.000251458 3.50442e-05 3.5103e-05 -1
-0.000706296 -0.00133531 9.95296e-05 3.79613e-05 -1
-0.000253793 0.000168069 0.000338237 3.50389e-05 -1
-0.000201302 -0.000131469 0.000452305 3.94079e-05 -1
0.000370893 -0.000262215 3.72096e-05 3.72391e-05 -1
-0.000694584 -0.00140838 9.9665e-05 3.60586e-05 -1
0.00020484 -0.00142957 8.7117e-05 3.58743e-05 -1
0.000188784 -0.00148974 0.000126097 3.76106e-05 -1
-0.000823471 -0.000628118 0.000168086 3.81325e-05 -1
0.00055641 -0.000665898 3.73698e-05 3.75068e-05 -1
-9.95319e-05 0.000586769 9.79168e-05 3.90567e-05 -1
0.000547762 -0.000150752 0.000243691 3.88028e-05 -1
0.000428416 -0.000493811 0.000341859 3.62251e-05 -1
-0.00145731 -0.000436688 0.000104203 3.55559e-05 -1
0.000102135 -0.00105956 0.000236742 3.92802e-05 -1
0.000914897 0.000775213 0.000107511 3.88639e-05 -1
0.00069207 -0.000315028 0.000295007 3.66204e-05 -1
-0.000108621 -0.000309928 0.000162884 3.69849e-05 -1
0.000370024 -0.000950971 0.000225321 3.77731e-05 -1
-0.000827967 0.000325068 3.77611e-05 3.7902e-05 -1
8.34054e-07 0.000418074 0.000486638 3.8844e-05 -1
0.000212961 -0.00125388 0.000177261 3.80382e-05 -1
-0.001023 0.000591636 0.000102174 3.90523e-05 -1
-0.000599766 -0.000346102 0.000131811 3.98074e-05 -1
0.000647599 -0.000552853 0.000199547 3.76051e-05 -1
-0.000194388 -0.00121536 0.000105571 3.8839e-05 -1
-0.00026243 6.26555e-05 0.000126771 3.57782e-05 -1
-0.000485701 0.000736452 3.58882e-05 3.5983e-05 -1
0.000711246 0.00077406 0.000235762 3.62003e-05 -1
0.000312368 -0.000490606 0.000450105 3.75684e-05 -1
-0.000762055 -0.00158814 3.81032e-05 3.8146e-05 -1
-0.000352873 -0.000780789 3.92146e-05 3.92465e-05 -1
-7.04617e-05 0.000549552 3.74931e-05 3.76536e-05 -1
0.000866444 0.00101591 3.75979e-05 3.7641e-05 -1
0.00129352 -8.50413e-05 0.000100285 3.61337e-05 -1
-0.0011313 0.000638629 0.000154184 3.7945e-05 -1
0.000448504 -0.000635985 0.000265671 3.83856e-05 -1
-6.7239e-05 -0.00103117 0.000157046 3.9814e-05 -1
-0.000641891 0.000547545 0.000173177 3.67343e-05 -1
0.000929465 -0.000490955 7.9555e-05 3.52858e-05 -1
-0.000633358 1.90819e-05 9.3646e-05 3.60561e-05 -1
0.000456956 -0.000920487 3.69245e-05 3.70084e-05 -1
0.00101094 0.0010878 7.18103e-05 3.70641e-05 -1
7.1463e-05 -0.000561366 0.000163111 3.55514e-05 -1
-0.00136823 -0.000339489 8.45028e-05 3.71235e-05 -1
-1.62913e-05 0.000468559 0.000303994 3.92315e-05 -1
0.000287399 -0.000663133 0.000375274 3.52339e-05 -1
0.000156958 0.000254215 0.000632339 3.8806e-05 -1
0.000820237 -6.94029e-05 0.000256973 3.60958e-05 -1
-0.00146344 8.15799e-05 3.77618e-05 3.78099e-05 -1
-0.000325592 0.000801925 0.000134013 3.79823e-05 -1
-0.000799239 -0.000925957 0.00017539 3.67306e-05 -1
-5.25879e-05 0.000830002 0.000266304 3.59084e-05 -1
-0.000420201 0.000545468 6.59585e-05 3.63905e-05 -1
0.00066568 0.000162994 0.000153998 3.61067e-05 -1
0.00100156 0.000482284 0.000205508 3.99374e-05 -1
0.000548058 0.000399413 3.61048e-05 3.62342e-05 -1
4.90189e-05 -0.0004515 0.000272525 3.62877e-05 -1
-0.000195344 0.000671453 0.000336206 3.94369e-05 -1
0.000234177 0.000658015 0.00027431 3.97445e-05 -1
-0.000498462 -2.37759e-05 0.000228949 3.90848e-05 -1
-0.00153306 0.000474099 3.79126e-05 3.79636e-05 -1
-0.00131066 -0.000838462 3.6591e-05 3.66265e-05 -1
0.000718996 0.000212294 0.000155248 3.64597e-05 -1
-0.000742649 0.000305189 0.000284681 3.75508e-05 -1
0.00014813 -0.000712216 0.000124149 3.55858e-05 -1
-0.000419508 0.00020526 0.000258814 3.61428e-05 -1
-0.000495107 -0.000455151 0.000340631 3.81672e-05 -1
-0.000155526 -0.000375583 0.000359409 3.52749e-05 -1
-0.000173533 -0.000755213 0.000265088 3.70323e-05 -1
-0.000180531 -0.000249628 0.000516181 3.7591e-05 -1
0.000116314 -0.00106499 8.93161e-05 3.65737e-05 -1
0.000712096 0.00101492 3.80817e-05 3.80263e-05 -1
-0.00131181 -0.000530528 0.000164893 3.87871e-05 -1
0.00128507 -0.000436318 0.000158193 3.96516e-05 -1
0.000297928 0.000457144 0.000304718 3.87782e-05 -1
-0.00131274 -0.000142095 3.6354e-05 3.64179e-05 -1
0.000752404 -0.000425447 3.66746e-05 3.68066e-05 -1
0.000644232 0.000326512 0.000140894 3.87551e-05 -1
-0.000932404 0.000234553 0.000145326 3.76906e-05 -1
-0.000743806 -0.000166481 3.95212e-05 3.96463e-05 -1
-4.36971e-05 0.000547101 0.000163107 3.5595e-05 -1
2.89945e-05 -0.00120635 0.000122693 3.67919e-05 -1
0.000121403 0.00099668 0.000167186 3.83852e-05 -1
0.00127837 0.000342242 3.98894e-05 3.99356e-05 -1
0.000353994 -0.000371363 0.000195882 3.89752e-05 -1
0.00047021 -0.000423161 0.00028546 3.61919e-05 -1
-1.64371e-05 -0.000811563 3.76361e-05 3.75866e-05 -1
-0.00137008 0.000183173 0.000149378 3.5563e-05 -1
-6.31094e-06 -2.0523e-05 3.76285e-05 3.76624e-05 -1
0.000355671 -0.0009706 0.00010481 3.69732e-05 -1
-0.000144296 0.000140909 0.000596901 3.72734e-05 -1
0.000853331 -0.000224468 3.80444e-05 3.81109e-05 -1
-0.00078328 5.99455e-05 3.70906e-05 3.71744e-05 -1
-0.000459236 -0.000507864 0.000394575 3.70863e-05 -1
-0.000867908 -0.000835286 0.000155431 3.6182e-05 -1
0.000762165 0.000425937 0.000293031 3.80581e-05 -1
0.000962829 0.00023642 0.000134391 3.82043e-05 -1
0.000258143 -0.000109315 8.67356e-05 3.77783e-05 -1
-0.000532681 -0.00126423 0.000153343 3.5763e-05 -1
-0.000122789 0.000912068 0.000246033 3.9676e-05 -1
-0.000497851 -0.00106213 3.80127e-05 3.81255e-05 -1
-0.000591849 -9.38268e-05 0.000319448 3.68929e-05 -1
0.00140781 0.000537903 8.01212e-05 3.84707e-05 -1
6.41039e-06 -0.000519181 0.000164164 3.8681e-05 -1
2.22918e-05 0.000369971 0.000112881 3.66981e-05 -1
-0.000934507 -0.000255911 3.6342e-05 3.64047e-05 -1
-0.00050758 0.000811996 3.66351e-05 3.67187e-05 -1
-8.89317e-05 0.000164619 0.000480893 3.72657e-05 -1
-0.000117007 1.29244e-05 0.000155405 3.60853e-05 -1
-0.000186545 -0.00131895 3.63016e-05 3.6375e-05 -1
-0.000293477 0.00177393 3.5126e-05 3.5153e-05 -1
-0.000128815 0.000774334 9.71014e-05 3.56473e-05 -1
9.9999e-05 -0.000941551 0.000327309 3.54638e-05 -1
-0.000109982 0.000146688 0.000220467 3.77157e-05 -1
-0.000102429 -0.000586328 0.000264263 3.78243e-05 -1
-0.000221538 0.000224286 0.000549462 3.93285e-05 -1
-0.000419303 0.000261572 0.000103894 3.63944e-05 -1
0.00120369 0.0010704 3.68632e-05 3.68969e-05 -1
-4.49106e-05 0.00014876 0.000576604 3.71048e-05 -1
-0.00027736 0.0001749 0.000428758 3.83158e-05 -1
-0.000493207 -0.000528471 0.000334082 3.53221e-05 -1
0.00104332 0.000895723 9.5104e-05 3.65931e-05 -1
-0.000287162 -5.21954e-05 0.000288146 3.75716e-05 -1
0.000355882 -0.000274783 0.00055568 3.97997e-05 -1
-0.000750901 -0.000824618 3.80687e-05 3.81259e-05 -1
-0.000692486 -0.000696255 0.000105824 3.86712e-05 -1
-0.000618862 -4.93217e-05 0.000191661 3.7179e-05 -1
0.000472502 -0.00138079 7.73538e-05 3.62675e-05 -1
0.000466336 3.15996e-06 3.76752e-05 3.77723e-05 -1
0.000131856 0.000375455 0.000178316 3.85512e-05 -1
0.000753178 -0.000920404 3.60485e-05 3.61356e-05 -1
0.000240484 -0.00110311 3.72152e-05 3.72973e-05 -1
-0.000801133 0.000746485 3.70384e-05 3.71219e-05 -1
-0.000680862 0.00116941 0.000106732 3.65642e-05 -1
0.000967447 0.000537211 0.000244065 3.53621e-05 -1
0.000311037 -0.000219254 3.59885e-05 3.60874e-05 -1
-0.000846282 -0.000547939 3.65326e-05 3.65612e-05 -1
-0.000209249 0.000691523 0.000410847 3.91313e-05 -1
0.000243957 0.000276312 0.000342566 3.51124e-05 -1
0.000881546 -0.000367359 0.000217352 3.73033e-05 -1
-0.000356429 -0.000164984 0.000302198 3.98392e-05 -1
0.00107644 0.000509748 0.00010188 3.90317e-05 -1
0.00121343 0.000960864 8.59295e-05 3.82941e-05 -1
2.65441e-05 0.000208341 0.000173435 3.73535e-05 -1
-0.000373311 0.00122708 0.000164053 3.64768e-05 -1
0.000291612 0.000442633 0.000416486 3.90668e-05 -1
-0.000689925 0.000368345 8.07758e-05 3.71035e-05 -1
-0.000460634 -0.000649657 0.000410507 3.75062e-05 -1
-0.000550015 0.000750667 0.000268219 3.69287e-05 -1
-0.000274814 -0.000371767 9.64802e-05 3.75664e-05 -1
-3.15098e-06 0.000780132 0.000277291 3.52159e-05 -1
-0.00054344 -0.000789335 0.000169168 3.73986e-05 -1
0.00132748 -0.000387534 0.000114362 3.84784e-05 -1
0.00024014 -0.000705466 0.000337906 3.84117e-05 -1
-0.000254916 -0.000754737 0.000379099 3.66789e-05 -1
3.86846e-05 4.44708e-05 0.0006868 3.81522e-05 -1
-0.000999491 -0.000623892 0.000198819 3.8057e-05 -1
0.00100051 -0.00136989 3.83469e-05 3.83797e-05 -1
-0.000482692 -0.000688458 8.61487e-05 3.94593e-05 -1
3.36248e-05 0.0010544 0.000277226 3.74181e-05 -1
-0.000114741 -0.000297961 0.000540014 3.99772e-05 -1
0.00081619 0.000508498 0.000104055 3.77879e-05 -1
-0.00143961 0.000294389 9.36452e-05 3.89997e-05 -1
0.000708643 -0.000881 0.000167224 3.78773e-05 -1
0.000217047 -0.00147963 3.64019e-05 3.64596e-05 -1
-0.000912719 0.00123138 3.91319e-05 3.91941e-05 -1
-0.00011543 0.000106616 0.000442042 3.74695e-05 -1
0.00103855 0.00116508 3.8423e-05 3.84744e-05 -1
-0.00131916 -0.000360405 3.53436e-05 3.54583e-05 -1
-0.000587106 0.000215296 0.000371719 3.60442e-05 -1
-0.000324639 -0.000290559 0.000334281 3.63568e-05 -1
-0.000603498 -0.000416122 9.57168e-05 3.90718e-05 -1
0.000990986 0.000124544 0.000246527 3.73862e-05 -1
-0.000129814 -0.000625868 0.000205937 3.78443e-05 -1
0.0010379 0.000232037 0.000160078 3.83095e-05 -1
0.000590982 -0.00129043 0.000105825 3.92381e-05 -1
-0.000256221 -0.000888278 0.000314148 3.99818e-05 -1
0.000326668 0.000468718 9.42468e-05 3.74641e-05 -1
0.000428126 0.000149629 3.87351e-05 3.88478e-05 -1
0.000159342 0.00062329 0.000114306 3.84391e-05 -1
0.000289619 0.000992135 0.000227887 3.76979e-05 -1
-0.00125763 0.000550076 0.000100979 3.64911e-05 -1
-0.000809125 0.000452108 0.000254411 3.6365e-05 -1
0.000123424 0.000317715 0.000428444 3.62612e-05 -1
0.000285868 0.000498483 3.80634e-05 3.81379e-05 -1
-0.00134183 -0.000450675 3.58429e-05 3.58707e-05 -1
-0.000590607 0.000411791 0.000145403 3.67427e-05 -1
0.000961363 -0.000266211 0.00026266 3.53692e-05 -1
0.000284427 -0.000973217 0.000272068 3.82964e-05 -1
0.000593502 -3.98332e-05 0.000324389 3.55454e-05 -1
-0.000855391 -0.00129588 7.48032e-05 3.8094e-05 -1
0.000206423 0.000480621 0.000184542 3.94764e-05 -1
0.000671738 0.000765951 3.73656e-05 3.74567e-05 -1
-0.000665671 0.000659474 3.74527e-05 3.74824e-05 -1
0.00013619 -0.000293009 0.000554046 3.6663e-05 -1
-0.000611591 0.0009044 6.66988e-05 3.79114e-05 -1
0.000335037 0.000151573 0.000442212 3.78491e-05 -1
-0.00124528 -0.000500353 0.000149669 3.587e-05 -1
-6.01219e-05 0.00142806 0.000103715 3.65772e-05 -1
-0.000176106 -0.000454951 0.000126569 3.87148e-05 -1
0.00022927 0.00108561 0.000192771 3.62735e-05 -1
-0.000330447 -0.000639233 0.000409276 3.80727e-05 -1
-0.00112902 -0.000109145 3.62856e-05 3.63143e-05 -1
0.000328045 -0.000236882 0.000105987 3.81127e-05 -1
0.000313202 0.000530248 0.000280895 3.90711e-05 -1
-0.000329058 0.00133758 8.08674e-05 3.61824e-05 -1
0.000143492 -0.00142917 0.00012696 3.73036e-05 -1
0.000664081 -0.000432548 0.000122277 3.78358e-05 -1
-0.000457992 0.000332691 0.00023132 3.82667e-05 -1
-9.2229e-05 0.00115783 0.000130047 3.78673e-05 -1
0.000589597 -0.000510928 0.000149506 3.87827e-05 -1
0.000139796 0.000674121 0.000366661 3.8386e-05 -1
-0.000182758 0.000108078 0.000650182 3.57739e-05 -1
0.000533765 0.000327214 3.73215e-05 3.74469e-05 -1
4.078e-05 -0.000597899 0.000420218 3.53115e-05 -1
-0.000829398 -0.00123692 3.62985e-05 3.63518e-05 -1
0.000964812 -0.000709466 3.73846e-05 3.74786e-05 -1
-0.000603587 -0.00071366 9.9674e-05 3.96806e-05 -1
0.000798912 4.63805e-05 0.000232756 3.64606e-05 -1
-0.000422933 0.000508749 0.000260415 3.85084e-05 -1
-0.000409813 0.000189542 0.000110117 3.66128e-05 -1
0.00100868 0.000728649 0.000213409 3.73409e-05 -1
-0.000305654 0.000887789 0.000246265 3.8451e-05 -1
0.000404742 -0.000440879 0.000243129 3.58432e-05 -1
-0.000258491 -0.000795537 0.00027116 3.89206e-05 -1
-9.97306e-05 -0.000471441 0.00041478 3.52161e-05 -1
0.0011751 -0.000706726 3.58242e-05 3.58683e-05 -1
-0.000711609 -6.7915e-05 3.76752e-05 3.77967e-05 -1
-0.000532777 0.000641893 0.000177644 3.80964e-05 -1
0.000182432 7.24923e-05 0.000301458 3.60746e-05 -1
-4.43208e-05 0.000197849 0.00035067 3.84324e-05 -1
-0.000760172 -0.000865901 0.000198663 3.86344e-05 -1
-0.000689624 0.0010238 3.733e-05 3.74099e-05 -1
-0.000369217 0.000943267 0.00010174 3.66423e-05 -1
-5.26039e-05 0.00104153 8.57973e-05 3.82403e-05 -1
0.000245146 0.00105733 0.000125877 3.80422e-05 -1
0.000266923 -0.000777759 0.000212411 3.63293e-05 -1
-0.000937203 -0.000446691 0.000167344 3.65412e-05 -1
-0.000151689 -0.000654289 0.000412853 3.63731e-05 -1
-0.00150277 0.000273059 3.84499e-05 3.8494e-05 -1
0.000598294 0.000120167 0.000202774 3.85451e-05 -1
-0.000292746 -0.00141706 0.000143958 3.84749e-05 -1
0.00041882 0.000754623 0.000119597 3.51209e-05 -1
-0.000245217 0.000936374 0.0001093 3.67171e-05 -1
-0.000628516 0.000575961 0.000243047 3.99434e-05 -1
-2.18819e-05 -0.000940659 0.000253748 3.76139e-05 -1
0.000204228 0.00150602 8.86973e-05 3.82463e-05 -1
-0.0015704 -0.000263045 3.77694e-05 3.78248e-05 -1
0.000144236 -0.000892723 0.000357436 3.70054e-05 -1
-0.000300284 0.000810126 0.00020257 3.56124e-05 -1
0.000572192 0.00106871 0.000153963 3.77945e-05 -1
-0.000783255 -0.000490729 0.000186243 3.96049e-05 -1
-0.00141477 -0.000469958 3.89381e-05 3.89895e-05 -1
0.000123045 -0.000366954 0.000563195 3.904e-05 -1
-0.000633025 -6.40071e-05 0.000264221 3.82314e-05 -1
0.000628283 0.000903414 3.76806e-05 3.77163e-05 -1
0.000418024 -0.00109385 0.000156349 3.73761e-05 -1
-0.00039861 0.000492438 0.00043525 3.61623e-05 -1
0.000630971 0.000884769 0.000266451 3.96855e-05 -1
-0.00119839 0.000740444 3.86162e-05 3.86474e-05 -1
0.000472431 -0.000560737 0.000104388 3.7999e-05 -1
-0.0014759 -0.000614474 5.79024e-05 3.73642e-05 -1
-0.000430884 0.00124012 3.53438e-05 3.53744e-05 -1
0.000513309 0.000264196 0.000441648 3.74364e-05 -1
-0.000675658 -0.00115712 3.78694e-05 3.79485e-05 -1
-0.00100636 -0.000551089 0.000220833 3.83272e-05 -1
-0.000607146 -1.45115e-05 0.00031811 3.94474e-05 -1
0.000202374 -3.52442e-05 0.000373548 3.74024e-05 -1
8.43464e-05 -0.000927299 3.66434e-05 3.66823e-05 -1
-0.000877681 0.000315065 0.000103325 3.89471e-05 -1
-0.000919583 -0.00093462 3.76683e-05 3.77352e-05 -1
0.0005252 -0.000768509 0.0002165 3.74611e-05 -1
-0.000421354 -5.02361e-05 3.73754e-05 3.75316e-05 -1
0.000626898 0.000207617 0.000434993 3.50617e-05 -1
-0.000928864 0.00140222 3.77715e-05 3.78039e-05 -1
-1.7035e-05 0.000280022 0.000463107 3.95985e-05 -1
0.000483754 6.59969e-05 0.000143673 3.88267e-05 -1
-0.000271923 -0.000352346 0.000168547 3.73104e-05 -1
0.000168874 -0.000427996 0.000308316 3.56527e-05 -1
0.000188533 0.000315154 0.000601239 3.65742e-05 -1
-0.000175997 0.000784012 0.000355837 3.66851e-05 -1
0.000293702 0.00022694 0.000296094 3.60846e-05 -1
-0.00145283 1.34448e-05 0.000148605 3.63395e-05 -1
-0.000603734 -0.00025241 0.000110991 3.84614e-05 -1
-0.000407144 0.000975031 0.000221207 3.51485e-05 -1
-0.000164326 2.83168e-05 0.000519565 3.62239e-05 -1
0.000483686 0.000503806 8.11391e-05 3.76974e-05 -1
0.000349849 0.000880501 0.00012569 3.6185e-05 -1
-0.000265814 -0.000874577 9.71728e-05 3.94758e-05 -1
3.73381e-05 -0.000679777 0.000188507 3.73273e-05 -1
-0.000909967 -0.000291862 9.68552e-05 3.78784e-05 -1
0.00172132 0.000101931 3.55848e-05 3.56176e-05 -1
-7.45305e-05 0.000373304 0.000358337 3.86312e-05 -1
-0.000714269 -0.000520625 0.000128776 3.92554e-05 -1
2.6485e-06 0.000118172 0.000116182 3.80848e-05 -1
-0.000674415 0.000569379 0.00030489 3.73727e-05 -1
-0.0012137 0.000247446 3.98405e-05 3.99118e-05 -1
7.81833e-05 0.000700215 0.000332693 3.61745e-05 -1
-0.00141049 -0.000567014 3.84256e-05 3.84696e-05 -1
0.0013942 0.000319169 0.000107345 3.83797e-05 -1
9.06438e-05 -0.000165615 0.000542648 3.82755e-05 -1
0.000445608 0.00033101 0.000134443 3.88887e-05 -1
-6.26219e-05 -0.000581222 3.52217e-05 3.53632e-05 -1
0.000709583 -0.000902272 9.38519e-05 3.85754e-05 -1
0.000200599 -0.000416767 8.66312e-05 3.66049e-05 -1
0.000234035 -3.53907e-05 0.000199404 3.73926e-05 -1
0.00130574 -0.000731378 3.73213e-05 3.73663e-05 -1
0.00114047 -0.000407843 3.69919e-05 3.70511e-05 -1
-6.3998e-05 0.000160025 7.39749e-05 3.81159e-05 -1
0.00147794 0.000659411 9.05765e-05 3.98649e-05 -1
-0.000309571 -0.000220978 0.000348944 3.63892e-05 -1
-0.000106452 -0.000873906 9.85961e-05 3.81955e-05 -1
-0.000556698 -0.00146256 9.78272e-05 3.50581e-05 -1
-0.000212442 0.000282038 0.000384038 3.89458e-05 -1
0.000117475 0.000425473 0.000490949 3.54727e-05 -1
7.06074e-05 0.000110296 6.75645e-05 3.58384e-05 -1
0.00095791 -0.000657967 9.32084e-05 3.88597e-05 -1
-0.000412462 -1.86689e-05 0.000516434 3.89606e-05 -1
0.000859201 -0.000534152 0.000184256 3.91382e-05 -1
0.000130962 0.00155758 9.18615e-05 3.58712e-05 -1
-0.000501238 -0.000256175 0.000156193 3.67625e-05 -1
0.000649894 -8.64189e-05 0.000399836 3.8851e-05 -1
-0.000304274 0.000238121 3.9226e-05 3.93002e-05 -1
-0.000182019 -6.71146e-05 0.00058708 3.78815e-05 -1
0.000733863 0.000560888 3.73815e-05 3.75445e-05 -1
0.000916541 -0.000472909 0.000170015 3.86444e-05 -1
-0.000395033 0.000627054 0.00032082 3.75786e-05 -1
-0.000702731 -0.00084155 9.3727e-05 3.74634e-05 -1
-0.00139206 0.000476896 3.84684e-05 3.85464e-05 -1
-0.000973668 8.45205e-05 0.000293422 3.67394e-05 -1
-0.000103959 4.58711e-05 8.83625e-05 3.54495e-05 -1
-0.000133406 0.000126987 8.27768e-05 3.65925e-05 -1
-0.000671413 -0.00109502 0.00016591 3.77645e-05 -1
-2.3142e-05 0.000149839 0.000507595 3.5304e-05 -1
0.000873327 -0.000206663 0.000235625 3.89157e-05 -1
0.00107102 -0.000439229 0.000228806 3.54562e-05 -1
0.000793175 -0.0010951 3.52866e-05 3.53709e-05 -1
0.000280537 -0.000377004 0.000218083 3.80101e-05 -1
-0.000161348 0.00113861 0.000151034 3.69148e-05 -1
0.000555606 -0.000211973 0.000498305 3.90519e-05 -1
-0.000806988 -3.70936e-05 0.000292867 3.73576e-05 -1
-0.00105119 -0.000801917 0.00013435 3.56857e-05 -1
0.00026721 0.000228734 0.000222808 3.82471e-05 -1
0.000675468 0.000344484 0.000378026 3.66866e-05 -1
-0.000269341 0.000434348 3.62306e-05 3.64829e-05 -1
-0.000363875 -0.00109092 0.000121459 3.7907e-05 -1
0.000542719 -0.000613347 0.000237824 3.58358e-05 -1
-0.0010369 0.000814105 9.48594e-05 3.95669e-05 -1
0.00088104 -0.000311789 3.73797e-05 3.75318e-05 -1
-0.000153821 0.000478487 0.000291126 3.78427e-05 -1
-4.89676e-05 -0.000353418 9.96071e-05 3.92694e-05 -1
-0.000315788 0.000928335 0.000148053 3.56462e-05 -1
0.000607457 0.00155371 3.63276e-05 3.6372e-05 -1
-0.000192712 -0.000951296 0.000192127 3.66095e-05 -1
0.000551115 -1.20088e-05 3.73928e-05 3.74869e-05 -1
0.000282688 0.000653688 3.73673e-05 3.74003e-05 -1
-0.000676613 2.97366e-05 0.000364802 3.92553e-05 -1
0.00113458 0.00114782 3.56318e-05 3.5665e-05 -1
-0.00069086 -5.1559e-05 0.000447603 3.96695e-05 -1
-0.00063437 -0.00135972 9.83205e-05 3.80143e-05 -1
-6.26665e-05 0.000397394 0.000526627 3.90453e-05 -1
0.000393815 0.00132051 3.64241e-05 3.64622e-05 -1
-9.4972e-05 0.000344323 0.000200755 3.69449e-05 -1
0.000264377 2.08159e-05 0.000266162 3.64252e-05 -1
-0.000180692 0.000185078 9.31404e-05 3.90511e-05 -1
-0.000425512 -5.44235e-05 0.000150823 3.85487e-05 -1
0.00035382 0.000235789 0.000136294 3.80087e-05 -1
-0.000672434 -2.18951e-06 0.000237613 3.60836e-05 -1
0.000633614 -0.0012957 3.96447e-05 3.97027e-05 -1
0.000712159 -0.000239989 0.000326304 3.90315e-05 -1
0.000488558 0.00090777 0.000269925 3.64986e-05 -1
-0.000767131 0.00122584 3.87022e-05 3.874e-05 -1
-0.000713606 -0.000956224 0.000219882 3.93257e-05 -1
-0.00166965 0.000710345 3.49973e-05 3.50296e-05 -1
-0.00119056 -0.000827367 0.000144746 3.6286e-05 -1
-0.000854328 -0.000895696 7.99723e-05 3.60718e-05 -1
-0.00034444 0.000289736 0.000461558 3.5559e-05 -1
0.000559281 -0.000188227 3.55675e-05 3.57233e-05 -1
-0.000514532 -0.00024125 0.000352152 3.7548e-05 -1
0.000616315 0.000356767 0.000419061 3.6355e-05 -1
-0.00011562 -0.00104844 0.000102019 3.5175e-05 -1
-5.30601e-06 -7.4341e-05 0.000371677 3.72254e-05 -1
0.000886677 -0.00104721 0.000125591 3.74604e-05 -1
-0.000665204 -0.000131736 0.000253038 3.76397e-05 -1
-0.000758685 0.000860602 0.00013284 3.81697e-05 -1
-0.000133253 -0.000773008 0.00020395 3.83517e-05 -1
-0.000358102 -0.0012317 0.00014776 3.83478e-05 -1
-0.000144704 -0.000427911 0.00019343 3.99844e-05 -1
0.000976428 0.00055311 0.00016071 3.69957e-05 -1
-0.000490774 0.00077632 0.000229466 3.69219e-05 -1
-0.000309176 -0.000245134 0.000472843 3.63572e-05 -1
-0.000555881 0.000116013 0.000399905 3.75751e-05 -1
-3.60987e-05 0.000603471 0.000261602 3.78083e-05 -1
-0.000149763 -0.000887785 0.000205727 3.93802e-05 -1
0.000668585 -0.0011129 8.52404e-05 3.55652e-05 -1
6.54609e-05 0.000268411 0.000146866 3.81447e-05 -1
7.35781e-05 -0.000742331 0.000165663 3.85241e-05 -1
0.00101739 0.000434072 6.9789e-05 3.56852e-05 -1
0.000497167 -3.75396e-05 0.000505524 3.70057e-05 -1
-0.000528076 0.000353856 0.00035755 3.71634e-05 -1
-0.000978366 0.000610778 3.77884e-05 3.7883e-05 -1
5.22079e-05 -5.70322e-05 0.000324379 3.9318e-05 -1
-3.20629e-05 -0.001219 0.000164561 3.55982e-05 -1
-0.000515469 9.2896e-06 0.000481009 3.55181e-05 -1
5.66063e-05 0.000797014 7.83638e-05 3.58012e-05 -1
-0.000384006 7.69581e-05 0.000167314 3.83659e-05 -1
-0.000471419 -0.00147126 3.89976e-05 3.90716e-05 -1
0.000948488 0.00106673 3.60796e-05 3.61175e-05 -1
0.000118284 -0.000981332 0.000268875 3.7581e-05 -1
0.00024571 -4.01549e-05 0.000112246 3.61231e-05 -1
0.000183824 0.000107387 0.000622446 3.93192e-05 -1
8.27507e-05 -0.000879555 0.000101231 3.95635e-05 -1
0.000313652 -0.000407412 0.000328617 3.8728e-05 -1
-0.000148797 5.65937e-05 0.000277335 3.78622e-05 -1
-0.00154005 0.000713713 3.63087e-05 3.6349e-05 -1
0.00151414 0.000142564 3.61081e-05 3.61568e-05 -1
-0.000445132 0.000565027 0.000139337 3.87317e-05 -1
-0.000938901 0.000920078 0.000149613 3.74304e-05 -1
0.000248051 -0.000213436 0.000247245 3.71064e-05 -1
0.000986806 -0.00105028 9.79929e-05 3.86601e-05 -1
-0.000543597 5.92866e-06 9.02647e-05 3.85475e-05 -1
0.000424939 0.000283313 0.000340725 3.97794e-05 -1
0.000473221 0.00012967 9.77554e-05 3.78099e-05 -1
3.14346e-05 -0.000590819 0.000284349 3.6084e-05 -1
5.89198e-05 0.00117043 0.000216141 3.5639e-05 -1
0.000880001 -0.000127855 0.000110634 3.90875e-05 -1
-0.000798443 0.000440242 0.000329194 3.95219e-05 -1
-0.00118012 -0.00101622 3.95322e-05 3.95809e-05 -1
-0.000345927 -0.00054494 0.000256732 3.96458e-05 -1
0.000101503 0.000506495 0.000366353 3.72352e-05 -1
0.00100508 -0.000567056 0.000187717 3.69032e-05 -1
0.00136041 -0.000829215 3.52384e-05 3.52773e-05 -1
-9.57461e-06 0.00030464 0.000378638 3.58956e-05 -1
-0.000202916 0.000482038 0.000426531 3.76074e-05 -1
-0.000256049 6.62672e-05 0.000598228 3.80033e-05 -1
0.000487313 7.1138e-05 0.000370667 3.9427e-05 -1
-0.000213539 0.000739585 0.000307216 3.68307e-05 -1
-0.00184756 -0.000220557 3.57551e-05 3.57934e-05 -1
-0.000411417 -0.000736795 9.71605e-05 3.65399e-05 -1
0.00151322 -0.00024426 3.77118e-05 3.77647e-05 -1
-5.39933e-05 -0.000119251 0.0002472 3.71459e-05 -1
-0.000655758 -0.000395018 0.000188043 3.74791e-05 -1
0.000707955 0.000928265 0.000149454 3.56616e-05 -1
-0.00122221 -0.000973115 8.59048e-05 3.64605e-05 -1
-0.000307563 -0.000579312 0.00014327 3.92144e-05 -1
0.00104141 -1.3306e-05 0.000256689 3.81278e-05 -1
-0.000534456 -0.000500348 0.0003889 3.87299e-05 -1
0.000191083 0.000851455 0.000253524 3.71671e-05 -1
0.000562236 0.000557674 0.000120535 3.51664e-05 -1
0.000197565 -0.000687912 0.000279038 3.63615e-05 -1
0.000295239 0.000912382 8.82209e-05 3.74002e-05 -1
0.000450067 -0.000767503 0.000220559 3.78499e-05 -1
0.000414933 -0.00121743 0.000179564 3.63155e-05 -1
-0.00108611 -0.000431731 0.000137091 3.71501e-05 -1
0.000362246 -0.00136165 9.35178e-05 3.72427e-05 -1
-1.14577e-05 -0.000734065 0.000163 3.99137e-05 -1
-0.000619056 0.0012139 0.000106598 3.96246e-05 -1
0.000734043 -0.000212975 3.66809e-05 3.67377e-05 -1
0.00109566 -0.0012535 3.75553e-05 3.75908e-05 -1
0.000708389 -0.00153476 8.14054e-05 3.82463e-05 -1
0.000392912 0.000195633 0.00033045 3.88489e-05 -1
-0.000458193 -0.00105556 0.000221857 3.88587e-05 -1
0.000435355 0.000171784 0.000412018 3.98242e-05 -1
1.57735e-05 -0.00127119 0.000166392 3.52395e-05 -1
0.000111782 0.000815169 3.57805e-05 3.58082e-05 -1
-5.26652e-05 0.000968959 0.00029401 3.82416e-05 -1
0.00105819 0.000153492 0.000230753 3.75026e-05 -1
0.00046585 -0.000555847 0.000326985 3.77646e-05 -1
-3.28659e-05 0.00035585 0.000456902 3.79341e-05 -1
3.06598e-06 0.000623522 0.000200044 3.79475e-05 -1
7.15409e-05 0.000635264 0.000295938 3.54778e-05 -1
0.000483078 -0.000989959 0.000103101 3.8587e-05 -1
0.00113098 0.00107281 3.58344e-05 3.58722e-05 -1
0.000404854 -0.00117262 3.68475e-05 3.68849e-05 -1
-0.00020376 -0.000499535 0.000431068 3.59788e-05 -1
-0.000641756 -0.000193238 0.00015305 3.97625e-05 -1
-0.000368501 -0.00116619 0.000108772 3.86367e-05 -1
0.00112727 -0.000651606 3.7108e-05 3.71559e-05 -1
0.000829697 -0.000677327 3.55091e-05 3.56095e-05 -1
-1.29161e-05 -0.000156513 0.000688462 3.89627e-05 -1
8.51033e-05 0.000732414 0.000103351 3.9146e-05 -1
0.000185386 0.000418135 0.000142348 3.88384e-05 -1
0.000183456 -0.000625841 0.000147898 3.90406e-05 -1
0.000405473 0.0010721 0.00022536 3.96262e-05 -1
0.00143883 -0.000305472 9.54455e-05 3.72658e-05 -1
0.000394171 -0.000368353 0.000262854 3.92382e-05 -1
-0.000558627 -8.83219e-05 0.000154459 3.83807e-05 -1
-0.000198481 0.00021266 0.000406333 3.52883e-05 -1
0.000330063 0.0015905 3.7032e-05 3.70709e-05 -1
-0.000100004 -0.000716575 3.71904e-05 3.73114e-05 -1
3.6033e-05 0.000435493 3.66593e-05 3.66933e-05 -1
0.000421247 -0.000836404 0.000238325 3.62455e-05 -1
0.000736691 -0.00160714 3.67888e-05 3.6823e-05 -1
0.00120585 0.000466901 9.0504e-05 3.65283e-05 -1
0.00106575 0.000388158 3.81207e-05 3.82168e-05 -1
-0.000284403 -0.000581286 0.000217131 3.73124e-05 -1
-0.000236037 -3.44855e-05 0.00023511 3.61173e-05 -1
-0.000679043 0.00107006 0.000133432 3.76075e-05 -1
-0.000262494 0.000609441 0.000419433 3.91673e-05 -1
3.68756e-05 0.000938398 9.78356e-05 3.5679e-05 -1
-0.00110497 0.000597672 9.76247e-05 3.66204e-05 -1
-9.81004e-05 -0.000900762 0.000324357 3.85313e-05 -1
-2.58703e-05 0.000974128 0.000105776 3.70114e-05 -1
0.000478414 -0.000462985 0.00021481 3.85143e-05 -1
-0.000469597 -0.000739139 0.000140567 3.61215e-05 -1
0.00118272 -0.0003463 3.75956e-05 3.76277e-05 -1
0.000213234 -0.000268124 3.73796e-05 3.75279e-05 -1
0.000107418 -0.000776035 0.000226673 3.90322e-05 -1
0.000600793 -0.000416295 0.000161158 3.82513e-05 -1
-0.00023725 -0.00103823 3.77831e-05 3.78132e-05 -1
9.73927e-05 0.0010613 3.83983e-05 3.84676e-05 -1
0.00132129 -0.000461172 9.47412e-05 3.75603e-05 -1
0.00038644 0.000777887 0.000212465 3.59694e-05 -1
-0.000803167 0.000271696 0.000139736 3.65932e-05 -1
-0.000862767 -0.000968937 7.19892e-05 3.7028e-05 -1
0.00134109 -0.000974437 7.72445e-05 3.57184e-05 -1
0.000123532 -0.000815688 0.00036253 3.9453e-05 -1
-5.90038e-06 3.53233e-08 0.000254634 3.68487e-05 -1
7.36649e-05 0.000150819 0.000131405 3.92068e-05 -1
0.00040158 3.4101e-06 0.00032075 3.83555e-05 -1
-0.000364267 0.000568956 0.000253754 3.84753e-05 -1
0.000260481 -0.000554828 0.00043937 3.79712e-05 -1
0.000537717 0.000878924 0.000150171 3.74164e-05 -1
0.000352867 -0.00013675 0.000196633 3.85507e-05 -1
-0.000876372 -0.00023585 0.000204367 3.59738e-05 -1
0.00036695 0.000201848 0.000399648 3.5403e-05 -1
-0.000419576 -0.00168002 3.83863e-05 3.84189e-05 -1
0.000279216 -0.000300288 0.000224277 3.90284e-05 -1
-0.000104943 0.000184115 0.00055086 3.7157e-05 -1
-8.26011e-05 -0.00128948 0.000161512 3.51167e-05 -1
-0.000210194 0.000505784 0.000245473 3.97344e-05 -1
-0.000754431 1.18528e-05 0.000267288 3.88995e-05 -1
-0.000159336 0.000174304 0.000501768 3.68146e-05 -1
-8.60098e-05 0.00139453 3.99297e-05 3.9997e-05 -1
-0.000323309 0.00123477 9.89378e-05 3.65977e-05 -1
0.000131648 -0.00011819 0.000161055 3.7838e-05 -1
0.000853621 7.2069e-05 0.000273578 3.65124e-05 -1
0.000923538 -0.00136432 3.87702e-05 3.88067e-05 -1
-0.000341426 0.000649434 0.000175353 3.56086e-05 -1
-0.000751176 0.000128241 0.000202 3.68956e-05 -1
0.00135769 0.000419632 3.90922e-05 3.91545e-05 -1
-0.000467918 9.90821e-05 5.77312e-05 3.65578e-05 -1
-0.000432727 0.000573673 0.000227178 3.51472e-05 -1
0.000763728 -0.000388912 0.000236389 3.7934e-05 -1
-7.27829e-05 -0.00150208 3.50503e-05 3.50787e-05 -1
-1.84684e-05 -0.000187389 3.74266e-05 3.76258e-05 -1
0.000151978 0.000119782 0.000394823 3.70639e-05 -1
0.00150538 6.27845e-05 3.84859e-05 3.85239e-05 -1
0.00145192 0.000164608 9.61115e-05 3.52758e-05 -1
4.7222e-05 -0.0001058 0.000566532 3.94048e-05 -1
0.000289955 8.0687e-06 0.000400861 3.88965e-05 -1
-0.000621391 0.00149904 9.15278e-05 3.99074e-05 -1
0.000585696 -0.000443015 0.000276155 3.60264e-05 -1
0.000672991 -0.000202255 7.87292e-05 3.82301e-05 -1
0.000173418 -3.7712e-05 9.42515e-05 3.84635e-05 -1
-0.000155517 -0.000449185 0.000458718 3.71941e-05 -1
-0.00154632 -0.000555986 9.81569e-05 3.97736e-05 -1
0.00127684 -0.000331025 0.000102479 3.83453e-05 -1
-0.000453014 0.000323858 8.65261e-05 3.66162e-05 -1
-0.000760452 7.37379e-05 0.000152172 3.75976e-05 -1
1.37164e-05 1.51661e-05 0.000323839 3.66987e-05 -1
-0.00107101 0.000316736 0.000267351 3.70262e-05 -1
0.000594291 -0.00122521 3.67262e-05 3.67622e-05 -1
-0.000806226 -0.000422379 0.000216432 3.84315e-05 -1
0.000610109 0.000190236 0.00029451 3.9056e-05 -1
0.000249527 -0.00120235 0.000135841 3.75392e-05 -1
0.000946697 -2.84771e-05 9.33026e-05 3.99882e-05 -1
-0.000806793 0.000339544 0.000164106 3.56865e-05 -1
-0.000100825 -0.000591288 0.000421005 3.8144e-05 -1
-0.00072564 0.000188669 0.000358455 3.76567e-05 -1
-9.28363e-05 -0.000950056 0.000100208 3.589e-05 -1
0.000777322 -0.000624102 3.49923e-05 3.51047e-05 -1
-0.00145405 0.000618227 3.57748e-05 3.58152e-05 -1
0.000996655 0.000141061 3.81552e-05 3.82833e-05 -1
-4.77563e-05 -0.000126021 0.000406166 3.59285e-05 -1
0.000406349 -0.000980422 0.000158831 3.77656e-05 -1
-0.000504418 0.000437659 0.000369906 3.51541e-05 -1
-0.000641928 0.000410255 3.89727e-05 3.91813e-05 -1
0.000251095 -0.000421327 0.000138525 3.60751e-05 -1
-0.00132705 -0.000172173 0.000100092 3.55287e-05 -1
-0.00119896 -1.86677e-05 0.000119366 3.82053e-05 -1
-0.000346578 0.00141699 0.000150497 3.89542e-05 -1
-0.000116484 -0.000719732 0.000336052 3.76016e-05 -1
0.000150867 -0.000651196 8.25425e-05 3.83489e-05 -1
1.65724e-05 0.000103287 0.000643102 3.69717e-05 -1
0.00135919 7.60261e-05 0.000106882 3.95616e-05 -1
-0.000389053 -0.000687697 0.000408351 3.78849e-05 -1
-0.00130012 8.78559e-05 3.97259e-05 3.97655e-05 -1
0.00072571 -0.00105153 8.32001e-05 3.84698e-05 -1
0.000866653 0.00110207 3.97512e-05 3.98333e-05 -1
-0.00179531 0.00023251 3.64269e-05 3.6468e-05 -1
-0.00054754 -0.00149519 3.56963e-05 3.5738e-05 -1
-0.000731273 -0.000994133 9.95788e-05 3.51616e-05 -1
0.00140144 -0.000141141 9.91571e-05 3.54859e-05 -1
0.00131115 0.000138806 0.000103555 3.95978e-05 -1
8.52256e-05 0.000809798 0.00019149 3.98522e-05 -1
0.000483782 -0.000262142 0.00016864 3.54107e-05 -1
0.000169978 0.000171982 0.000120921 3.7052e-05 -1
-5.59226e-05 -0.00158023 3.69388e-05 3.7009e-05 -1
-0.000494889 -0.000586723 3.85181e-05 3.86133e-05 -1
0.000165639 0.00109616 0.000152912 3.96067e-05 -1
5.75418e-05 -0.000441042 0.000139822 3.84609e-05 -1
0.000943335 -0.000314398 0.00020837 3.9452e-05 -1
-0.000236875 0.00079333 0.000233067 3.67745e-05 -1
0.00140553 -0.000333501 3.62056e-05 3.62659e-05 -1
-0.001261 0.000289812 0.00016225 3.61922e-05 -1
0.000251572 0.000120584 0.000590093 3.68738e-05 -1
-0.00160435 3.47289e-05 8.10925e-05 3.62839e-05 -1
-0.000137658 -2.29748e-05 0.000474416 3.71928e-05 -1
6.1852e-05 -0.000780073 3.8224e-05 3.83743e-05 -1
-0.000357257 0.000408726 0.00031877 3.78199e-05 -1
-0.000434549 -0.00138442 0.000132458 3.98702e-05 -1
-0.000544104 -0.000471164 0.00028322 3.90161e-05 -1
0.00066547 -0.00135059 9.73513e-05 3.76919e-05 -1
0.00115109 -0.000850716 3.87245e-05 3.87765e-05 -1
-0.000343309 0.000631074 8.20407e-05 3.52011e-05 -1
-0.000756988 -0.00152274 7.81216e-05 3.87078e-05 -1
0.000690313 0.000553187 0.000274708 3.86469e-05 -1
0.000687807 -6.85191e-05 6.31276e-05 3.85041e-05 -1
3.26086e-05 -0.00087736 0.000158034 3.62912e-05 -1
0.000603277 1.55797e-05 0.000257556 3.9306e-05 -1
-0.000912617 4.70378e-05 0.000273683 3.75983e-05 -1
-0.000105949 -0.000405385 7.68426e-05 3.62213e-05 -1
-0.000509291 0.000455255 0.000177118 3.72214e-05 -1
-2.77673e-05 -0.000690911 0.000226026 3.82513e-05 -1
-0.00155656 -0.000809888 3.67989e-05 3.68353e-05 -1
0.000800078 -0.000856256 3.58908e-05 3.59345e-05 -1
0.00109969 -0.000512479 0.000208218 3.86166e-05 -1
0.000598996 -0.000585145 0.000285987 3.55102e-05 -1
-0.000770046 -0.000296776 0.000145436 3.67127e-05 -1
-0.000353175 0.00138824 3.57811e-05 3.58285e-05 -1
0.000368598 -0.00167866 3.62583e-05 3.6287e-05 -1
-0.000976348 0.000811627 3.71062e-05 3.71984e-05 -1
0.00027226 4.20454e-05 0.000581544 3.7667e-05 -1
-0.000173695 -0.000597473 0.000290895 3.91077e-05 -1
-0.000489688 0.000697127 0.000145398 3.9062e-05 -1
-8.4899e-05 4.7234e-05 0.000234405 3.97771e-05 -1
-0.000894816 0.000421685 0.000232389 3.87874e-05 -1
-0.000422759 -0.00145415 9.75541e-05 3.90107e-05 -1
-0.000503878 -0.00151839 8.9292e-05 3.71423e-05 -1
-0.000810502 -0.000756815 3.58259e-05 3.59529e-05 -1
0.000122625 -0.000196774 0.000330695 3.66024e-05 -1
0.000921351 -0.000162904 3.55672e-05 3.56717e-05 -1
0.000736489 -0.000417414 0.000108613 3.743e-05 -1
0.000402464 0.00156808 3.83635e-05 3.84035e-05 -1
4.34064e-05 0.000110276 0.00033848 3.79379e-05 -1
0.000397631 7.48901e-05 0.000404966 3.61421e-05 -1
-0.000512886 2.71693e-05 0.000353974 3.96456e-05 -1
0.000368437 -0.000430346 0.000382119 3.63278e-05 -1
0.000415591 0.000459595 0.000371665 3.63395e-05 -1
0.000397951 -0.000359329 0.000503424 3.95358e-05 -1
-0.000416032 0.000158511 0.000203421 3.64896e-05 -1
-1.5099e-05 -0.000541248 0.000317314 3.92987e-05 -1
0.000688866 -3.89908e-05 0.000352853 3.80561e-05 -1
-0.000968251 6.35322e-05 0.000192976 3.85944e-05 -1
0.000316952 0.000417837 3.84132e-05 3.86043e-05 -1
-0.00167734 -0.000181392 9.53571e-05 3.8177e-05 -1
-0.000535321 0.000563222 3.61538e-05 3.62721e-05 -1
3.25293e-05 -0.000565779 0.000100844 3.81381e-05 -1
0.000688823 -0.000761115 0.000275521 3.60456e-05 -1
-1.8866e-05 0.0010111 0.00024354 3.57165e-05 -1
-0.000511727 0.000966251 0.000159567 3.91761e-05 -1
0.00084181 5.31391e-05 0.000174038 3.66259e-05 -1
0.000784558 0.000297728 0.000146126 3.92105e-05 -1
-6.06751e-05 -3.00131e-06 0.000114879 3.50843e-05 -1
0.000443698 0.000848458 3.91487e-05 3.92848e-05 -1
0.00036209 0.00125231 3.87697e-05 3.8818e-05 -1
-0.000652909 -0.000296131 0.000265416 3.66021e-05 -1
-0.00167535 9.03519e-05 9.9775e-05 3.92652e-05 -1
0.000271336 -0.000746667 0.000281704 3.79595e-05 -1
0.000837764 -0.000538625 9.9423e-05 3.8841e-05 -1
-0.000472297 0.000670318 0.000340429 3.97516e-05 -1
0.000222757 0.000491026 0.000301359 3.61243e-05 -1
0.000337094 0.000115462 0.000194415 3.69982e-05 -1
-0.000262407 0.00134223 3.73812e-05 3.74302e-05 -1
0.000113387 -0.000703044 3.8991e-05 3.91395e-05 -1
-9.58228e-05 9.49421e-05 0.000560905 3.85933e-05 -1
0.00056183 0.00162383 3.61889e-05 3.62252e-05 -1
-0.000399278 0.000369325 0.000142911 3.80456e-05 -1
0.000833829 0.00032344 0.000319458 3.5261e-05 -1
-0.00145342 -0.00100883 3.98321e-05 3.98648e-05 -1
-0.00104221 4.01814e-05 0.000156383 3.7205e-05 -1
-0.000324217 -0.00116438 3.54569e-05 3.55173e-05 -1
0.000870749 -0.000362251 0.000106148 3.53973e-05 -1
0.000221569 -8.3579e-05 0.000319294 3.78098e-05 -1
0.000280643 -0.00105697 0.000156986 3.6017e-05 -1
-3.51935e-05 6.5744e-05 0.000600813 3.97112e-05 -1
-0.000396941 0.00142745 9.43405e-05 3.7243e-05 -1
-0.00087738 -0.00122493 9.0465e-05 3.70332e-05 -1
-0.00112114 0.000359341 3.6115e-05 3.61821e-05 -1
0.000806833 0.00105739 3.49612e-05 3.50189e-05 -1
-0.00046435 -0.00103351 9.74748e-05 3.59591e-05 -1
-0.000133286 0.000511505 3.57995e-05 3.5845e-05 -1
-0.000243167 0.000929736 0.000259414 3.64015e-05 -1
-0.000123974 0.000449879 7.4567e-05 3.76e-05 -1
-0.00118961 0.000960119 9.92715e-05 3.67561e-05 -1
-3.35616e-05 -0.00140607 0.000152677 3.61595e-05 -1
0.00050169 -0.000396041 0.000169452 3.69816e-05 -1
0.000713693 -1.24877e-05 0.000111168 3.82622e-05 -1
0.000854076 0.000868183 0.000159204 3.84914e-05 -1
0.000494865 0.000982263 3.76613e-05 3.77269e-05 -1
-0.00103797 0.000292774 0.000197725 3.97641e-05 -1
-0.00112502 -0.000676253 0.000174755 3.72922e-05 -1
0.000859 0.000420583 0.00016234 3.70382e-05 -1
-0.000207126 -0.00121682 0.000180343 3.706e-05 -1
-0.000164996 0.000769829 0.000160192 3.73028e-05 -1
-0.00123754 -0.000349772 0.000196121 3.83162e-05 -1
-0.000870212 8.6515e-05 0.000323705 3.89797e-05 -1
-0.000850204 -0.00143547 3.55226e-05 3.55604e-05 -1
0.000297357 -0.00109872 0.000101166 3.57392e-05 -1
0.000764699 0.000199951 3.61524e-05 3.62307e-05 -1
0.000167633 -0.00104493 0.000275182 3.80853e-05 -1
0.00101204 0.000160015 0.000156093 3.82399e-05 -1
-0.000109957 -0.000174312 8.04026e-05 3.62699e-05 -1
0.000287915 -0.000513356 0.000384293 3.62586e-05 -1
5.68716e-05 0.00101276 0.000217334 3.91677e-05 -1
-0.00132177 0.000410576 0.000107197 3.61775e-05 -1
-0.000925973 -0.000525949 0.000256565 3.6953e-05 -1
-0.000583125 -0.000161023 0.000288319 3.77526e-05 -1
-0.000233763 -0.000341921 0.000530123 3.95395e-05 -1
-4.38814e-05 -2.83275e-06 0.000187953 3.99924e-05 -1
0.000450861 0.000486997 0.000315747 3.53007e-05 -1
-0.000184124 3.49934e-05 0.000132727 3.81603e-05 -1
0.000495623 0.00038428 0.000162743 3.76321e-05 -1
0.000210305 7.86508e-05 3.56851e-05 3.57406e-05 -1
0.000376105 -1.29736e-05 0.000107216 3.5706e-05 -1
-0.000212281 0.000107013 0.000161922 3.99442e-05 -1
0.00032254 -0.000219327 0.000224279 3.58308e-05 -1
-0.00146023 -0.000560817 0.000106035 3.64316e-05 -1
0.000316646 -0.00133869 0.000147963 3.65906e-05 -1
-0.00131746 0.00108723 3.68167e-05 3.68494e-05 -1
0.000322261 0.000966358 3.65671e-05 3.66001e-05 -1
0.000942895 -0.000781626 3.71637e-05 3.72313e-05 -1
-0.000553947 -0.000832385 7.77391e-05 3.59349e-05 -1
-0.000367712 0.000159194 0.000279017 3.61509e-05 -1
9.12613e-05 -0.000931945 0.000164988 3.66351e-05 -1
0.000477246 0.000889187 0.000108461 3.6806e-05 -1
0.00110253 0.000642796 3.65198e-05 3.6612e-05 -1
-0.000666127 0.00147462 3.56727e-05 3.57197e-05 -1
0.000169508 0.000319526 0.000134952 3.97377e-05 -1
0.000868882 -0.000136209 0.000263331 3.69309e-05 -1
-0.000244354 0.00100062 0.000236434 3.81423e-05 -1
0.000214979 -0.00156848 3.66628e-05 3.67233e-05 -1
8.26225e-05 0.00155064 3.73126e-05 3.73579e-05 -1
-0.000514301 0.0011999 8.96701e-05 3.69971e-05 -1
-8.37529e-06 0.000400191 0.000335243 3.64563e-05 -1
0.000802194 0.000694264 3.69993e-05 3.70285e-05 -1
-4.8354e-05 0.000820229 9.24299e-05 3.80573e-05 -1
-0.000687619 8.93732e-05 0.000158461 3.72473e-05 -1
-0.00123677 0.000811559 0.000100035 3.91145e-05 -1
-0.00014943 -0.000108701 0.000164308 3.72056e-05 -1
7.34751e-05 -7.91945e-05 0.000674927 3.53967e-05 -1
-8.35004e-05 0.000273852 0.0001839 3.64812e-05 -1
0.000119049 0.000438864 3.5951e-05 3.60171e-05 -1
0.00100316 -0.000823298 6.98039e-05 3.72884e-05 -1
0.000812285 0.000541511 3.70129e-05 3.70678e-05 -1
0.00014049 -0.000527051 3.84173e-05 3.84979e-05 -1
0.000657111 -0.000410671 0.000356495 3.73283e-05 -1
-0.000110241 -0.000234935 0.000496086 3.70126e-05 -1
0.00104737 -0.000664597 3.90582e-05 3.9127e-05 -1
0.000229309 0.000266659 0.000646096 3.56773e-05 -1
-0.000264225 0.000649055 0.000262245 3.71297e-05 -1
0.000841188 0.000489951 0.000180661 3.69414e-05 -1
-0.00142543 -0.000315299 3.95294e-05 3.95889e-05 -1
-0.000133528 0.000272526 0.000236018 3.58502e-05 -1
-0.000275393 0.000690948 0.000324186 3.70862e-05 -1
0.000147282 -0.00052753 0.000160804 3.64463e-05 -1
0.00100381 -0.000169498 9.62373e-05 3.68494e-05 -1
-0.000715333 -0.000616921 0.000127023 3.75868e-05 -1
-0.000251843 -0.000332947 3.70297e-05 3.70868e-05 -1
0.000678989 0.000484015 0.000309894 3.96325e-05 -1
0.000302856 0.000135751 0.000537042 3.84736e-05 -1
0.000415897 0.000204501 9.22717e-05 3.88103e-05 -1
1.20834e-05 0.00151569 3.76059e-05 3.76577e-05 -1
-0.000297316 0.0012053 0.000163812 3.92812e-05 -1
-0.00167782 1.13212e-05 9.58826e-05 3.59512e-05 -1
5.98363e-07 -6.49815e-05 0.000518032 3.92033e-05 -1
-0.000208491 0.00120383 0.000161781 3.79181e-05 -1
0.000111794 -0.000842287 3.55846e-05 3.56121e-05 -1
-0.00152964 0.000892819 9.53561e-05 3.90611e-05 -1
0.00144949 0.000602367 3.91243e-05 3.91582e-05 -1
-0.000195699 -0.000831592 0.000293436 3.68912e-05 -1
-0.000651914 -0.000382021 4.12795e-05 3.84831e-05 -1
0.000366649 0.0011357 0.000200082 3.90717e-05 -1
0.000217114 -0.000797247 0.000164922 3.52109e-05 -1
-0.00107039 0.000361944 0.000176526 3.95342e-05 -1
-0.000826275 0.000315337 0.000341098 3.74813e-05 -1
-0.00075256 0.000777693 8.54986e-05 3.83061e-05 -1
-0.0015801 0.00061863 7.37382e-05 3.80114e-05 -1
-0.0014186 1.83198e-05 3.7716e-05 3.77755e-05 -1
0.000679837 0.001292 9.51244e-05 3.61061e-05 -1
-0.000710298 -0.00106799 0.000106052 3.8584e-05 -1
-0.000112778 0.000456938 0.000527453 3.881e-05 -1
-0.000632243 -0.000309383 6.99075e-05 3.73708e-05 -1
0.000929656 0.000673134 0.00021155 3.77839e-05 -1
-0.00110918 0.000878539 3.73797e-05 3.74356e-05 -1
0.000776639 -0.000534715 0.000146144 3.82233e-05 -1
0.00019915 0.000527603 0.000360604 3.73761e-05 -1
0.000817647 0.000903115 0.000100778 3.877e-05 -1
-3.56882e-05 -0.000486627 0.000385359 3.68999e-05 -1
-0.00128265 -0.000619265 0.000130404 3.70998e-05 -1
-0.000861742 -0.00030134 0.00030537 3.75398e-05 -1
-0.000842139 0.000607314 3.68582e-05 3.68899e-05 -1
-0.000330986 -0.000510292 0.000121032 3.70538e-05 -1
0.000212793 -0.000391089 0.00047078 3.93438e-05 -1
-0.00102062 -0.000395022 0.000138683 3.67723e-05 -1
-0.000128172 -0.000221486 0.000565355 3.58578e-05 -1
8.1811e-05 -0.000280791 8.73014e-05 3.80403e-05 -1
5.75832e-05 0.000304763 3.54833e-05 3.55137e-05 -1
-0.000399842 -0.000826516 0.000145939 3.86083e-05 -1
0.000104364 0.000865572 0.000145216 3.51582e-05 -1
0.000708193 -0.000742304 0.000206518 3.81023e-05 -1
-0.00128014 -0.00118199 8.70079e-05 3.84917e-05 -1
6.56998e-05 7.36886e-05 0.000131752 3.8361e-05 -1
0.0013455 0.000185925 0.000157266 3.96986e-05 -1
0.000851696 0.000795924 0.000141719 3.59041e-05 -1
0.000369654 -0.000671038 0.000373017 3.9179e-05 -1
-0.000649338 7.87509e-05 3.74356e-05 3.74867e-05 -1
-0.000782535 0.00063286 0.000254304 3.82723e-05 -1
0.000854126 -0.0015165 3.83363e-05 3.83768e-05 -1
0.000290333 -0.00100688 0.000103454 3.7821e-05 -1
0.000572211 3.1277e-05 9.42454e-05 3.7048e-05 -1
-0.000925983 -0.00149231 3.53772e-05 3.54045e-05 -1
-0.000853135 0.000594282 0.000149646 3.77322e-05 -1
-0.000695143 -1.8503e-05 0.000306728 3.85481e-05 -1
-3.6224e-05 0.000222373 0.000106953 3.76976e-05 -1
0.000894249 0.000105307 0.000175285 3.73806e-05 -1
0.0011784 -0.000428567 0.000141276 3.8308e-05 -1
-8.51986e-05 -0.000717176 0.000182773 3.833e-05 -1
-0.000175588 -0.000633347 9.96568e-05 3.91296e-05 -1
-0.000557976 -0.000724713 3.78536e-05 3.79383e-05 -1
0.000690186 0.000114373 9.57335e-05 3.51178e-05 -1
0.000300502 0.000911552 0.000171975 3.82888e-05 -1
0.000470556 -0.00131696 3.8455e-05 3.85339e-05 -1
0.00106385 -0.0010401 9.70571e-05 3.90819e-05 -1
-0.000766308 -0.000486054 0.0002599 3.62165e-05 -1
0.000197966 1.01105e-05 0.000433064 3.76099e-05 -1
0.000658235 0.00156989 9.01432e-05 3.93872e-05 -1
0.000403476 -0.000604613 0.000215091 3.62607e-05 -1
0.00121659 0.000832693 0.00010403 3.93926e-05 -1
0.000222398 -0.000424562 0.00036159 3.99939e-05 -1
-0.00117388 -0.000918916 0.000105948 3.88853e-05 -1
0.000118661 -0.00034693 0.000477337 3.61429e-05 -1
-0.000963438 -0.00140316 3.78903e-05 3.79261e-05 -1
-0.00109294 -0.000269122 0.000172227 3.51845e-05 -1
-0.000370328 -0.000335571 0.000297453 3.76286e-05 -1
0.00150884 -0.000478316 3.70965e-05 3.71322e-05 -1
-0.000736787 -0.000272017 0.000323833 3.73759e-05 -1
-0.000256146 -0.00013652 0.000506431 3.78641e-05 -1
-0.000148238 0.000334568 0.000146013 3.69133e-05 -1
7.87385e-05 0.00014875 0.000525965 3.77419e-05 -1
-0.000856416 -0.00015113 9.67161e-05 3.99058e-05 -1
-0.00112353 -0.000264218 7.55251e-05 3.75621e-05 -1
0.000490742 0.000863643 0.000204418 3.60022e-05 -1
-0.000792448 0.000550018 0.000249571 3.82538e-05 -1
-1.37893e-05 -0.00101315 0.000309776 3.55964e-05 -1
0.000375555 -0.000592637 3.6045e-05 3.6175e-05 -1
0.00122711 -0.000865644 3.86691e-05 3.87097e-05 -1
0.000975784 -0.00013579 0.000339528 3.8412e-05 -1
0.000695839 -0.000515961 0.000278493 3.81083e-05 -1
0.000671949 -0.000810648 7.72005e-05 3.80678e-05 -1
0.000617569 0.000120885 0.000453597 3.71921e-05 -1
-0.00144755 0.000178455 0.000149037 3.8367e-05 -1
0.000538295 9.3549e-05 0.000315259 3.9197e-05 -1
-0.000450884 0.000300487 0.000399797 3.62661e-05 -1
0.000840292 -0.00144363 3.58218e-05 3.58498e-05 -1
-0.000992251 -6.00306e-05 0.000268241 3.67228e-05 -1
-0.000800186 -0.000546072 0.000236013 3.67239e-05 -1
0.0005686 0.000179421 3.66281e-05 3.67056e-05 -1
-0.000199092 0.000245251 0.000260598 3.84764e-05 -1
-0.000947248 -0.00113533 0.000102078 3.87363e-05 -1
-0.00072869 0.00101361 0.000101886 3.87735e-05 -1
0.000523151 0.00112118 8.80777e-05 3.94616e-05 -1
0.000251154 -0.000368683 0.000407583 3.79229e-05 -1
-0.00106781 6.19792e-05 3.81844e-05 3.8254e-05 -1
-0.000174978 -0.000477887 0.000243674 3.68495e-05 -1
0.00134842 0.000512783 3.66324e-05 3.66841e-05 -1
-0.00102294 0.0007486 3.82881e-05 3.83303e-05 -1
9.84127e-05 -4.66644e-05 9.93578e-05 3.73066e-05 -1
-0.000565575 -0.00123915 9.17325e-05 3.84586e-05 -1
0.000203473 0.000996136 3.86005e-05 3.86674e-05 -1
-0.000283479 -0.000514015 0.000381141 3.70863e-05 -1
-6.66605e-06 -0.000197935 0.000574533 3.52455e-05 -1
-0.00111294 0.000830521 9.5616e-05 3.8214e-05 -1
0.000402337 0.00012241 0.000462798 3.83641e-05 -1
6.66666e-05 -0.00168503 9.37062e-05 3.80619e-05 -1
-0.000348286 0.00117976 0.000211648 3.51701e-05 -1
-0.000301974 -0.000173555 0.000460996 3.65628e-05 -1
-0.000244734 0.000519619 0.000313232 3.7634e-05 -1
9.60166e-05 0.000985022 9.8001e-05 3.62775e-05 -1
-0.00020254 -0.00102183 0.00018113 3.54906e-05 -1
-0.000201389 0.000447169 0.000509944 3.88169e-05 -1
-0.000525897 0.000334968 0.000149997 3.80326e-05 -1
0.000104997 4.53591e-05 7.18179e-05 3.71832e-05 -1
0.000271937 -0.00145335 9.40998e-05 3.56837e-05 -1
0.0010054 0.000878116 0.000154314 3.59296e-05 -1
0.000752354 0.000489997 5.75189e-05 3.85044e-05 -1
0.000492783 0.00160213 3.61262e-05 3.61613e-05 -1
0.000638986 0.000162457 3.56364e-05 3.57322e-05 -1
-0.0007188 -0.000284234 9.55382e-05 3.60196e-05 -1
-0.00112604 0.000490438 8.9898e-05 3.68388e-05 -1
0.00130951 0.000515936 9.93897e-05 3.7269e-05 -1
-0.000330452 0.000558361 0.000102084 3.85614e-05 -1
-0.000866448 0.00144422 3.7403e-05 3.74331e-05 -1
0.00047005 0.00132636 3.71157e-05 3.71775e-05 -1
0.000257479 0.00132799 8.57463e-05 3.71715e-05 -1
0.000101364 0.000596817 0.000164616 3.64053e-05 -1
-0.00016952 -0.000317533 0.000479891 3.89547e-05 -1
0.000644943 0.00105647 0.000171914 3.79969e-05 -1
-0.000220642 0.000248534 0.000111127 3.81083e-05 -1
-0.00092412 -0.000427477 9.53662e-05 3.91444e-05 -1
0.000438722 -0.00143575 0.000113611 3.65533e-05 -1
-0.00050086 0.00137397 3.8667e-05 3.8719e-05 -1
0.000886986 0.00050633 3.72978e-05 3.74082e-05 -1
0.000547236 -0.0013469 7.22412e-05 3.96647e-05 -1
0.000514522 0.00165332 8.44232e-05 3.75088e-05 -1
-0.000544561 -0.000110871 0.000390588 3.99103e-05 -1
-0.000408795 0.00104663 0.000224055 3.6567e-05 -1
0.00101916 -0.000390405 0.000214003 3.73106e-05 -1
0.000669538 -0.000586341 0.000264124 3.8397e-05 -1
-0.000615637 -6.71888e-05 0.000445518 3.68975e-05 -1
-0.00117066 -0.000335014 0.000101061 3.60868e-05 -1
2.64066e-05 0.00169856 3.53573e-05 3.53921e-05 -1
-0.000232712 0.000793449 3.72052e-05 3.73528e-05 -1
-0.000306795 0.000420972 0.000514286 3.66258e-05 -1
-0.000113012 0.000174875 0.000327065 3.75349e-05 -1
0.00110089 0.000560707 0.000152639 3.69011e-05 -1
-0.00101624 0.00070926 0.000179204 3.68899e-05 -1
-4.08954e-05 -0.00028562 0.000138105 3.91937e-05 -1
-6.27187e-05 -0.00048641 0.000208687 3.94712e-05 -1
0.000197151 -0.000758744 0.000255206 3.83249e-05 -1
0.00115081 0.00050734 3.85495e-05 3.86037e-05 -1
0.00141612 -0.000167367 3.51648e-05 3.52464e-05 -1
-0.000599979 -0.000614265 0.000219842 3.75625e-05 -1
0.000497846 0.00100392 0.000166089 3.59521e-05 -1
0.000284214 2.64772e-05 0.000479961 3.8921e-05 -1
-0.000855983 -0.00072086 0.000226432 3.62053e-05 -1
-0.000239284 0.000542978 0.000444656 3.56726e-05 -1
0.000563467 -0.000761912 0.000319103 3.93146e-05 -1
-0.000218297 -0.000499367 3.84223e-05 3.85164e-05 -1
0.000752407 -0.000166339 0.000100002 3.87559e-05 -1
0.000376434 -0.000929327 3.83436e-05 3.83864e-05 -1
-0.0012991 0.000264605 0.000102369 3.91569e-05 -1
0.000494835 -0.00112507 3.82862e-05 3.83501e-05 -1
-0.00185855 -4.7359e-06 3.76971e-05 3.77302e-05 -1
0.000634624 0.00114559 3.87638e-05 3.88161e-05 -1
2.53293e-05 -0.000461171 0.000469457 3.62051e-05 -1
-0.000483342 -0.000102783 0.000148109 3.69461e-05 -1
0.00125508 -0.000200484 0.000156029 3.89728e-05 -1
0.000385225 0.000376712 0.000482036 3.94973e-05 -1
-0.00052786 -0.00129824 3.80951e-05 3.81256e-05 -1
-0.000861487 0.000201588 3.6852e-05 3.70531e-05 -1
0.000518797 -0.000147424 0.000314492 3.78521e-05 -1
-0.00138353 0.000373508 9.71571e-05 3.65755e-05 -1
-1.6036e-06 -0.00148852 3.62817e-05 3.63451e-05 -1
-0.000722712 0.000528467 0.000267433 3.62147e-05 -1
-0.00160553 -0.000455114 3.64314e-05 3.64636e-05 -1
-0.000271032 0.000225734 0.000227464 3.78003e-05 -1
0.000480784 -0.000111061 0.000513964 3.88158e-05 -1
5.92382e-05 -2.89327e-05 0.00055523 3.90773e-05 -1
-1.03344e-05 6.74544e-05 0.000373245 3.91785e-05 -1
-0.000343455 -3.49479e-05 3.90195e-05 3.92606e-05 -1
0.000245674 -0.00140311 3.50822e-05 3.51091e-05 -1
0.000658969 -0.000735008 0.000147183 3.56691e-05 -1
-0.00019768 0.000476057 0.000352059 3.7353e-05 -1
-0.000191302 -0.000255415 0.000262247 3.61702e-05 -1
-3.84881e-06 0.000430188 0.000560729 3.64064e-05 -1
-0.00043802 -0.000964973 9.91933e-05 3.75705e-05 -1
0.00110878 -0.0011747 3.94845e-05 3.95122e-05 -1
0.000416804 -0.000510376 0.000218818 3.88066e-05 -1
0.000824804 0.000740336 0.00017894 3.62322e-05 -1
0.000919698 3.54098e-05 0.000190321 3.85641e-05 -1
0.000578401 -0.00157662 3.61063e-05 3.61538e-05 -1
5.59926e-05 0.000242182 0.000454243 3.83958e-05 -1
0.000141389 0.000401677 0.000557058 3.74252e-05 -1
0.000630899 0.000980539 0.000159416 3.60659e-05 -1
0.000310136 0.00131041 0.000135276 3.72537e-05 -1
-0.000703474 1.7796e-05 0.000109913 3.60104e-05 -1
0.000765685 -0.000900031 0.000215405 3.91951e-05 -1
-9.97979e-05 0.000904466 0.000150212 3.84263e-05 -1
0.00110473 -7.24088e-05 0.000159489 3.74308e-05 -1
6.75458e-05 -0.000342948 0.000332657 3.70124e-05 -1
-0.00104868 0.000339319 3.73363e-05 3.74154e-05 -1
0.000655938 -3.76962e-05 0.000282475 3.96962e-05 -1
0.000364732 -0.000234771 0.000297157 3.88608e-05 -1
-0.000318507 0.00102036 0.00026673 3.73267e-05 -1
0.000815074 -0.000797714 0.00022295 3.57658e-05 -1
-0.00134668 0.000317252 3.84457e-05 3.84766e-05 -1
0.00072913 0.00148677 8.10876e-05 3.88879e-05 -1
-0.00112208 -2.58231e-05 0.000213938 3.70294e-05 -1
-0.000219499 0.00121695 3.8076e-05 3.8141e-05 -1
0.00139294 -0.000391578 7.71017e-05 3.58849e-05 -1
0.000515688 0.000730932 0.000207298 3.69575e-05 -1
0.000677537 0.000496683 3.8811e-05 3.89379e-05 -1
0.000428524 -0.000288025 0.000502836 3.80576e-05 -1
-0.000781554 -0.0010474 0.000122854 3.75144e-05 -1
-0.000198525 0.00129714 3.84637e-05 3.84947e-05 -1
-0.00129849 0.000567118 3.93647e-05 3.94275e-05 -1
0.000659453 -0.000458645 0.000242612 3.58198e-05 -1
-0.00137562 9.42762e-05 3.60773e-05 3.61084e-05 -1
0.00110489 -0.00037915 0.000193706 3.63272e-05 -1
-7.87169e-05 -0.00141436 9.80273e-05 3.52395e-05 -1
-0.000302344 -0.000949643 0.000230608 3.64631e-05 -1
-5.26649e-05 0.0009069 9.1697e-05 3.67711e-05 -1
-0.00115962 0.000728959 0.000152441 3.65458e-05 -1
-0.000887656 0.000621242 9.13059e-05 3.52517e-05 -1
0.00119608 0.000177332 0.000109371 3.65509e-05 -1
-0.0011567 -0.000327277 0.000175151 3.97529e-05 -1
0.000361668 0.00113992 0.000124024 3.72772e-05 -1
0.00148701 -0.000164262 3.56842e-05 3.57245e-05 -1
0.000160607 -0.000944778 0.000145646 3.65361e-05 -1
1.51077e-05 0.000581106 3.80449e-05 3.82244e-05 -1
-0.00010573 0.000206144 0.000178742 3.50621e-05 -1
0.000151006 -0.000403884 0.000241105 3.80021e-05 -1
-0.000578602 0.000529484 9.60767e-05 3.64552e-05 -1
-8.55684e-05 -0.00111295 0.000234289 3.55014e-05 -1
0.00154596 0.000530628 3.64996e-05 3.65321e-05 -1
0.000671292 -0.000883252 0.000231512 3.65351e-05 -1
-2.94756e-05 -0.000610053 0.000444123 3.61292e-05 -1
0.000225453 -0.000131341 0.000443049 3.7259e-05 -1
0.000986073 0.00119202 8.37962e-05 3.5974e-05 -1
0.00138947 -0.000253048 0.000121018 3.91552e-05 -1
0.000416978 0.000256591 3.70568e-05 3.71511e-05 -1
-0.000485423 -0.0011719 0.00018776 3.75889e-05 -1
0.000572236 -5.33631e-05 0.000238211 3.88095e-05 -1
-9.63438e-06 -0.000408856 0.000525438 3.60621e-05 -1
-3.12816e-05 0.000192319 0.000441239 3.80583e-05 -1
0.000246693 0.000594153 0.000236125 3.57647e-05 -1
-0.000457416 0.000844097 0.000219598 3.79928e-05 -1
0.000864425 0.000712511 0.000239693 3.82111e-05 -1
0.000140691 2.45559e-05 0.000334835 3.57967e-05 -1
0.000570482 0.000124701 0.000397311 3.63088e-05 -1
-0.00112311 0.000137438 5.27362e-05 3.68364e-05 -1
-0.00046875 -0.00088123 9.91224e-05 3.89795e-05 -1
-0.00018918 0.000877369 0.000266654 3.80517e-05 -1
0.0002914 -0.00156317 3.99253e-05 3.99786e-05 -1
-0.000687688 0.000194208 8.60453e-05 3.7704e-05 -1
0.000293383 -0.000110026 0.000312851 3.90085e-05 -1
0.00061245 0.000498173 0.000275735 3.65083e-05 -1
-0.00100664 -0.00061897 9.85268e-05 3.86532e-05 -1
-2.28395e-05 -0.000268248 0.000417881 3.81787e-05 -1
0.000953996 0.000724877 0.00015911 3.98219e-05 -1
-0.000678369 0.000802235 9.5273e-05 3.79964e-05 -1
-0.000305276 -0.000742123 8.41892e-05 3.53806e-05 -1
0.000106221 -0.000399389 0.000180537 3.75258e-05 -1
-0.00157496 0.000867545 3.81498e-05 3.81947e-05 -1
-0.000738763 -0.0012131 3.70774e-05 3.71271e-05 -1
0.000346231 5.13849e-05 0.000623726 3.60594e-05 -1
0.00117764 0.000240286 3.90214e-05 3.90601e-05 -1
-0.000381485 -0.000281611 0.000155082 3.5903e-05 -1
-7.48342e-05 7.05895e-05 0.000690583 3.85754e-05 -1
-0.000711138 0.00117277 3.83132e-05 3.83812e-05 -1
0.00101782 0.000367189 0.000211564 3.80953e-05 -1
-5.57131e-05 0.000617496 0.000151614 3.67991e-05 -1
-0.000154648 -0.000194162 0.00025133 3.58321e-05 -1
-6.11224e-05 -0.000344702 0.000248978 3.86699e-05 -1
0.0010975 -0.000892632 0.000100646 3.73405e-05 -1
0.000795204 -0.000784093 0.000101661 3.75466e-05 -1
-2.95308e-05 0.000712982 0.000366486 3.72237e-05 -1
0.000576918 0.000565303 0.000371118 3.81536e-05 -1
-0.000127441 0.000689708 0.000237571 3.74888e-05 -1
0.000118648 9.51313e-05 0.000332003 3.8228e-05 -1
-0.00110493 0.000170948 0.000160772 3.89093e-05 -1
-0.000188566 0.000422183 0.00010724 3.996e-05 -1
-0.000737088 -0.000460713 3.8004e-05 3.80378e-05 -1
0.000828214 -5.90365e-05 3.68014e-05 3.68951e-05 -1
-0.000917948 0.00065723 3.67601e-05 3.68092e-05 -1
0.000887654 0.000233067 0.000142152 3.75117e-05 -1
-0.00113287 -0.000998462 9.51774e-05 3.55705e-05 -1
0.000234015 -0.00047419 0.000418212 3.50687e-05 -1
-0.00127195 0.000445319 6.06868e-05 3.58172e-05 -1
-0.0010189 0.00077893 0.000158939 3.57497e-05 -1
-0.000426275 0.00138991 3.71535e-05 3.72167e-05 -1
-0.000207026 -9.95088e-05 0.000374315 3.76599e-05 -1
0.000483251 0.000710761 3.72098e-05 3.73145e-05 -1
0.000689459 -0.00122371 0.000144613 3.62642e-05 -1
0.000397318 -2.67034e-05 3.7395e-05 3.74642e-05 -1
4.276e-05 -0.00100909 0.00026428 3.71283e-05 -1
0.000320278 -0.000135478 0.000602852 3.75723e-05 -1
-0.00175338 -6.91292e-05 3.86973e-05 3.8738e-05 -1
-0.000302168 0.000229382 0.000477481 3.88903e-05 -1
-0.000267503 0.000445437 0.000109874 3.81588e-05 -1
-0.000904748 -0.000141215 3.72936e-05 3.73929e-05 -1
-0.000379312 -0.00152666 3.5902e-05 3.59502e-05 -1
0.000407292 -0.00137946 0.000151191 3.80904e-05 -1
0.00137625 0.000644656 8.62719e-05 3.87238e-05 -1
-0.000360673 -0.000719508 0.000345241 3.83e-05 -1
0.00057374 0.000339265 0.000102077 3.71085e-05 -1
-0.00153 -5.99158e-05 3.70133e-05 3.70769e-05 -1
-0.000317395 0.000863268 0.000329445 3.50607e-05 -1
0.000931923 -0.000182858 0.000104332 3.68139e-05 -1
-0.000701107 0.00126076 3.59903e-05 3.60481e-05 -1
-0.00021916 -0.000650465 0.00016109 3.81371e-05 -1
-0.00101288 -5.67155e-05 9.14477e-05 3.96545e-05 -1
0.00111052 -0.000395542 0.000103577 3.70345e-05 -1
-0.000358855 -0.00134224 0.000150103 3.82904e-05 -1
0.00106654 -0.000402288 3.7114e-05 3.7126e-05 -1
-0.000952762 0.000133332 8.61778e-05 3.77774e-05 -1
0.0003398 0.000119239 3.64685e-05 3.65026e-05 -1
0.000295131 -0.000439975 0.000396017 3.84639e-05 -1
0.000312178 0.000166119 0.000252354 3.51516e-05 -1
-0.000806932 -0.000867408 0.00013191 3.65599e-05 -1
-0.000382413 0.000337349 0.00021187 3.99596e-05 -1
-0.00084535 0.000872576 3.51692e-05 3.52707e-05 -1
0.000154616 -0.00019694 0.00051703 3.74681e-05 -1
-0.000855645 -0.000307191 0.000220225 3.55542e-05 -1
-0.000700628 -0.000229552 0.000371404 3.59799e-05 -1
0.000614139 -0.00106458 7.97645e-05 3.74767e-05 -1
0.000126001 -9.92488e-05 0.000545987 3.69417e-05 -1
-0.000414787 0.00151652 8.46751e-05 3.61419e-05 -1
-3.73437e-05 7.59625e-05 0.00051228 3.98145e-05 -1
0.00125336 -0.00101788 3.55775e-05 3.56077e-05 -1
-2.77949e-05 -0.00108047 0.000201197 3.72558e-05 -1
-0.000368259 0.00110376 9.95271e-05 3.66131e-05 -1
0.000954571 -0.000296826 3.49333e-05 3.5031e-05 -1
0.000232764 0.000997844 0.000174695 3.99154e-05 -1
9.40044e-05 0.000397743 0.000241066 3.81156e-05 -1
0.001288 -0.000597086 0.000135292 3.90369e-05 -1
-0.000500753 -2.33134e-05 3.62649e-05 3.64335e-05 -1
-0.000730352 -5.4127e-05 0.00036102 3.5333e-05 -1
0.000144621 -0.000593429 0.000385861 3.81926e-05 -1
-0.000410312 -0.000705497 0.000236212 3.92766e-05 -1
-0.000118892 -0.00141742 3.74733e-05 3.75429e-05 -1
0.000207639 1.73201e-05 0.000508169 3.85125e-05 -1
0.000986156 -8.49e-05 0.000170131 3.78075e-05 -1
-0.000486879 -0.000789822 3.74508e-05 3.75232e-05 -1
-0.00113157 0.00116221 9.26742e-05 3.76916e-05 -1
-0.00028286 -0.0011245 0.000225093 3.86063e-05 -1
0.000366485 0.00107153 0.000157837 3.77699e-05 -1
0.000492045 -0.000662073 0.000135609 3.78634e-05 -1
0.0011581 -0.000192643 3.64179e-05 3.64761e-05 -1
-0.000406843 1.64292e-05 0.000320657 3.82323e-05 -1
-0.000651224 -0.00072429 3.85307e-05 3.85852e-05 -1
-0.000669306 0.00016251 0.000404391 3.96321e-05 -1
0.00115459 -0.000637149 0.000139731 3.61118e-05 -1
-0.00133496 0.000356832 0.000156678 3.80779e-05 -1
0.000901482 -0.000173239 0.000172141 3.82146e-05 -1
-0.000200405 0.00102553 3.80188e-05 3.81728e-05 -1
0.00118154 0.000663437 3.51091e-05 3.51466e-05 -1
-0.000221935 0.00117037 0.000226206 3.59363e-05 -1
-0.000486236 -0.0012741 9.71497e-05 3.78224e-05 -1
-0.000150652 -0.000950952 0.000288155 3.56618e-05 -1
-0.000357545 -0.000251165 9.15524e-05 3.85443e-05 -1
0.000133683 0.00131873 3.72352e-05 3.7321e-05 -1
-0.000274879 -0.000792034 3.70714e-05 3.71076e-05 -1
0.000369873 -0.000207051 0.000168359 3.84776e-05 -1
-0.000150868 0.000544669 0.000325877 3.70122e-05 -1
0.0010177 0.000582951 3.659e-05 3.66413e-05 -1
-0.000400638 -0.00127755 8.04452e-05 3.81646e-05 -1
-0.000412066 -0.000222055 0.000131434 3.50888e-05 -1
-0.000174595 0.000626903 0.000217416 3.78105e-05 -1
-0.000821475 -0.000250511 0.000345909 3.89725e-05 -1
0.000334502 0.00102333 8.6115e-05 3.97408e-05 -1
-0.000143196 -0.00116012 9.43355e-05 3.7322e-05 -1
-6.80256e-06 0.000274952 0.0006252 3.89224e-05 -1
0.000413374 -0.000230303 0.000455211 3.83133e-05 -1
-0.000348616 -4.96584e-05 0.000490607 3.65801e-05 -1
0.00099943 -0.0011349 0.000101657 3.8897e-05 -1
4.00897e-05 0.000329469 0.000328563 3.62151e-05 -1
0.000622166 0.000431385 0.000380218 3.74616e-05 -1
-0.000336233 -0.000402711 0.000286058 3.85554e-05 -1
6.81804e-05 -0.000320176 0.000424021 3.9283e-05 -1
0.000912057 -0.000536031 0.000132361 3.50392e-05 -1
-0.00139103 -0.000895722 3.97004e-05 3.97432e-05 -1
0.000926406 0.000156748 0.00023165 3.6366e-05 -1
-0.000570149 0.00034154 3.70148e-05 3.70655e-05 -1
0.000381774 -0.000164308 3.48994e-05 3.5093e-05 -1
-0.000624085 0.000150651 0.000208205 3.83392e-05 -1
-0.00038188 0.000638554 0.000233545 3.61451e-05 -1
-0.000901804 0.000636621 0.000197926 3.65232e-05 -1
-0.000237009 -0.000311118 0.000252186 3.65967e-05 -1
-0.00034104 0.00170888 3.636e-05 3.63958e-05 -1
0.00127717 0.000375708 0.000107147 3.5223e-05 -1
0.000330704 -0.000341296 0.000531196 3.54416e-05 -1
0.000246853 0.000916221 0.000265103 3.58235e-05 -1
-0.00107451 0.000588133 0.000162653 3.58734e-05 -1
0.00122165 3.04355e-05 9.83784e-05 3.84769e-05 -1
5.3908e-05 0.000100331 0.000413365 3.84276e-05 -1
-0.000656998 0.000426338 0.000268858 3.97436e-05 -1
0.000513505 -0.00128928 0.000112747 3.84432e-05 -1
0.000256278 0.000722729 9.51435e-05 3.56062e-05 -1
0.000958564 0.000463068 3.74028e-05 3.75076e-05 -1
-0.000156538 -7.53657e-05 0.00042457 3.76111e-05 -1
0.0011781 -0.000386359 0.000202478 3.60629e-05 -1
-0.000333563 0.000477335 7.88243e-05 3.73896e-05 -1
-5.71025e-05 -0.000789013 0.000301822 3.94589e-05 -1
-0.000199546 -0.000377867 0.00023789 3.85698e-05 -1
0.000323922 0.000832971 7.42561e-05 3.85536e-05 -1
-0.000119875 -1.05589e-05 0.000404822 3.58025e-05 -1
-0.000197651 0.000986465 0.000295677 3.86407e-05 -1
-0.00137842 -0.000138705 0.000140887 3.81455e-05 -1
0.000916854 0.00120663 9.3685e-05 3.54774e-05 -1
-0.00098821 -0.000268765 0.000162817 3.66881e-05 -1
0.000322658 0.000194306 0.000188435 3.56188e-05 -1
0.000492257 -0.000858646 0.000239252 3.81779e-05 -1
2.48057e-05 0.000496102 0.00053191 3.97649e-05 -1
-8.13948e-06 0.000489411 9.28969e-05 3.59056e-05 -1
0.000539504 0.000448434 0.000170922 3.62905e-05 -1
0.00105874 -0.000969656 3.64015e-05 3.64397e-05 -1
0.000207238 4.38228e-05 0.000365327 3.82696e-05 -1
-0.000963943 0.000264362 0.000239881 3.64704e-05 -1
-0.000151326 -0.00158536 3.71071e-05 3.71598e-05 -1
-0.000550512 -0.000227515 0.000289155 3.63216e-05 -1
0.00040747 0.000839445 0.000309383 3.80295e-05 -1
-0.000179884 0.00110289 3.74561e-05 3.75421e-05 -1
-0.000388546 0.000602592 3.55963e-05 3.56663e-05 -1
0.00113387 -0.000531231 3.57064e-05 3.57485e-05 -1
-0.000457168 -0.000201146 0.000493571 3.59803e-05 -1
-0.000498089 0.000141472 0.00011063 3.67947e-05 -1
0.00129734 0.000642151 0.000117456 3.82996e-05 -1
-0.000401566 0.000339051 0.000436354 3.6033e-05 -1
-0.00060518 -0.000889723 0.000183053 3.90463e-05 -1
0.000354391 0.000803257 0.000153326 3.60001e-05 -1
0.000503034 -0.000796776 0.000283846 3.89101e-05 -1
-0.000971381 0.000340123 3.97799e-05 3.98371e-05 -1
-0.000822666 -0.000846225 3.67858e-05 3.68618e-05 -1
0.000975531 0.000957736 9.11848e-05 3.6869e-05 -1
-0.000820577 0.000647787 0.000106864 3.81959e-05 -1
0.000130124 -0.000590722 0.000196342 3.80611e-05 -1
-0.000772524 0.000949329 0.000103079 3.9075e-05 -1
0.000343037 0.000240419 0.000242267 3.81913e-05 -1
-0.000161863 0.00071234 0.000113818 3.66623e-05 -1
-0.000973633 -0.000737077 3.54677e-05 3.55387e-05 -1
-0.000411397 -0.000998166 0.000160094 3.58494e-05 -1
-9.49348e-06 0.000186929 0.000635386 3.77749e-05 -1
0.000654153 0.00065112 0.000344188 3.70593e-05 -1
0.000825985 -0.000234845 0.00017533 3.8877e-05 -1
-0.000628437 0.000913656 0.000141853 3.82084e-05 -1
0.000667675 -0.00102532 3.89826e-05 3.9075e-05 -1
0.000802561 -0.000365706 0.00017426 3.89722e-05 -1
-0.00107859 0.00037293 9.9043e-05 3.89778e-05 -1
0.000872871 0.000855377 7.84811e-05 3.67442e-05 -1
-0.000769747 -0.000214889 9.95145e-05 3.73029e-05 -1
5.82057e-05 0.000403816 0.00017247 3.64982e-05 -1
-0.001408 0.000442713 0.000104083 3.71579e-05 -1
0.000564671 0.000556826 0.00027001 3.93576e-05 -1
9.01173e-05 -0.000489503 0.000188572 3.76291e-05 -1
-0.000186568 -7.37936e-05 0.000503422 3.90956e-05 -1
0.0001772 0.00124002 0.000154625 3.60759e-05 -1
0.000758886 -0.00147749 8.2005e-05 3.76303e-05 -1
-3.99535e-05 9.36562e-06 0.000718897 3.73843e-05 -1
-0.0012135 0.000842637 3.58636e-05 3.59115e-05 -1
7.67e-05 -1.33441e-05 3.67492e-05 3.68803e-05 -1
0.00129877 8.22064e-05 0.000155543 3.82753e-05 -1
-0.000562251 -0.0013878 0.000100679 3.80141e-05 -1
-0.000436077 -0.00114973 0.000137164 3.65087e-05 -1
0.00122679 0.000514193 3.75069e-05 3.75464e-05 -1
-0.000616216 -0.000690309 0.00023342 3.58996e-05 -1
-0.00114443 -0.00107131 0.000106656 3.91077e-05 -1
0.000668654 0.00039583 3.63418e-05 3.64299e-05 -1
-0.000651046 -0.000556232 0.00024905 3.869e-05 -1
0.000225277 8.63272e-06 5.8373e-05 3.94162e-05 -1
0.000855391 -0.000795321 0.000145162 3.50746e-05 -1
-0.000521625 -6.77742e-05 9.1622e-05 3.74123e-05 -1
-5.47408e-05 0.00169755 3.58658e-05 3.58957e-05 -1
-0.000525679 -0.00039243 0.000369594 3.70039e-05 -1
-0.000478966 -0.000180667 0.000241754 3.67007e-05 -1
4.57653e-05 -0.000622294 0.000350588 3.86718e-05 -1
0.0010733 0.000495503 0.000177656 3.81838e-05 -1
-0.000798526 -0.000672082 0.000223724 3.70748e-05 -1
-0.000179656 -0.000277681 0.000344684 3.71966e-05 -1
0.000141593 0.000192837 0.000509702 3.87005e-05 -1
0.000784629 -0.00100438 0.000125186 3.57326e-05 -1
-0.00140616 0.00113596 3.63893e-05 3.64177e-05 -1
-0.000580487 0.000968469 3.85843e-05 3.86816e-05 -1
1.43984e-05 0.00111354 0.000233449 3.86545e-05 -1
-0.00138472 -0.000424048 9.4083e-05 3.88304e-05 -1
-0.00133397 0.000677398 0.000102837 3.82205e-05 -1
-0.000255921 0.000622411 0.000344601 3.71131e-05 -1
0.0011967 -0.000948723 0.000112451 3.73048e-05 -1
-0.000796189 0.000200381 0.00015402 3.65563e-05 -1
-2.24142e-05 0.000418729 7.92492e-05 3.7553e-05 -1
0.000198013 0.00164146 3.69036e-05 3.6936e-05 -1
-0.000250935 -0.00028537 0.000373716 3.65877e-05 -1
0.000363614 0.00135055 9.86882e-05 3.89947e-05 -1
-0.00140835 -0.000623836 9.08182e-05 3.83939e-05 -1
0.000210324 0.000493681 3.7555e-05 3.75891e-05 -1
-0.0010582 -0.000361804 8.20485e-05 3.89358e-05 -1
-0.000402546 0.000409856 0.000220783 3.5859e-05 -1
0.00095898 0.00139882 3.80437e-05 3.80743e-05 -1
0.000486564 -0.00065794 0.000328117 3.79964e-05 -1
0.000506513 -0.000393278 0.000381275 3.52785e-05 -1
-0.000448876 -0.00132136 3.90372e-05 3.91081e-05 -1
-8.94877e-05 -0.000325487 0.000471566 3.80371e-05 -1
-0.000290921 0.000126081 0.000164429 3.81463e-05 -1
-0.00058017 0.0005849 0.00018248 3.60606e-05 -1
-0.000214904 -0.000886412 0.000244849 3.66418e-05 -1
0.000673018 -0.000138635 3.74807e-05 3.76619e-05 -1
0.000697559 -0.000948401 0.000208651 3.73656e-05 -1
-0.00129406 -0.000633826 4.58492e-05 3.73993e-05 -1
0.0010279 -0.000707863 9.8985e-05 3.73589e-05 -1
-0.000233369 0.00100862 0.000103018 3.67812e-05 -1
-7.11145e-06 -4.62915e-05 0.000136212 3.7018e-05 -1
0.00131741 0.00071476 0.000102741 3.84713e-05 -1
0.00018895 0.000270701 0.000191528 3.75036e-05 -1
0.000136376 0.000268409 0.000254471 3.90979e-05 -1
-0.000100083 -0.000735603 0.000262933 3.90318e-05 -1
-0.00171389 0.000364855 8.06805e-05 3.65368e-05 -1
0.000427487 4.09845e-05 9.46017e-05 3.9951e-05 -1
-0.000766742 0.00127491 9.63766e-05 3.69993e-05 -1
-1.72857e-05 -0.000737892 3.60677e-05 3.61514e-05 -1
0.000838124 0.000312001 3.72541e-05 3.73324e-05 -1
0.00119592 -0.000458599 3.81042e-05 3.81368e-05 -1
-0.000376361 -0.000847397 0.00030099 3.54463e-05 -1
-0.000322673 2.08149e-05 8.55396e-05 3.64501e-05 -1
-0.000808533 0.00053424 0.000138344 3.79785e-05 -1
-0.000244581 0.000310663 0.000158558 3.92677e-05 -1
1.96844e-05 0.000134745 0.000186888 3.66411e-05 -1
0.000160662 -0.000265394 0.000314417 3.85391e-05 -1
0.000488205 0.000316092 0.000307827 3.87481e-05 -1
-0.000948152 -0.00102551 3.76989e-05 3.77659e-05 -1
0.000843786 -0.000601026 3.52383e-05 3.52713e-05 -1
0.000207527 0.000564955 0.000293664 3.98023e-05 -1
-0.000317315 8.56029e-05 0.000450412 3.74742e-05 -1
0.000469386 -0.000413201 0.000439342 3.65035e-05 -1
0.000717691 -0.00101512 0.000148057 3.58184e-05 -1
0.000185812 5.41454e-05 0.000569168 3.60292e-05 -1
0.000186318 0.00024522 0.00012068 3.78574e-05 -1
0.000347508 0.00112163 3.70425e-05 3.7082e-05 -1
0.000593714 -0.000470191 0.000210955 3.51672e-05 -1
0.00127707 0.000298029 0.000152724 3.52534e-05 -1
-0.00136019 -0.000471056 0.000151182 3.91239e-05 -1
-0.000971392 0.00121255 8.5057e-05 3.76912e-05 -1
-0.000133881 0.0012921 0.000100393 3.80589e-05 -1
-0.000128188 -0.000271859 0.000432296 3.89131e-05 -1
-0.000698305 0.00039128 0.000213318 3.79071e-05 -1
-0.000447717 0.00107393 0.000103242 3.75054e-05 -1
-0.000413776 -0.000201647 0.000401968 3.65788e-05 -1
-0.00111836 -0.000807207 0.000160035 3.64456e-05 -1
-0.000753659 0.000584428 0.00030749 3.92749e-05 -1
-0.000475123 0.000389886 0.000185464 3.70765e-05 -1
-0.000454099 -0.000864398 0.000184836 3.76888e-05 -1
-0.000419352 -0.000308932 9.64333e-05 3.91602e-05 -1
-0.00116394 -0.000589893 8.63236e-05 3.69682e-05 -1
-7.18388e-06 -0.00114785 0.00023803 3.65794e-05 -1
-0.000138008 0.000708371 0.00039227 3.63432e-05 -1
0.000115132 -0.000653369 0.00035065 3.73822e-05 -1
0.000116388 0.000868461 0.000307525 3.75862e-05 -1
-0.000377613 0.000149572 0.000420685 3.86252e-05 -1
-0.0001539 0.000561374 0.000243335 3.56686e-05 -1
-0.000117722 1.96406e-05 0.000576608 3.79922e-05 -1
0.00046877 -0.000938678 0.000157167 3.73706e-05 -1
0.00045418 0.00102545 8.2431e-05 3.59537e-05 -1
-0.00166103 -0.000303078 3.69093e-05 3.69537e-05 -1
0.000398049 -0.00125839 9.28054e-05 3.70812e-05 -1
-0.00119063 0.000171182 3.97118e-05 3.97695e-05 -1
0.000480839 0.000327536 0.000464398 3.73018e-05 -1
-0.00127049 0.000304554 3.65024e-05 3.65687e-05 -1
-3.89903e-05 -0.000167097 0.000193385 3.63291e-05 -1
0.000101747 6.40428e-05 0.000651649 3.66734e-05 -1
-0.000123187 0.000842794 0.000278341 3.67881e-05 -1
0.000248724 0.00119003 3.75011e-05 3.754e-05 -1
0.00148454 -0.000313534 3.71985e-05 3.72357e-05 -1
-0.000741007 -0.000794141 0.000133767 3.54635e-05 -1
-0.000271819 -0.000114163 0.000432638 3.58514e-05 -1
0.000133468 -0.000127938 7.85622e-05 3.54322e-05 -1
6.98227e-05 -0.000156712 0.000147338 3.63423e-05 -1
-0.000296243 -0.000634857 0.000278932 3.95523e-05 -1
4.84146e-05 -0.00151317 8.77684e-05 3.62752e-05 -1
-0.000153476 -0.000687141 0.000169024 3.75634e-05 -1
-0.000916845 0.000148433 0.000148546 3.58379e-05 -1
-0.000139107 -0.000184569 0.000148678 3.88532e-05 -1
-0.000742371 -0.00114446 0.000163501 3.56969e-05 -1
-0.000375297 0.000589342 0.000153874 3.67164e-05 -1
0.000188326 -0.000785369 0.000329598 3.88381e-05 -1
0.000201836 -5.03182e-05 0.000538779 3.52063e-05 -1
-0.00154944 -0.000601287 3.66581e-05 3.6703e-05 -1
0.00086586 -0.0009653 9.07667e-05 3.66549e-05 -1
0.000394316 -2.63434e-06 0.000407047 3.70259e-05 -1
-0.000460596 -0.000433189 0.000274719 3.94285e-05 -1
0.000618975 -0.00057904 0.000136299 3.6639e-05 -1
4.32251e-05 0.000292223 0.000569861 3.76928e-05 -1
-3.49074e-06 -0.000919783 0.000321144 3.53361e-05 -1
-0.000561801 0.000876909 0.000147334 3.8105e-05 -1
-0.000783103 6.31859e-05 0.000392756 3.95221e-05 -1
0.000905139 0.000189241 8.43404e-05 3.71637e-05 -1
-0.000698301 -0.000524269 5.38993e-05 3.72728e-05 -1
0.00109213 -0.0006082 0.000111478 3.8341e-05 -1
0.00020201 0.000825464 3.92637e-05 3.93803e-05 -1
-2.38039e-05 0.000351756 0.000224792 3.84977e-05 -1
-0.000147419 0.000375442 0.000245382 3.87218e-05 -1
-0.000881673 -0.000358491 0.000143811 3.95137e-05 -1
0.000740885 0.000268526 3.63193e-05 3.63889e-05 -1
-8.99166e-05 0.000332578 0.000498811 3.65922e-05 -1
-0.000256636 -0.000390875 0.000475496 3.73317e-05 -1
-0.000605139 -0.000967789 0.000100031 3.64542e-05 -1
-0.000203852 -0.000400084 0.00042459 3.66165e-05 -1
-9.21254e-05 0.000162736 0.000398001 3.74424e-05 -1
0.000480546 0.000553316 0.000281416 3.83293e-05 -1
0.000446406 -0.00105994 3.83689e-05 3.8465e-05 -1
0.000288434 -0.00148841 3.5e-05 3.50494e-05 -1
-0.000184459 -0.00030056 0.000568211 3.52797e-05 -1
0.000210507 0.000678111 0.000133406 3.90305e-05 -1
-0.000135955 -0.00168542 3.99061e-05 3.99383e-05 -1
-0.00133089 0.00012642 0.000100513 3.70093e-05 -1
0.000555348 0.000630645 0.000167758 3.55551e-05 -1
0.000811965 0.000634373 0.000150796 3.58423e-05 -1
-0.000587653 0.00104262 3.5846e-05 3.59191e-05 -1
0.000867441 -0.000387709 3.76964e-05 3.77671e-05 -1
-0.000535018 -0.00162963 8.63403e-05 3.72816e-05 -1
-0.000126281 -9.25833e-05 0.00025448 3.9752e-05 -1
-0.000207725 -0.00108413 0.000238107 3.9513e-05 -1
-0.000793576 0.000495824 0.000199336 3.56732e-05 -1
-0.000210774 0.000141994 3.74726e-05 3.76067e-05 -1
0.00066676 8.59693e-05 0.000293354 3.56981e-05 -1
-0.000424193 0.00146342 3.62818e-05 3.63365e-05 -1
-4.47395e-05 0.000494515 0.000496932 3.81311e-05 -1
0.000887616 -0.000279497 0.0002452 3.59585e-05 -1
-0.000340683 0.000416059 3.70361e-05 3.71755e-05 -1
-0.00122484 0.000379906 9.85854e-05 3.65034e-05 -1
-7.89131e-05 -0.000227176 0.000172756 3.875e-05 -1
3.67923e-05 -0.000417268 0.000207963 3.67451e-05 -1
-0.000617628 -0.000491585 0.000273204 3.79446e-05 -1
0.000134693 0.000880389 0.000211255 3.90656e-05 -1
0.000633782 -0.000492429 8.99943e-05 3.66837e-05 -1
-0.000175017 -0.000894489 0.000330186 3.88701e-05 -1
0.000144469 -0.000192781 0.000158513 3.77382e-05 -1
0.000469087 0.00128115 9.81364e-05 3.88267e-05 -1
0.000972781 0.00124796 3.76932e-05 3.77343e-05 -1
0.000213802 0.000425571 0.000551412 3.90373e-05 -1
0.000668176 0.00150954 3.87324e-05 3.87694e-05 -1
-0.000726579 -0.000386606 3.65182e-05 3.65688e-05 -1
-0.000151649 0.000249115 5.83058e-05 3.94615e-05 -1
6.06741e-05 -0.000243154 0.000657085 3.80589e-05 -1
0.000240937 -0.000125052 0.000262116 3.55407e-05 -1
0.000925554 -0.00023424 5.27958e-05 3.62634e-05 -1
-0.0011426 -0.000946398 3.94958e-05 3.95634e-05 -1
-6.28085e-06 0.000426779 0.000150002 3.55546e-05 -1
-0.000347287 -0.00166228 3.60296e-05 3.60616e-05 -1
0.000988309 -0.000532214 6.83596e-05 3.74814e-05 -1
-0.000236704 0.000591232 8.77553e-05 3.87716e-05 -1
-0.000376086 -0.000192979 0.000473436 3.95574e-05 -1
-0.000318432 -8.97796e-05 0.000606444 3.91148e-05 -1
-0.000404905 0.000355681 3.83402e-05 3.84183e-05 -1
-0.000214158 0.000104922 0.000481331 3.67412e-05 -1
-0.0004287 -0.000805414 8.0114e-05 3.63306e-05 -1
-0.00113548 -0.00076043 0.000102862 3.9405e-05 -1
-0.00156796 0.000221049 3.64199e-05 3.64849e-05 -1
4.46817e-05 -0.000871853 0.0002321 3.90469e-05 -1
0.000667224 -0.000524973 3.52361e-05 3.53422e-05 -1
0.000651313 -0.000875653 3.96914e-05 3.97959e-05 -1
-0.000521915 0.000304789 0.000411167 3.58382e-05 -1
-0.000137833 -0.000524873 0.000285516 3.62575e-05 -1
-0.000974058 -0.000478967 0.000224982 3.73553e-05 -1
-0.00125856 -0.000789142 0.000156268 3.58213e-05 -1
-0.000500574 0.000263453 0.000141749 3.83881e-05 -1
-0.000986669 -0.000295583 9.20167e-05 3.91102e-05 -1
0.000557526 8.88299e-05 0.000140495 3.83064e-05 -1
1.01688e-05 0.000833565 0.000231516 3.59669e-05 -1
8.87808e-05 -0.00121474 3.67232e-05 3.67598e-05 -1
0.00104761 -0.000395368 0.000144454 3.80267e-05 -1
-0.00100961 0.000197672 0.000216761 3.85309e-05 -1
0.000632097 0.00070082 0.000203356 3.92068e-05 -1
-0.000708143 -0.00034209 0.000268983 3.53828e-05 -1
-0.000647863 -0.00128582 9.75902e-05 3.71295e-05 -1
0.00101988 -0.000893771 0.000101505 3.9389e-05 -1
0.000245802 -0.000499287 0.00020456 3.82342e-05 -1
-0.00113139 0.000682671 9.36794e-05 3.6647e-05 -1
0.000428059 -0.00132652 0.00010103 3.77593e-05 -1
0.000748674 0.000275011 0.000209602 3.72551e-05 -1
-0.000836192 6.58847e-05 0.000141833 3.76034e-05 -1
-0.00128481 -0.000242554 0.000175237 3.71504e-05 -1
0.000616135 0.000278693 8.75814e-05 3.83018e-05 -1
8.99761e-05 0.000678074 0.000423337 3.72092e-05 -1
-0.00112799 0.000411423 0.000164491 3.73818e-05 -1
-0.00102378 8.00051e-05 0.000240479 3.63329e-05 -1
0.000820914 -0.00105823 9.15383e-05 3.74401e-05 -1
-0.000628749 0.000395849 0.0003317 3.56173e-05 -1
-0.000517579 -0.000317787 0.000361314 3.85601e-05 -1
0.000928455 -0.00100421 8.00142e-05 3.78583e-05 -1
-0.000453113 5.66557e-05 0.000130909 3.72354e-05 -1
2.29283e-05 5.45773e-05 0.000214452 3.68303e-05 -1
2.6411e-05 -0.00120094 0.000201689 3.6024e-05 -1
0.000653576 0.000950577 9.36229e-05 3.96578e-05 -1
-0.000323269 0.000286542 0.000214059 3.76947e-05 -1
0.000166468 0.000481482 0.000100007 3.97222e-05 -1
0.000581639 0.000419741 0.000225228 3.82426e-05 -1
0.000514698 3.43305e-05 0.000486786 3.9337e-05 -1
-0.000270484 -0.00155658 0.000102742 3.81259e-05 -1
-0.000183262 0.000951242 3.80769e-05 3.8157e-05 -1
-0.000930575 7.06847e-05 0.000125187 3.93326e-05 -1
0.0012722 -0.000447251 3.84142e-05 3.84645e-05 -1
-0.000128695 -0.000314091 0.000279993 3.72114e-05 -1
-0.000713201 -0.000456085 0.000303282 3.86659e-05 -1
-0.000776818 0.000954329 0.000230578 3.73636e-05 -1
-8.30491e-05 0.000859633 0.00020778 3.64919e-05 -1
7.31786e-05 0.000325867 0.000240831 3.68281e-05 -1
4.68613e-06 0.00047088 0.000431122 3.79122e-05 -1
0.000956581 0.000407134 0.000202759 3.55768e-05 -1
-0.00141056 -0.000388225 3.49524e-05 3.50098e-05 -1
-2.37535e-05 0.0012223 3.58446e-05 3.59054e-05 -1
0.00110491 0.000262043 3.68639e-05 3.69028e-05 -1
0.000170684 -0.000973413 3.67822e-05 3.68686e-05 -1
-0.000538574 -0.000704995 0.000140199 3.71591e-05 -1
0.000711086 -7.43981e-05 0.000231352 3.69373e-05 -1
0.00119395 0.000752085 0.000114062 3.80546e-05 -1
0.000778923 9.99501e-05 3.57408e-05 3.58261e-05 -1
-0.00140873 0.000242501 0.00013827 3.61256e-05 -1
0.000233467 -0.00117855 3.76852e-05 3.77152e-05 -1
-0.00125541 -0.00104004 3.78143e-05 3.78568e-05 -1
0.000292118 -0.000449143 0.000508874 3.71839e-05 -1
-0.000543589 0.00141193 9.37206e-05 3.88366e-05 -1
0.000172694 -0.0016566 3.90461e-05 3.90922e-05 -1
-0.00097239 -9.6573e-05 3.81651e-05 3.82733e-05 -1
-0.000830016 0.000109839 0.000217208 3.88485e-05 -1
0.000952505 0.000420617 9.69589e-05 3.59645e-05 -1
-0.000925299 -0.000230437 0.000148797 3.83354e-05 -1
0.000624164 -0.00160021 9.10079e-05 3.91335e-05 -1
0.000505442 -0.00141647 0.000131089 3.50923e-05 -1
-0.00127213 0.000222119 0.000189222 3.7541e-05 -1
-0.000303062 -0.000332699 0.000478762 3.71963e-05 -1
0.000543326 -0.000783792 7.81003e-05 3.78149e-05 -1
4.80585e-05 -0.000131505 0.000339696 3.68726e-05 -1
-0.000634124 7.55972e-05 0.000207023 3.64403e-05 -1
0.000544765 0.000149899 9.9228e-05 3.65714e-05 -1
0.000362573 -0.000430171 0.000148357 3.72333e-05 -1
-0.000479922 -0.000813001 0.000134497 3.87945e-05 -1
0.000335478 -0.000414867 0.000456825 3.87556e-05 -1
0.000810049 -0.000246664 0.000248588 3.70858e-05 -1
0.000810918 0.000112663 0.000141688 3.7887e-05 -1
-0.000733534 0.000547814 3.78499e-05 3.78835e-05 -1
-0.000613979 0.000363797 9.34814e-05 3.78358e-05 -1
0.000428895 0.000762439 0.000268497 3.60543e-05 -1
-0.000254801 -0.000258534 0.000303289 3.89015e-05 -1
0.00040495 -0.000316399 0.000188171 3.64633e-05 -1
0.000758251 -0.000557918 0.000266282 3.75206e-05 -1
0.0012527 -0.000676802 3.87041e-05 3.87723e-05 -1
-2.24064e-05 -0.000130337 0.000595101 3.7101e-05 -1
1.67822e-05 -6.50065e-05 0.000442754 3.78557e-05 -1
0.000828763 -0.000419125 0.000326107 3.69859e-05 -1
-0.000685926 0.000950779 0.000102296 3.72476e-05 -1
-0.000933003 -0.000613533 8.31466e-05 3.68054e-05 -1
-5.36495e-05 0.000675532 0.00020036 3.88644e-05 -1
0.000654979 -0.0010094 0.000190721 3.91806e-05 -1
-0.000453167 -6.0685e-05 0.000396498 3.53485e-05 -1
8.00904e-05 0.000479812 8.46086e-05 3.86112e-05 -1
-1.55618e-05 -7.02686e-05 0.000208757 3.60852e-05 -1
-0.00058865 -0.000106549 8.82026e-05 3.55368e-05 -1
0.000868082 -0.00125567 8.94612e-05 3.531e-05 -1
0.000104244 0.000912831 9.11885e-05 3.67281e-05 -1
0.00112171 -0.000539436 0.000110462 3.65353e-05 -1
-0.00112223 -0.000474641 0.00018855 3.9001e-05 -1
-0.00020238 -0.00054325 0.000337043 3.59963e-05 -1
0.000457622 0.000553221 0.000129812 3.65067e-05 -1
-0.000228495 -5.30464e-05 0.000429009 3.73185e-05 -1
0.000255226 -0.000482708 9.46891e-05 3.95569e-05 -1
-0.000290406 0.00151398 3.74555e-05 3.75037e-05 -1
-0.00115569 -0.000454647 0.000120344 3.80561e-05 -1
-0.000622954 0.000740942 0.000282448 3.80431e-05 -1
0.000449389 -0.00127306 0.000147811 3.64529e-05 -1
0.000345396 -0.00054909 0.00021021 3.56037e-05 -1
-4.67955e-05 -9.04731e-05 0.000651831 3.56967e-05 -1
0.00051327 -6.73539e-05 0.000441411 3.55334e-05 -1
0.000110145 0.000509241 0.000148049 3.66761e-05 -1
-0.000374016 -0.00112991 0.000213832 3.88659e-05 -1
0.000133905 0.000308109 0.000354835 3.8804e-05 -1
-0.00163611 0.00064799 3.57365e-05 3.57823e-05 -1
-2.58128e-05 -0.000256446 0.000344468 3.63515e-05 -1
-0.0015652 8.71387e-05 0.000116184 3.79744e-05 -1
-0.000407691 -0.000440287 3.54072e-05 3.5607e-05 -1
-0.00091907 -0.000877366 0.000104594 3.55973e-05 -1
0.000653115 0.000763782 0.000280045 3.75399e-05 -1
0.000856081 0.00103 0.000145996 3.61588e-05 -1
-0.000421642 0.000423506 0.000423266 3.75161e-05 -1
0.000513357 0.00059596 0.000338238 3.97197e-05 -1
0.00129091 -0.000806185 3.79663e-05 3.80095e-05 -1
-0.00109164 0.000709812 3.73754e-05 3.74462e-05 -1
0.000363415 0.000777162 0.000301383 3.87012e-05 -1
-0.000642104 5.02829e-05 0.000293181 3.83202e-05 -1
-0.000510802 0.000153795 0.00018182 3.6627e-05 -1
0.000561185 -0.000421506 0.000418566 3.66832e-05 -1
-0.000345987 0.00146215 3.84847e-05 3.85278e-05 -1
0.000566111 2.89623e-05 0.00034649 3.7781e-05 -1
-0.00110389 -0.000317833 0.00012168 3.58981e-05 -1
0.00104723 -0.000870392 3.56414e-05 3.57121e-05 -1
-0.000226035 -0.000607425 0.000359238 3.59637e-05 -1
-0.00137497 0.000210503 8.37209e-05 3.55889e-05 -1
0.000578656 0.000996079 0.000104976 3.76304e-05 -1
0.00125745 -0.000369208 3.77617e-05 3.7806e-05 -1
0.000153234 -0.000465424 0.000370589 3.7219e-05 -1
-0.00154657 0.000158296 0.000112513 3.50548e-05 -1
0.000562401 -0.00134758 0.000147346 3.69854e-05 -1
-0.000175524 -0.000590413 0.000436386 3.57679e-05 -1
0.000159743 0.000805535 0.000186221 3.50118e-05 -1
-0.000544176 -7.71107e-05 0.000459201 3.65777e-05 -1
-0.000795471 -0.000992707 3.97319e-05 3.98283e-05 -1
-0.000431186 -0.000495729 0.000244053 3.62021e-05 -1
-0.000603511 0.000218538 0.000237366 3.83806e-05 -1
0.000173521 0.00103822 0.000202186 3.69266e-05 -1
0.000918315 -0.000666283 0.000210435 3.5609e-05 -1
-0.000283165 0.000290117 9.37588e-05 3.89879e-05 -1
-0.000262242 0.000198666 0.000609303 3.7471e-05 -1
0.000127876 0.00144954 8.46527e-05 3.51604e-05 -1
0.000959781 -0.000204824 0.00022079 3.89783e-05 -1
0.000991593 -5.76379e-05 3.74277e-05 3.74549e-05 -1
-0.00128537 -0.000231986 0.000101701 3.71878e-05 -1
-0.000871941 -0.000910696 0.000150478 3.81638e-05 -1
0.00038054 0.000141363 0.000280679 3.58923e-05 -1
-0.000109024 -0.000153718 0.000211184 3.7193e-05 -1
0.000144694 0.00150589 3.91827e-05 3.92147e-05 -1
0.000405614 -0.00029401 0.000326065 3.57103e-05 -1
0.000957999 -0.000939557 0.000105647 3.77229e-05 -1
2.71081e-05 0.000751122 0.000334795 3.59819e-05 -1
-0.000920899 6.82583e-06 0.000163344 3.57344e-05 -1
0.000104285 0.000354372 0.000302014 3.75155e-05 -1
-0.000666076 -0.00160061 3.64042e-05 3.64474e-05 -1
0.000709732 -0.000536373 9.3438e-05 3.76609e-05 -1
0.00011808 -0.000249534 0.000419433 3.60168e-05 -1
0.0006855 -0.000335905 0.000213026 3.68493e-05 -1
-0.000155457 3.12085e-05 3.80569e-05 3.81379e-05 -1
-0.000890602 0.00111465 8.82634e-05 3.52908e-05 -1
2.9749e-05 0.000719068 0.000155866 3.83561e-05 -1
0.000592275 -0.000671695 0.000245049 3.61442e-05 -1
-0.00034968 -0.000896738 0.000215507 3.60818e-05 -1
-0.000200044 0.00156039 3.664e-05 3.66568e-05 -1
-0.00077148 0.00146188 3.87975e-05 3.88325e-05 -1
0.000119495 0.0012436 3.86034e-05 3.87098e-05 -1
-0.000178506 -0.000994152 3.49966e-05 3.51179e-05 -1
-0.000784665 -0.000493542 0.000107662 3.91305e-05 -1
-0.000697592 0.000409076 0.000358537 3.89935e-05 -1
0.000758813 0.00121398 3.55685e-05 3.56252e-05 -1
0.000810186 -0.000474419 3.63055e-05 3.64326e-05 -1
0.000444403 0.000249759 0.000408927 3.87699e-05 -1
-0.000186377 0.000318453 0.000210035 3.89055e-05 -1
-0.000435381 -0.00107586 0.000151061 3.8266e-05 -1
0.000690859 -0.000689221 0.000329371 3.77117e-05 -1
0.000146547 -0.000834333 0.000104322 3.87728e-05 -1
0.00128597 -0.000951348 3.6382e-05 3.64161e-05 -1
0.00075477 -0.00108084 0.000149514 3.96713e-05 -1
0.0010998 9.0694e-05 0.000164279 3.64188e-05 -1
0.000221023 0.0014003 9.14794e-05 3.61348e-05 -1
0.0001912 -0.000897779 0.000259606 3.85822e-05 -1
-0.000218308 5.55787e-06 0.00047269 3.65507e-05 -1
-0.000482381 -9.60988e-05 0.000262502 3.7197e-05 -1
-0.000406965 -0.000198352 0.000252836 3.83682e-05 -1
-0.00149099 0.000384285 0.000104066 3.7744e-05 -1
0.000429326 0.000383523 0.000193524 3.55244e-05 -1
-0.000281494 -0.000171763 0.000187246 3.86941e-05 -1
0.00156046 -0.000305003 3.91654e-05 3.92036e-05 -1
-0.00173991 4.97769e-05 9.60097e-05 3.70901e-05 -1
-0.000162657 -0.00056342 0.000225714 3.52852e-05 -1
0.000821102 -0.00119368 0.000115563 3.798e-05 -1
0.000269536 -5.62204e-05 0.000262822 3.82795e-05 -1
0.00105731 -0.000343279 9.19293e-05 3.66415e-05 -1
0.000627079 0.000279598 0.000326338 3.72917e-05 -1
-0.00116144 -0.00116695 3.6092e-05 3.61267e-05 -1
7.0749e-05 0.000743075 0.000392863 3.71337e-05 -1
1.64695e-05 0.00175631 7.54515e-05 3.5625e-05 -1
0.000780988 -0.000663129 0.000224027 3.66127e-05 -1
0.000152025 0.000698262 9.14715e-05 3.58303e-05 -1
0.000685416 0.000969474 0.000206193 3.66035e-05 -1
-0.000421695 -0.000566911 0.000243578 3.50521e-05 -1
0.000470274 -0.00144608 3.93241e-05 3.93463e-05 -1
0.000571825 0.000630833 0.000299752 3.85086e-05 -1
0.000219979 -0.000512289 0.000359938 3.59715e-05 -1
0.000104253 0.000953674 0.000226854 3.718e-05 -1
0.00108511 0.000427254 0.000204508 3.61186e-05 -1
0.000402375 0.000259307 0.000532586 3.71564e-05 -1
0.000818797 -0.000167233 0.000138967 3.82679e-05 -1
-0.000277869 0.000581509 0.000287648 3.63781e-05 -1
2.03473e-05 -0.000585359 0.00021089 3.84601e-05 -1
-0.00111098 0.000292667 0.00016277 3.91361e-05 -1
0.00097472 0.000384733 3.71614e-05 3.72701e-05 -1
-0.000889574 -0.001554 3.60458e-05 3.60738e-05 -1
0.000118367 0.000301067 0.000188518 3.67339e-05 -1
0.00102123 0.00125759 9.72204e-05 3.9637e-05 -1
-0.00177213 -0.000226003 3.99321e-05 3.99674e-05 -1
-0.000523068 0.000820189 0.000282334 3.89996e-05 -1
0.000951189 -0.000703715 0.00015562 3.84709e-05 -1
0.000151158 0.000644211 0.000298898 3.66055e-05 -1
0.000217416 -0.000419096 0.000205423 3.89655e-05 -1
-0.000281863 0.000105441 0.000515104 3.89586e-05 -1
0.000406572 3.27219e-05 0.000475168 3.76849e-05 -1
0.00134915 0.000379419 0.000103137 3.69852e-05 -1
-9.56915e-05 0.000707441 0.000331866 3.74553e-05 -1
-0.000380737 -0.00024392 0.000349525 3.82078e-05 -1
0.00143647 -0.000252998 3.94597e-05 3.95104e-05 -1
-0.000871966 0.000273606 0.000167441 3.76374e-05 -1
0.0003123 0.000187246 9.79317e-05 3.66129e-05 -1
-0.00012357 0.00018219 3.57043e-05 3.57319e-05 -1
0.000811938 0.000426625 0.000102982 3.90213e-05 -1
-0.00130649 -0.000103272 0.000113397 3.76023e-05 -1
0.000428239 -0.000379885 0.00015263 3.99464e-05 -1
0.000702715 0.000701983 0.000238669 3.64843e-05 -1
0.000497251 -0.000894512 9.35895e-05 3.72628e-05 -1
0.000415744 -0.00102569 9.91065e-05 3.77959e-05 -1
-0.000314464 0.000124162 0.000385784 3.78884e-05 -1
-0.00060057 -0.000701242 0.000320895 3.75383e-05 -1
-7.24325e-05 -0.000196091 0.000606316 3.78579e-05 -1
-0.000687266 0.000876033 0.000111292 3.80685e-05 -1
-9.42165e-05 0.000684929 0.000102427 3.72781e-05 -1
0.0010612 0.00127308 3.54961e-05 3.5537e-05 -1
-0.000127268 0.00157362 3.73144e-05 3.73562e-05 -1
0.00119181 -0.000571187 0.000145671 3.88761e-05 -1
0.00113131 0.00017884 0.000233886 3.88157e-05 -1
5.11823e-06 -0.000977711 0.000150561 3.86114e-05 -1
0.00101226 -0.000261463 0.000211918 3.66727e-05 -1
-0.000670986 -0.00131506 3.53827e-05 3.54375e-05 -1
6.88189e-05 -0.000311184 0.000627405 3.662e-05 -1
0.0003804 -0.000369715 0.00033947 3.87039e-05 -1
0.000201963 0.000761716 0.000222611 3.59239e-05 -1
-0.00101427 -0.000897665 0.000153382 3.73057e-05 -1
0.000137068 4.24014e-05 0.000405022 3.68446e-05 -1
-0.000753408 0.000337759 0.000216243 3.90432e-05 -1
-0.000150944 0.000280162 0.000307984 3.76487e-05 -1
-0.00094411 0.000510979 0.00013975 3.67323e-05 -1
-0.000425064 -0.000801594 0.000266608 3.97158e-05 -1
-8.71776e-05 -0.00123536 0.000209905 3.76583e-05 -1
0.00143657 -0.000798399 3.71558e-05 3.71875e-05 -1
0.000169002 -0.000503061 0.000309088 3.66634e-05 -1
0.000318295 0.000482011 0.000168292 3.82941e-05 -1
-0.0017428 -0.000152123 3.74139e-05 3.74436e-05 -1
-0.000545765 -0.000305078 0.00018804 3.66475e-05 -1
0.00133568 0.000583439 9.52195e-05 3.5289e-05 -1
-0.000508178 5.8767e-06 0.000551615 3.55778e-05 -1
-0.000330553 0.000630666 0.000286202 3.57376e-05 -1
0.000357586 0.00013751 0.000601263 3.63566e-05 -1
-0.000497938 -0.000525577 0.000132922 3.52329e-05 -1
-0.000747169 0.000352732 3.6764e-05 3.68608e-05 -1
-0.00170563 -0.000360206 5.87463e-05 3.8751e-05 -1
-0.00120703 6.90169e-05 0.000159108 3.64038e-05 -1
